Timestamp,Concentration,Error
1782334589.8581574,0.04757059163601673,0.005059905074541752
1782334650.2587357,0.048497653417724544,0.005154272194273728
1782334680.6644142,0.04739466308099337,0.005028797234087905
1782334741.2225714,0.04857984471036199,0.005172088259649534
1782334771.8456485,0.04711321420917966,0.005034309219334563
1782334832.617959,0.0474197831783304,0.0050544774396669
1782334893.3914304,0.04825064005327968,0.005144317835919119
1782334924.0580597,0.04733640788840092,0.005046386239876734
1782334984.7255027,0.04770548522667873,0.005081421069409521
1782335015.3198023,0.04728071955323422,0.005033135050051415
1782335075.9821086,0.04748759466402182,0.005056286731714204
1782335106.6242182,0.04678517213693747,0.0049832784168261255
1782335167.1727242,0.04734034531864128,0.005047863994511328
1782335197.552443,0.04730727615377759,0.005027623858043755
1782335257.9226348,0.04838960020769663,0.005162272298762496
1782335288.272133,0.04625557950860997,0.0049129760869741825
1782335349.1295345,0.04710878895836807,0.0050040009214929945
1782335380.4540253,0.047342703177103665,0.005045320437836819
1782335441.738878,0.04662103840807701,0.00495759896479005
1782335472.2878692,0.04837691871810638,0.005140631600971299
1782335533.019136,0.047308094217524674,0.005024772849429959
1782335593.5993223,0.04715513256852815,0.0050158433856493795
1782335624.26153,0.04841774125764067,0.0051796080507863895
1782335684.8886259,0.04646520511843545,0.004940397299554657
1782335715.5131743,0.04638151168059639,0.00495466620259615
1782335776.107942,0.048377136886817364,0.005157116149423156
1782335836.7062376,0.04714350089091533,0.005028293448469202
1782335867.3104854,0.04644107968221848,0.004957341218008338
1782335927.9285674,0.045914207869406455,0.004899955199429717
1782335988.514305,0.047361660530928495,0.005040599190041495
1782336019.1195073,0.04812241946644299,0.00511519559788681
1782336079.6883945,0.04783966311185502,0.005087321579621725
1782336110.243195,0.04645987779096527,0.004943200094506369
1782336170.8700821,0.046532815671332745,0.004940295771491618
1782336201.521695,0.04800177911346086,0.005124266690868167
1782336262.1348858,0.04636914142095274,0.004932965724231868
1782336292.7845812,0.04689642528776101,0.0050120814012898866
1782336353.350431,0.04677438335727071,0.004969347412381014
1782336413.9594302,0.047661921777111045,0.005083095960928514
1782336444.5288882,0.04724535436714315,0.005034483344127951
1782336505.122145,0.04756575160573254,0.005076071481550357
1782336535.744908,0.04686287123503649,0.004995636414131024
1782336596.3075478,0.04719737123426774,0.005021702813595071
1782336626.8859835,0.04797729371290242,0.005117753208294423
1782336687.4960608,0.04835267840578454,0.005141382374883175
1782336748.154499,0.047813866702391974,0.005100059203934724
1782336780.651069,0.04851622686565924,0.005136796299807003
1782336841.2460608,0.047079122327362756,0.005001911168641626
1782336871.911684,0.04723287213328347,0.0050181068698037755
1782336932.5304189,0.047346367687076306,0.0050278025328182804
1782336963.1267736,0.04904113341555049,0.005235578944584586
1782337023.8288784,0.046136523423967166,0.004912902984874103
1782337084.4385173,0.04773010269977965,0.005068395456176957
1782337115.0550027,0.04678754328985473,0.0049665708356512695
1782337175.6853828,0.047826620315089795,0.005061905876615178
1782337206.308935,0.04811116454676615,0.005119916838072698
1782337266.8834867,0.04708535018393446,0.005010544876084585
1782337327.5045278,0.04810741784691211,0.005147918645108163
1782337358.0957856,0.04630513383198241,0.0049220986653592735
1782337418.713349,0.049925626151268325,0.0053315513132206034
1782337449.3370917,0.04734114988607377,0.0050669946653675935
1782337509.943174,0.04730128949912989,0.005023286681333952
1782337540.5417423,0.04681621016137156,0.0049824670527687815
1782337601.164049,0.04666993207874246,0.004983742149345241
1782337661.7233207,0.04698584832801158,0.005001105585142771
1782337692.3152256,0.048493110878564116,0.0051703979698604794
1782337752.9146366,0.04789331141726645,0.005108302715283893
1782337783.5019248,0.04750314541268205,0.0050578290291962
1782337844.1236646,0.04823861193768201,0.005125116227278518
1782337904.6862345,0.046765365173717516,0.00496741241211282
1782337935.3418329,0.04763729759172558,0.005080852732867281
1782337995.9675431,0.047788477905435986,0.00510026785386422
1782338028.2127798,0.047470060444778604,0.005056573052022604
1782338088.9217956,0.047696838040404164,0.005086958100146751
1782338119.532295,0.04735613118257251,0.005043072009232194
1782338150.0982006,0.04730758089189597,0.005036910504022303
1782338180.6896565,0.046981932450282184,0.005013288957146312
1782338241.278272,0.048481198310020665,0.005162805983275782
1782338271.9439929,0.04666958233831199,0.004954143164900453
1782338332.5882125,0.046601145130374715,0.004939140731993354
1782338393.1875813,0.0465526287206624,0.004981928946847761
1782338423.8217614,0.04822908994285379,0.005132757764713573
1782338484.3934968,0.04779041568661165,0.005080791396403537
1782338515.0059676,0.04804014697159188,0.005128389862697529
1782338575.5666,0.04645442714601283,0.004939358752468855
1782338606.1791792,0.046543057225120484,0.004967393103304083
1782338666.8101864,0.0467113563005687,0.004944698250908344
1782338727.3748922,0.04686409537852908,0.00500255047095794
1782338758.0063455,0.04786303378163674,0.005111140437393118
1782338818.6439197,0.049195743159874336,0.00525131149494232
1782338849.285485,0.04761527879529201,0.005065689796980327
1782338910.0218582,0.045689292016542024,0.004864992383106225
1782338940.6554646,0.04703775260528376,0.005001261061810495
1782339001.3016913,0.048471996253485056,0.005142373648222883
1782339031.9467077,0.04804327361865308,0.0051101509220353395
1782339092.6501775,0.04741718255815926,0.005041353422243625
1782339153.3291626,0.049396096517345583,0.00526899910287898
1782339184.6101754,0.04709236666498445,0.004997980023154371
1782339246.3484514,0.04648383544267442,0.004964695592212475
1782339277.0174453,0.0470276141135399,0.005012497044934378
1782339337.6480982,0.048071693467414925,0.005110023988705405
1782339368.2295818,0.04688483643829343,0.004991144625378127
1782339428.8484447,0.048047603171479804,0.005119479688652791
1782339459.4195442,0.04877678487166058,0.00520059521173778
1782339520.0549202,0.04861771395788279,0.005186537717033082
1782339580.6290612,0.04671817991404562,0.00496068437646907
1782339611.2262454,0.04728599433130893,0.005022725615794318
1782339671.850204,0.04641032064588503,0.004937758186015756
1782339702.4897687,0.04643541917223556,0.004943319180527918
1782339763.0878975,0.046822171316810046,0.004977217972308877
1782339793.7336354,0.04658342830250087,0.004971139064156037
1782339854.349896,0.047673216817484314,0.005077701491526048
1782339885.037855,0.04748846243822389,0.00505720058115067
1782339945.6340725,0.04704377206416769,0.005005663381308871
1782339976.3162293,0.04609932588566925,0.004917508024749391
1782340037.0127628,0.04749658950244186,0.00506107154994501
1782340097.6002274,0.047003368200248814,0.0050178220607728745
1782340128.3062553,0.04765572597610486,0.005052780372322536
1782340188.9241078,0.04645611130534017,0.004945511075728919
1782340219.4686866,0.04749971325912379,0.005059436136142479
1782340280.0358691,0.04750705781496344,0.005048883281265838
1782340310.6381352,0.04695520633777372,0.004990328483855616
1782340371.2890635,0.04789393691516782,0.005104421024002968
1782340403.788843,0.0469259168666735,0.005005257741490865
1782340464.4547205,0.04763320697703363,0.005078119273201533
1782340495.1764576,0.04747761076177643,0.005085883805843978
1782340555.8367755,0.0463602785330695,0.004942490094963057
1782340586.4819014,0.04783060600372786,0.005093633473290113
1782340647.1954207,0.0476819134220244,0.0050669896152477235
1782340677.9504228,0.04712326635347784,0.005033779550855903
1782340738.6364002,0.047209716860927564,0.0050268937397454595
1782340769.3256695,0.04720892365769151,0.0050267080136264745
1782340829.9819622,0.04677517213331246,0.004984050567000462
1782340890.6328828,0.046186628192839745,0.0049120685259692945
1782340921.3005152,0.0473649122399782,0.005047898153857152
1782340981.9483461,0.047589211559531504,0.005065066220283034
1782341012.7385242,0.04707403784354731,0.004988152054146945
1782341073.3945081,0.04705437049874511,0.005001907772541633
1782341103.9216611,0.047956181196016766,0.005094837798530781
1782341164.577859,0.04699789742385227,0.005023491744617097
1782341225.229043,0.04635041280737681,0.004935520441368747
1782341255.9447496,0.04645908554932783,0.004939451527472081
1782341316.6007562,0.048391066811126225,0.005162403049771442
1782341347.235007,0.04758338864743509,0.005061148668035887
1782341407.8836212,0.046262525601952154,0.0049192431684817696
1782341438.5738688,0.047104991270533025,0.00501254399965385
1782341499.2311802,0.046512141432331955,0.004948762776096625
1782341560.6675844,0.047597756940516094,0.005063093034425688
1782341591.9524488,0.047754073873247455,0.005080356067523346
1782341652.6061537,0.04737944303498481,0.005065661581490774
1782341683.2771459,0.04789568706062615,0.005138747434207316
1782341743.9205813,0.048532012513333944,0.005111353001617843
1782341774.5578842,0.047819642009804715,0.005084045978242359
1782341835.1771154,0.048538634927585825,0.005166387676097039
1782341895.8130295,0.04816744347772708,0.005135880394178743
1782341926.4736333,0.04900098538692499,0.005220430063824539
1782341987.129358,0.047305833891535004,0.005042067008770518
1782342047.7247283,0.04674452459492948,0.004975234483573925
1782342078.3218002,0.046746332216871966,0.004978678027963358
1782342108.9322307,0.0468385724129781,0.004982584798026132
1782342139.5317707,0.046888535766351304,0.004987792356677585
1782342170.212053,0.0469251112030808,0.004967468901891758
1782342230.8218815,0.04771510988451022,0.005081125967423033
1782342261.4956393,0.047306668666789446,0.00505682009858468
1782342322.142425,0.04707745116710641,0.005013873482726439
1782342352.7695222,0.04644117923190604,0.004931120235020768
1782342383.4123921,0.04642154955590584,0.0049298831277860685
1782342414.074316,0.04736674198720465,0.005062774047551709
1782342474.7578316,0.04791108073661416,0.00513578251491108
1782342505.4001806,0.04795266811651221,0.00508489285309522
1782342566.0501778,0.04701570822112572,0.005007927223175704
1782342596.6952543,0.0464651060841619,0.004928673493704768
1782342657.67263,0.04571238243215344,0.004902458913533348
1782342689.5901072,0.04549799811560634,0.0048573797383530916
1782342750.2361486,0.04784512307221619,0.005077414947256884
1782342780.9353268,0.04680060222137952,0.004986340865169356
1782342841.559409,0.04806469964474331,0.005120883883151862
1782342902.156383,0.04812854655969737,0.005114790476376364
1782342932.768497,0.04787843280196282,0.005102304572013548
1782342993.3129828,0.046845049575921456,0.0050110209981794
1782343023.826333,0.04645205260910999,0.004935935920017233
1782343084.4504945,0.04616666734427301,0.004926955420368056
1782343115.061201,0.04573492200756258,0.004860079222755281
1782343175.7051468,0.04655333774234625,0.004961750613754168
1782343206.4089222,0.04782831162899857,0.005111176627828555
1782343267.0931396,0.04880219266297772,0.005197446274085083
1782343297.7299967,0.04751190020199792,0.005041748396734061
1782343358.3559856,0.047572238357620374,0.005074477376238052
1782343389.0214999,0.04682276278743677,0.0049832141231390525
1782343449.7121193,0.048187691505102104,0.005120121751251547
1782343480.3636827,0.0456379521288415,0.004869807720368712
1782343511.0164642,0.045594848504667794,0.004863678844490471
1782343541.6704826,0.047925455102962325,0.005103620032315887
1782343572.3089151,0.045987978590368586,0.0049019531571993045
1782343632.9095402,0.04715347175997329,0.005025038454696789
1782343693.534228,0.04771330716648154,0.005088176945999103
1782343724.1985366,0.04699308292158827,0.005015331937991155
1782343785.0032053,0.047706279117703414,0.005074112525089287
1782343815.6946876,0.046459156102240606,0.004925771268132415
1782343876.6848023,0.04715357981764533,0.0050400863742243
1782343937.579391,0.04751032462366615,0.005091854604378772
1782343968.2401664,0.04659513927306216,0.004976210571570252
1782344028.8478534,0.04670641625225084,0.004970145971248489
1782344059.5209017,0.047316485049304094,0.005059059581414539
1782344120.1363773,0.046696260894113176,0.00497713416349598
1782344150.7620103,0.04770167128175921,0.0050839292255216145
1782344211.3499858,0.047674718556166694,0.0050565355465406435
1782344242.0610025,0.04720849778428371,0.005016275587807427
1782344302.725047,0.04670575278738244,0.0049834228947508215
1782344333.3409636,0.04717759395817847,0.005026091667036954
1782344394.0564177,0.0477217382250254,0.00507650703215508
1782344454.6660242,0.046347165713448144,0.004937784325357256
1782344485.3585434,0.046367080606878025,0.004954012865038904
1782344546.0090337,0.0472412357799263,0.0050208694872413
1782344576.7511778,0.04745145149919513,0.00503276457117025
1782344637.4134748,0.04715133554867173,0.005033311101724715
1782344698.0404222,0.04735348783462942,0.0050474903691205735
1782344728.6368814,0.04974194113628908,0.005311165733901761
1782344759.3150022,0.04712154898817672,0.005033894623769636
1782344819.899028,0.0497401488985243,0.005301894713710803
1782344880.5073845,0.047876675881720634,0.005098966409391742
1782344911.2185812,0.04915730333172044,0.005223328245994502
1782344971.866474,0.046541862167922124,0.004957528505115363
1782345002.5711982,0.047634399687470116,0.005066560972187041
1782345064.1368136,0.0479490196594215,0.005106395577291252
1782345124.9393764,0.045360064352532994,0.004839176042446461
1782345155.6552405,0.049618485501006115,0.005284946781744568
1782345216.3329592,0.04636170454223578,0.004938713548615546
1782345246.9998176,0.04624021315965519,0.004921490278092277
1782345307.650676,0.0468998947291447,0.004999300624627495
1782345338.3489897,0.04853046590257333,0.005160686353262063
1782345398.9909604,0.047045798008220265,0.005030618864457931
1782345429.6649852,0.04717409197774813,0.005012229314167387
1782345490.411453,0.046212254288962175,0.004930006783748525
1782345521.0668387,0.04727861262616255,0.005039311430890829
1782345551.7981706,0.04743792726394438,0.005056930084916823
1782345582.4507165,0.04777791113551268,0.005096545193381102
1782345643.1088965,0.04768628288504233,0.00506602214130107
1782345673.8157036,0.047951323791460734,0.005101897129330217
1782345734.4030697,0.046343052890384075,0.004951707903673659
1782345765.0590546,0.04736205642330134,0.005061939209263337
1782345825.6776068,0.04762584279384695,0.00508172005618269
1782345886.3349857,0.0489337389539323,0.005216253114869857
1782345916.9929535,0.04725188276129186,0.005027211130877962
1782345977.651572,0.04809360130079732,0.005131539421257318
1782346008.258444,0.04708650952306218,0.005016972283251443
1782346068.9225924,0.04778634268784051,0.005081918409420362
1782346129.539961,0.04720987649788984,0.005031964665091612
1782346160.2402875,0.047020349015952305,0.00501516318412548
1782346220.8552413,0.047723713848623395,0.005082279559738566
1782346252.6264856,0.047852894104482624,0.005072354833865763
1782346313.3242426,0.04871883023382784,0.00518537666929663
1782346343.9978724,0.04757350377672843,0.0050961301303471184
1782346404.638263,0.04756236260317272,0.005064044330967572
1782346465.3200939,0.04698666970958912,0.0050168974591012685
1782346495.9797843,0.009805719301882593,0.015318969856162561
1782346556.6020708,0.048253538597971435,0.005139882898474657
1782346617.1992557,0.04718270088387028,0.005015241377407199
1782346647.8475533,0.04834087329514904,0.005126327706048796
1782346708.4781826,0.04704865400243732,0.005011990525582885
1782346739.1255312,0.0472324915497956,0.005014539555726237
1782346799.7201884,0.04812315154100663,0.00512852511109757
1782346830.3799112,0.04726906186613511,0.0050500241106489815
1782346890.963962,0.04896839598718597,0.005246037050304256
1782346951.5308297,0.04645344844774512,0.0049451033324386905
1782346982.1912842,0.047420168363423956,0.00507389007927652
1782347042.7955298,0.047678722193876165,0.005072819078250379
1782347073.4707286,0.04678343879635759,0.004975844605721628
1782347134.1692047,0.04685283769898144,0.0049772128649548586
1782347164.9097319,0.04788403157449511,0.005081258168925509
1782347225.6355178,0.047461524001741515,0.005056524840084527
1782347286.253053,0.04712322060741889,0.005014203772263313
1782347316.8873203,0.04967443372069487,0.005291909822894767
1782347377.533063,0.04696392504091882,0.004997966732061667
1782347408.2409866,0.04634808932917346,0.0049341688822604765
1782347468.8329437,0.04594739002533465,0.004889710812435789
1782347499.893522,0.04576767899590466,0.004867769165146506
1782347561.0100236,0.048043803296032896,0.00511110359575268
1782347621.6183972,0.0454970247205602,0.004832254269200316
1782347652.354888,0.04755401625557934,0.005057674890081516
1782347712.9688506,0.04774325164393063,0.005108763549983908
1782347743.6408033,0.046053934680467555,0.0049102556967733834
1782347804.3125367,0.04889196323968997,0.005204979735788533
1782347834.9868805,0.04731601003951528,0.0050398708843278645
1782347895.6366687,0.04635855433509398,0.004928838520891838
1782347926.2298367,0.04613195686015401,0.0049181670121303065
1782347986.918602,0.04668751504758158,0.004975483951690765
1782348047.5256822,0.04748230386215097,0.0050594500432408285
1782348078.1351705,0.04657030382855846,0.004932428675424642
1782348138.7723827,0.04650003406959655,0.004949495118507521
1782348169.423748,0.046908325547235466,0.004980663167156413
1782348230.0587735,0.04862214391571097,0.0051741143922290275
1782348260.7408822,0.04651315280600703,0.004959270638806909
1782348321.367009,0.048122045645704034,0.005118935917385262
1782348381.9661999,0.04821933805120185,0.0051313644067923995
1782348412.6176317,0.048167586812752884,0.005128667554036291
1782348473.2647552,0.04709019407469958,0.005017710904641989
1782348503.869504,0.047479885782209026,0.005050672870821921
1782348564.518454,0.04683821319078955,0.004982241245191706
1782348595.276164,0.04804941546558318,0.005123503175809056
1782348655.923661,0.04746906059443877,0.005045108673395925
1782348686.6172798,0.0476103639335789,0.005058684150723716
1782348749.2863865,0.046631426002385915,0.004966437568665804
1782348809.88635,0.046918921855514356,0.005002513344961304
1782348840.5913715,0.04632355218198977,0.004931481485474143
1782348901.2360532,0.046617151874621454,0.0049657634874574405
1782348931.9758651,0.04567436753952676,0.004875045218464157
1782348992.6716654,0.04738713162226092,0.005038599040137189
1782349053.4413517,0.047917648343152236,0.005085893885352788
1782349084.0934775,0.046510069144666634,0.004936111157092499
1782349144.7923455,0.04698692775182837,0.00501850772197981
1782349175.4422092,0.047296381652083296,0.0050518545317291726
1782349236.0828128,0.0474606372869949,0.005062937017961013
1782349266.7176595,0.047270968899988684,0.005008298309092719
1782349327.3149245,0.04729590358343101,0.005078175936326311
1782349357.980792,0.047647083697355576,0.00507665455808118
1782349418.6667125,0.047651132844328425,0.005063873377940359
1782349479.2896693,0.04748256839200918,0.005051534485613075
1782349509.9146702,0.04656028107230102,0.00496053339201898
1782349570.6191776,0.047612944629974625,0.005053871016650891
1782349601.2899625,0.04918526327313788,0.005250741637497858
1782349661.911905,0.04706936791765209,0.005000195716411728
1782349692.5697227,0.047134823434833995,0.005014410067146232
1782349753.169322,0.04761554442131725,0.00506527581473443
1782349813.8273082,0.047198979501811185,0.005011997100099657
1782349844.4609773,0.04738757246457742,0.005035524650599062
1782349905.7379775,0.04640923825685573,0.0049160352889388356
1782349936.4378922,0.0460260277331386,0.004907853409333563
1782349997.0905406,0.047288750651209834,0.005062685569659599
1782350027.7653198,0.046195846582089306,0.004929708204786389
1782350088.4366634,0.04619534624386673,0.0049063147632216
1782350149.0459833,0.04736567801871585,0.005040610261532136
1782350179.657955,0.049122627201403424,0.005225828479158646
1782350240.245858,0.046291188585463265,0.004922232892842729
1782350270.7846487,0.04671610467467192,0.004977178884718208
1782350301.337409,0.04669916678147547,0.00497507268619707
1782350332.080203,0.046151008017483564,0.004905092108511235
1782350392.7308166,0.046170739872279654,0.004915913796507296
1782350423.4300134,0.04851123001255815,0.005168309956954361
1782350484.093793,0.04786503476801849,0.005083882917424153
1782350514.7614522,0.0468554950321959,0.004967592443418923
1782350575.4175491,0.04656291251189239,0.004963692691319358
1782350606.1120012,0.04581847467220094,0.004869435976897033
1782350666.7556791,0.047960356710205,0.005107466126417564
1782350697.3767486,0.04689572527621771,0.004995178598958521
1782350727.9655755,0.04689020532793224,0.004991811012159341
1782350758.5913746,0.04895046677723706,0.005205024256736097
1782350819.1946292,0.04745635189053635,0.005030357903302249
1782350849.8071048,0.04557907839787584,0.004836465510273195
1782350910.4624484,0.04745371360495584,0.0050413995572540565
1782350971.080562,0.0465839170688718,0.004966293548863227
1782351001.7385087,0.046288912637276844,0.0049127735998801296
1782351062.3889086,0.04723034820844162,0.005028629066770076
1782351094.9460127,0.04652584257087634,0.0049846842012271535
1782351155.6579397,0.046434318382907985,0.004958496223715131
1782351186.3729532,0.04593457138364858,0.004892389853789803
1782351247.022208,0.04664935388439821,0.0049695064436692015
1782351277.7110434,0.04560075801466415,0.004843027391933909
1782351338.3583171,0.047594899357681596,0.005057166962454267
1782351398.9901004,0.048582833879390525,0.005190438530058181
1782351429.615199,0.048271958318526736,0.00514205914618336
1782351490.2487795,0.04757366403786551,0.005075582806021717
1782351520.9792445,0.04820974780991401,0.005123380672197988
1782351581.6301632,0.04547844225254685,0.004833437653262214
1782351642.2781594,0.046966115362935344,0.0049879999181093836
1782351672.984662,0.04665573030314187,0.0049629650885987635
1782351733.6505945,0.04820741544028981,0.005134639829757746
1782351764.2762816,0.04669972130106617,0.004954428841733879
1782351824.8980248,0.04674232370219113,0.004966401011816866
1782351885.5336435,0.04795610103300762,0.005091551510700022
1782351916.2241268,0.04890930042645331,0.0052245447427492105
1782351976.860045,0.047510186092473976,0.005045501712805992
1782352007.4965434,0.04665461967150313,0.004971351662462582
1782352068.112576,0.04700207429806259,0.005006655314856015
1782352128.6991794,0.04547406498973595,0.004855196091149316
1782352159.3078358,0.046174928046938624,0.00491823870491806
1782352219.9902546,0.04864412293190561,0.005186697117010008
1782352252.7870147,0.04611540921273803,0.0049124013654649025
1782352313.4563177,0.04627729383855909,0.004935249541162323
1782352344.1908648,0.0465497450766389,0.004939173518613351
1782352404.8235638,0.04767855230113882,0.005085490884409914
1782352435.4261568,0.047377287095183934,0.005043764794977436
1782352496.0650802,0.04742500899207596,0.005062182279321416
1782352526.7793934,0.04790349166952205,0.0051050271525316365
1782352587.403887,0.04570905888941592,0.004873552065810983
1782352618.1130502,0.04720600050535999,0.005033766568674089
1782352678.7574253,0.046286310565322945,0.004897796966013179
1782352739.4278073,0.04610358563342801,0.0048827146209245
1782352770.0728517,0.047309724385172745,0.005038098359681387
1782352830.6654527,0.04736375754359063,0.005049297494536591
1782352861.274823,0.04613842303977797,0.004891404206008839
1782352921.8413482,0.047712436576719586,0.005077344397894786
1782352952.459591,0.04776326652773419,0.005072897032963647
1782353013.055566,0.046957451833749865,0.00497994916347952
1782353043.665095,0.04694353567750878,0.005002816684713633
1782353104.2755592,0.046595070483702664,0.004964397106121812
1782353134.9330564,0.04673048706559148,0.004993955672990069
1782353195.5844939,0.047567780144238306,0.005065322051609918
1782353256.2316637,0.0464941488758722,0.004954235319044743
1782353286.875828,0.0469727259967347,0.004985833562320454
1782353347.5054424,0.04662143910643883,0.004938861352869561
1782353378.16057,0.047662575409262005,0.005077618611005714
1782353439.3941479,0.04803626579618921,0.005126121708001451
1782353470.9122715,0.04704658744266701,0.005006365417555279
1782353531.564318,0.04715514711117385,0.005031670175864412
1782353562.2286272,0.047847397583826515,0.005093830753808973
1782353622.9022028,0.047179433681643006,0.005022346680791376
1782353653.542067,0.04608430207131042,0.004880398003787427
1782353684.159943,0.045988514251362377,0.004870025312275522
1782353714.769242,0.04826883762958973,0.005128423894227441
1782353775.3621242,0.04727130207777318,0.005018957257536257
1782353805.9503565,0.0465041526602292,0.004961533998091083
1782353866.5371914,0.04699652346914776,0.004995929292410291
1782353897.1882484,0.04704300882272739,0.004971226044423408
1782353957.784548,0.047236139090369396,0.005037404197392395
1782354018.4645617,0.04837760557369635,0.005150204811250245
1782354049.1385388,0.04623987086923931,0.004927139913468373
1782354109.7685623,0.04734063870379148,0.005044991728803536
1782354140.4857502,0.047576325449935744,0.005066318839025659
1782354201.1291223,0.04838773489880461,0.0051499020983110195
1782354231.8210473,0.0470764928671518,0.0049910803822121675
1782354292.460002,0.047051596543268764,0.005014275204475817
1782354323.146671,0.047333589382161916,0.005054901885821264
1782354383.837663,0.048214805348073174,0.005118978957394093
1782354444.485829,0.04763219993007211,0.005085549417616528
1782354475.0911415,0.047450358155522405,0.005034426449651772
1782354535.695522,0.04670224580553961,0.004962036883023495
1782354566.3766491,0.04627564831583991,0.004911967991487539
1782354627.7550623,0.04677739558838138,0.004954734859765395
1782354659.0236487,0.04911487770767121,0.005236559325399002
1782354719.6292782,0.04749590177234304,0.005063112138946053
1782354750.2976093,0.048162101379750515,0.005129653287790887
1782354810.9520526,0.0454459025532414,0.004836754717948797
1782354871.5807722,0.046922245925020895,0.004979590091181351
1782354902.2276087,0.0485021374095388,0.005158787179749436
1782354962.8533888,0.04730861135008722,0.005044726085835971
1782354993.5390859,0.04733158181726533,0.0050403522384971575
1782355054.1964235,0.04722142239528802,0.005038548356248588
1782355084.8098874,0.04744558158168684,0.005043668941244536
1782355145.5072663,0.047466794789107127,0.005048415820739316
1782355206.1893504,0.04706612656498341,0.005005192206995167
1782355236.9225361,0.046417591356760886,0.004933791884974283
1782355297.5936906,0.048556208195405993,0.005163711089834629
1782355328.2896483,0.047265785108119344,0.005020012985723313
1782355388.9175758,0.047090428016984286,0.005017465749414563
1782355449.5476878,0.04668231310106262,0.0049748010434421406
1782355480.1794996,0.046873601228667953,0.004991877808729126
1782355540.7883515,0.047355965803204926,0.005047658710195357
1782355571.382165,0.046026218314975324,0.004893831729942873
1782355631.9669526,0.046455653178903,0.004948721610193493
1782355662.6322143,0.0460710936719828,0.0048877826655873025
1782355723.2494187,0.04651517463220326,0.0049348414637672275
1782355753.904715,0.04804724507727245,0.00509892195382363
1782355814.5891206,0.047394602884008694,0.0050487067908470745
1782355845.2540677,0.0477857748745164,0.005064359331811306
1782355906.471282,0.047350956535304356,0.005045256694681095
1782355937.2081878,0.04700260656387685,0.005019222974849773
1782355997.8158493,0.04666868907922879,0.0049700874014248185
1782356058.4043934,0.04794682422006197,0.005094276685039401
1782356089.071996,0.048080193677929865,0.00512944263567257
1782356149.7312717,0.04697985643926777,0.005005861894374641
1782356180.3245585,0.04715249580402404,0.0050125496302796295
1782356240.9705205,0.044704792501796785,0.004757747405607224
1782356271.6367483,0.047656310083274006,0.005073679771098511
1782356332.2598116,0.04592769410096505,0.0048910277093794354
1782356362.9188347,0.047341091145760954,0.005055800832559229
1782356423.5863807,0.04838415780273399,0.005129041870614814
1782356484.212008,0.04691353556272959,0.004978980441157545
1782356514.8358078,0.0470882433852695,0.005028737388475052
1782356575.45624,0.04662938071044376,0.00494546977621815
1782356606.1380434,0.04753957037643822,0.005044013970936987
1782356666.8425627,0.046981520231374016,0.005000499406894089
1782356727.4606917,0.046888114845517664,0.005007335038597584
1782356758.083928,0.0473867650075062,0.005066997480081957
1782356818.6918006,0.04726050822908366,0.005019497371859025
1782356849.3203292,0.04726818908347224,0.005038022561437036
1782356909.93589,0.04615476564151645,0.0049038390579006245
1782356940.6561716,0.04689908794767324,0.004974359883388544
1782357001.3708966,0.04914032368646434,0.005236401408351971
1782357032.0476654,0.0479153992797988,0.005098095675780088
1782357092.701087,0.04635824217347373,0.004940114262626497
1782357123.394762,0.048149424025432354,0.005120959262460283
1782357154.1753263,0.048053355316537545,0.005111104831610158
1782357185.2671885,0.04704184121129764,0.004993880055031381
1782357216.1197624,0.047397072933170824,0.005041508975431348
1782357246.7766688,0.04737058826298358,0.005037663551802888
1782357277.488397,0.047600275910508485,0.005059747603191813
1782357338.166851,0.04774368210835189,0.00506246536815665
1782357368.7245195,0.04802485693267676,0.005104531709594068
1782357429.3671215,0.04787210440985645,0.0050713711402953455
1782357460.0662065,0.046478288364271786,0.00494450781705263
1782357520.6984212,0.04817597089480408,0.00516825808941154
1782357581.358603,0.04710567700450041,0.005024455901300091
1782357611.9711406,0.04696886002590777,0.005001961438189707
1782357672.621493,0.047200577957943184,0.005029819860943382
1782357703.245166,0.04670377375073482,0.004975158530049114
1782357763.8834033,0.046897412478895874,0.004975587372187831
1782357794.5965767,0.04707846632162665,0.005035822701504535
1782357855.3087976,0.04806260842652641,0.005123054750466891
1782357915.9300175,0.04922063379445136,0.005248969742563345
1782357946.583741,0.04838732536124686,0.005156486854817487
1782358007.2032802,0.04653293243410135,0.004940463691007901
1782358037.8862207,0.048551810462264595,0.005148272162076498
1782358098.5425384,0.048205819006779935,0.005143429578131308
1782358129.2566543,0.04612818865619966,0.004899146711414636
1782358189.8378344,0.0480281911742851,0.005122648062725235
1782358250.4977605,0.04742551657317167,0.005055808989648497
1782358281.076353,0.04673008909203922,0.004964499584736066
1782358341.7515025,0.04804978280235928,0.005119861087566089
1782358374.219821,0.047448440818198157,0.0050613508209030895
1782358404.8847828,0.04739960038470454,0.005035003967706398
1782358465.5374396,0.04705943395401602,0.005002545108499877
1782358526.160145,0.04741057771873692,0.005045951422217531
1782358556.8584309,0.049193198758574225,0.005245042349461191
1782358617.535571,0.04722968976569696,0.005027066757467431
1782358648.2049742,0.046867175967032555,0.005006804859297608
1782358708.8313932,0.04702445475585118,0.005004873235131834
1782358739.4510438,0.046881147163649814,0.0049759827737738994
1782358770.0800505,0.04690701456368463,0.004979426694832602
1782358800.7776186,0.045923857541175714,0.004886105800080968
1782358861.4081001,0.04743059218122654,0.005080831536055122
1782358892.0433068,0.04714182274946704,0.005026062652696737
1782358952.7144911,0.04886008531790177,0.005205335628734992
1782358983.3996835,0.046996143595612286,0.0050117880651334955
1782359043.9398098,0.04796621380297602,0.005116938664623038
1782359074.620442,0.04897277454245481,0.005234868726474671
1782359135.2702312,0.048385740022454105,0.005153965857288128
1782359165.8851995,0.04738798855143217,0.005031958801088487
1782359226.4999232,0.048570789936636195,0.0051595618990408635
1782359257.0757053,0.046869541510650065,0.004985046708977782
1782359317.6734107,0.047793674474385685,0.005098379256297531
1782359378.3422616,0.04704827940459364,0.005003619385464336
1782359408.9852815,0.04714450477506429,0.0050412176726078745
1782359469.6381664,0.04751192562236608,0.005044038291060715
1782359502.3156445,0.04774122380175613,0.005065241846514357
1782359562.9600182,0.04633795808762781,0.004907514347432976
1782359593.6796598,0.04777216754999352,0.0050987676745752
1782359654.3200781,0.04751451298426968,0.005064759018164382
1782359684.964961,0.047371677916139825,0.005033079486970825
1782359745.6036577,0.04666370137894664,0.004968100646423634
1782359806.264852,0.047553605327222886,0.005086126059218529
1782359836.976531,0.0471471615539001,0.0050138231703092066
1782359897.6564791,0.04830485237266366,0.005160062956560049
1782359958.3161554,0.04688756620435971,0.005003733166325292
1782359988.9469235,0.047121073220890326,0.005015340994633294
1782360049.57614,0.04649058603993694,0.004946456401083935
1782360080.2444632,0.046256896454333826,0.004924076145943141
1782360140.85096,0.04806310804630101,0.005118313899546435
1782360201.5124168,0.04687567671917727,0.005001986435241694
1782360232.1432896,0.04692258457828258,0.004985835900366785
1782360292.7794409,0.047323097291338795,0.005041413501072157
1782360323.490531,0.049207573046538146,0.005254341458879971
1782360384.20931,0.046778564581996834,0.004967997134260578
1782360414.9133518,0.047097478130148494,0.0050081332689563855
1782360475.6086726,0.04930096889778377,0.005253107881882161
1782360506.2316828,0.04764232235611387,0.0050663206246835514
1782360566.9301631,0.04616843812579822,0.004918135888889725
1782360627.580859,0.047227519380836774,0.005040094729010717
1782360660.1792433,0.04698957768491161,0.004988979154858438
1782360720.8427038,0.047391052202908755,0.005031629713897731
1782360751.578852,0.04952133272592121,0.0052831049832052735
1782360812.2274263,0.047163352951593525,0.005021376748021847
1782360842.961382,0.04785934640281118,0.005084291766170408
1782360903.6281512,0.04592999619973035,0.004888971609505405
1782360934.253142,0.04646563525957464,0.004936801565686629
1782360994.8330865,0.0466771356725684,0.004966272884684352
1782361025.4642234,0.046297800102451644,0.004910614873116627
1782361056.053942,0.04634410493071916,0.004917914162130648
1782361086.6372917,0.046885221737106096,0.004999637937969542
1782361147.2250369,0.04756683893713834,0.005060038083087983
1782361177.8816814,0.048327170200293514,0.005128585455981355
1782361238.4715958,0.04623040485590876,0.004903291091720835
1782361269.140911,0.04653922483251954,0.0049440526103954035
1782361329.738904,0.046255657081747364,0.004929086364333385
1782361360.4230852,0.047218543355700256,0.00502568497143059
1782361421.1123466,0.047061209395131406,0.0050041244584552455
1782361451.7702026,0.04719430694054927,0.005016236521063194
1782361512.3994794,0.04718391883467456,0.005035839879239477
1782361573.118154,0.0472262854096335,0.005052434647784016
1782361603.795043,0.04702196225467707,0.005006427383062045
1782361664.5686805,0.04825757256294222,0.005129056171794983
1782361695.22931,0.04834772882334577,0.005152100853263193
1782361755.8623989,0.04813560020591017,0.005124113037770168
1782361788.6073062,0.009823446441886456,0.015312432113768936
1782361849.271396,0.04757447771482617,0.0050732339137988
1782361879.918873,0.04679303706194323,0.004980849981276858
1782361940.541215,0.04624655580126581,0.004924970824060265
1782361971.150685,0.04748421172236689,0.005066427838162791
1782362031.7546747,0.046464938224000614,0.004942335119771189
1782362062.476188,0.04657705825858063,0.004974269548112657
1782362123.1045518,0.04844009520657996,0.005179911728694102
1782362183.725114,0.048112552839834774,0.005115580167211592
1782362214.334868,0.046851952017749304,0.004963008762084058
1782362274.9823828,0.04667726500844907,0.004987114461940882
1782362305.5988107,0.047141859723298804,0.005019410976979638
1782362366.2849326,0.04755251228221809,0.005067781306533371
1782362396.9301527,0.04856172414582395,0.005145426047174409
1782362427.6226804,0.04861000446559057,0.005147825195600094
1782362458.2409203,0.04616143356831458,0.004920723786714528
1782362518.8761473,0.04775381363582975,0.005089097239516814
1782362549.5274258,0.046837266614421565,0.00499026071701374
1782362610.143622,0.047747892810551494,0.005046476343827144
1782362640.7849371,0.04714045229937544,0.005016724955337482
1782362701.4184253,0.04697193589993975,0.0049801465331533136
1782362732.1119242,0.04807035212397724,0.005125332257009371
1782362792.727188,0.046660379688916606,0.004974683346063563
1782362823.3517225,0.04769491976350841,0.005079470122948425
1782362854.0053277,0.04760314459867414,0.005068480280943557
1782362886.5383675,0.04769419951175904,0.005092606800612555
1782362947.2865705,0.04810163105291741,0.005114776119455396
1782362977.9949317,0.0493556799899612,0.005265559326765146
1782363038.6902423,0.04738388369791833,0.0050884466052563285
1782363069.339642,0.04812286932994852,0.005137768683943324
1782363130.0414612,0.046783623438572265,0.004995945308722867
1782363160.6731212,0.04640897869715455,0.004929088290915406
1782363221.3105583,0.04771328095523413,0.005064815061687999
1782363281.9335105,0.04694122935387726,0.0049878172436500536
1782363312.5895574,0.048617702987324374,0.005196234309254668
1782363373.1997416,0.04829837966714097,0.005161011395396217
1782363403.86446,0.04773541096534967,0.005090042285959985
1782363464.5080526,0.047644196767153764,0.0050778682173211005
1782363495.1721504,0.04715410439351004,0.005043154132605005
1782363525.8371592,0.04639875945945632,0.004970701832838421
1782363556.442991,0.04634273916401045,0.0049568404295544845
1782363617.1121163,0.047193160698432095,0.0050302531771757725
1782363647.7508461,0.046092018132829024,0.004912811566081808
1782363708.377569,0.04702605563627308,0.005020118560300189
1782363739.0363085,0.049734123534756966,0.005331190069261337
1782363799.676996,0.04685531893243976,0.00501410027717652
1782363830.3766968,0.04615946574434835,0.004942480142037587
1782363891.0243645,0.04623084021373088,0.004931756924974146
1782363921.6588943,0.04695573406816502,0.004987994214680808
1782363952.3192194,0.04702133544140377,0.00499555841977515
1782363984.8331661,0.04727824003822887,0.005030306830323819
1782364045.4729092,0.04757571982302556,0.005065373698819876
1782364076.1805553,0.04695784705616593,0.00499774980294975
1782364136.8116663,0.04739079406429642,0.005059688771615521
1782364167.4896972,0.04620275386941673,0.004910214011329328
1782364228.1171284,0.046840473916419656,0.0049841823758152645
1782364258.7988317,0.04831778618693434,0.00515478014128093
1782364319.451081,0.04729637416998137,0.005031345914211434
1782364350.1698542,0.047844966823954144,0.005101806571061219
1782364410.8662,0.04691841800188288,0.004999352728707929
1782364441.5842662,0.048178705094014174,0.005125780165237644
1782364502.2256324,0.04627765866411009,0.004922386090901731
1782364562.8933764,0.04831958412709107,0.005141813512400605
1782364593.5874822,0.045400247198500436,0.004844083251191325
1782364654.1689966,0.04663746662755293,0.00495195224227375
1782364684.8227563,0.047383103837930055,0.005057443986534446
1782364745.459385,0.04726305895594131,0.005031622064995932
1782364776.0927477,0.045329647468961225,0.0048328609293127826
1782364806.7708561,0.045834061631552424,0.004884206620272469
1782364837.4153442,0.046259786674838085,0.0049351575630548535
1782364898.038368,0.04596099175069868,0.004869737120122277
1782364928.659014,0.04576099294575393,0.004882708571814453
1782364989.3398356,0.04784079248032293,0.005099358415842227
1782365020.0830793,0.047060698323776275,0.0049998897561970785
1782365080.750126,0.0473051848039946,0.005054448757743552
1782365112.3366773,0.0470492078691475,0.004996963044551523
1782365173.1338873,0.04699793521623468,0.0050144050459808125
1782365203.7960873,0.0474682787097505,0.005030666326910108
1782365264.4357412,0.04692636527191266,0.0049817321701477926
1782365325.1294835,0.0485010420935001,0.005153729229789313
1782365355.8034582,0.04667379384094487,0.004948636768710299
1782365416.4557037,0.046336561770154376,0.00493033999860113
1782365447.0936575,0.04619859988038803,0.0049135442603738385
1782365507.6824448,0.04755532273281126,0.005054800357083887
1782365538.3209908,0.04584106696555393,0.004888729006155719
1782365598.9180217,0.046751316184388304,0.004984566341012724
1782365659.512974,0.04783855564748972,0.0050786253969204
1782365690.1435952,0.04779812096599954,0.005084606342301583
1782365750.8008494,0.0466224971920774,0.004964328790883508
1782365781.4332237,0.047938724714526156,0.005102191341347747
1782365842.1028593,0.04642406642316192,0.004960621519493524
1782365872.724466,0.04602197314835112,0.004901776014995533
1782365933.3678887,0.04810978612266341,0.005139342913350473
1782365993.9936655,0.046360184679118635,0.004951944478907759
1782366024.621922,0.04728479887481059,0.005018411124698979
1782366085.2495334,0.046836655135795,0.005007151328260218
1782366115.938415,0.04717946274990059,0.005038968603387313
1782366176.535748,0.0481355460393034,0.005153571174190337
1782366207.195112,0.04593580162911279,0.00489069664373273
1782366267.8342853,0.04815994203182738,0.00513157894072553
1782366298.549228,0.04914770224878479,0.005220021379296428
1782366359.2945359,0.048084538594383844,0.005111217071699471
1782366391.3304667,0.04694834380813355,0.004989857199368601
1782366452.003715,0.046310427259179845,0.004934537570835552
1782366482.6767585,0.046196126212086866,0.004919066429558219
1782366513.3559966,0.04620981362473559,0.004922147110640484
1782366543.964149,0.04619645205453838,0.004926955953704724
1782366604.672155,0.047184125835251264,0.005038134990276707
1782366635.2799869,0.04537972417669292,0.004834240023189964
1782366695.8926327,0.04661907723907869,0.004955706518699451
1782366726.6202374,0.04694887363782802,0.005007699105010238
1782366787.2927854,0.045626962958721304,0.004875764863601855
1782366817.9594107,0.04823546498559017,0.005112694641424631
1782366878.5856931,0.047068738193929115,0.005035097500221165
1782366909.250212,0.046167414334588444,0.004937301501435148
1782366969.9562464,0.04538288678791469,0.004827732796727962
1782367030.608682,0.04675848474890545,0.0049505746002485775
1782367061.24283,0.04726095895126001,0.005020350342979146
1782367121.873871,0.04772447680057873,0.005111231121631329
1782367152.457894,0.047610759499802736,0.0050632681756641925
1782367213.0394106,0.047494839714231955,0.005077361746171394
1782367243.6987982,0.04770655665831921,0.005081032485300302
1782367304.2834134,0.04754826108997035,0.005074809980532809
1782367334.8757405,0.04817479061481414,0.0051187471593321775
1782367395.5313392,0.04636311965114169,0.004918749271961849
1782367426.150896,0.04672131573686579,0.004973330073789527
1782367486.800743,0.04735952728620253,0.005054178444172567
1782367517.4930506,0.04721213954881327,0.005019791794149608
1782367579.2006173,0.048273828185665744,0.005158001566310014
1782367609.9708357,0.04619074827394438,0.004924582354849428
1782367670.5503197,0.047543490811127194,0.00505392944096869
1782367731.2095826,0.04948460505700968,0.005290879376080708
1782367761.8203225,0.0471232293382474,0.005019495806889525
1782367822.4986985,0.04998357862905803,0.005295492124621771
1782367853.1474392,0.04672189900469717,0.004970484317299448
1782367913.7835681,0.04731239143184026,0.005041772381176266
1782367944.4377403,0.04817800174423531,0.005131644418642501
1782368005.1036923,0.04746799126087546,0.005058276824290853
1782368065.7617183,0.04685205377483293,0.005000965198349812
1782368096.323572,0.04748887498986768,0.0050435780787565785
1782368156.8982902,0.04703689171763661,0.004993795883369859
1782368187.4541068,0.047211377973327716,0.005023724572331188
1782368248.0109463,0.047360967716408776,0.00505611955669232
1782368308.5837295,0.04800235411275131,0.005113064599304237
1782368339.1764874,0.04667383117390479,0.004969544728793827
1782368399.7999537,0.046937544882129346,0.004989649118008661
1782368430.5161357,0.04877883103215427,0.005183179045963864
1782368491.166432,0.04686509766613456,0.004987064211331556
1782368551.7770567,0.04583972007104903,0.004889050365438813
1782368582.4414692,0.04707296311273245,0.005020138605548556
1782368643.0868251,0.04628101646763881,0.004923694214470961
1782368673.710787,0.04687664322295166,0.004978278456702034
1782368734.3232367,0.04708058808697137,0.005022745784373557
1782368794.9932895,0.047254593141670846,0.005044097339352411
1782368825.6266253,0.04662077169689742,0.004976106287560422
1782368886.3370268,0.0485742078975875,0.005164081187151563
1782368918.6359634,0.046946381596017724,0.004982505209510588
1782368979.2816987,0.04655805385453386,0.004959258418571479
1782369010.0340385,0.04736705719824335,0.0050611818190784506
1782369070.6457546,0.04622989486796215,0.0049112076600510216
1782369101.2177742,0.046524138147875205,0.004940619804717099
1782369131.7790365,0.04652919094503824,0.004943115269377968
1782369162.3990557,0.047920587167812084,0.005081818051305089
1782369223.0053296,0.04721138150762717,0.005018083578406309
1782369253.7074203,0.04646577941844606,0.004942757201028129
1782369314.3212028,0.04675363756370989,0.0049900752022904345
1782369344.968117,0.047035732415803486,0.005018368861544211
1782369405.5997143,0.046773354647784655,0.00496216843330037
1782369466.2766984,0.047751719261460115,0.005087679392535806
1782369496.9055607,0.04730182965971342,0.005055689704842376
1782369557.567185,0.04633689258321399,0.004939631309261321
1782369588.2306473,0.04693623728678129,0.0050119331524435045
1782369648.8683906,0.04701676934832448,0.004970553689683203
1782369679.5866084,0.048265261602200016,0.005133835179441175
1782369740.231641,0.04848950957127513,0.005157658789864639
1782369770.8676748,0.04766765392223111,0.0050629605212184695
1782369831.5166068,0.047185471612487456,0.005028613900431363
1782369862.2053373,0.047552080103682046,0.005060661062640991
1782369922.8176725,0.04735419196627713,0.005032774903518539
1782369953.4714053,0.04784819176092633,0.005091899596492118
1782370014.1259735,0.04629105464437751,0.004930109205203634
1782370046.051146,0.048033366247973115,0.005114236847256355
1782370107.122928,0.04915935955039259,0.005249302162526454
1782370137.7532902,0.04630031374235104,0.004919500166674767
1782370198.384965,0.04770688200704919,0.005059435844296223
1782370258.9773066,0.04725891872116343,0.005027930835184517
1782370289.6540897,0.046188463161343896,0.004915372766638793
1782370350.3217854,0.047411703444891436,0.00503565930779307
1782370381.0597334,0.0459025458352502,0.004895637769061922
1782370441.6883078,0.048570404111974635,0.00518371674815731
1782370472.3571796,0.04661329034159108,0.004968042504396498
1782370533.0079982,0.04702060642743117,0.004989482052250071
1782370593.6457007,0.04699305874478721,0.005002953821327729
1782370624.3086905,0.04586168940852099,0.004878391891607506
1782370684.994123,0.04763132225569781,0.005078012467150546
1782370715.6031098,0.04738569498687805,0.0050527570092631
1782370776.2533784,0.048381805848884955,0.005157954031261249
1782370806.9276166,0.046836423601417945,0.0049990793083607935
1782370867.5878975,0.047985741846433456,0.005120979127707967
1782370898.2397344,0.0486264572695033,0.005182702494802466
1782370958.843731,0.048054837350788186,0.005111361904553566
1782370989.4559653,0.045995212512679115,0.0048973580573638785
1782371050.0899677,0.04681092298182046,0.0049713153514305145
1782371110.7163002,0.04548226896532262,0.004847718389922707
1782371141.3683982,0.046944354766715976,0.004987054647910029
1782371202.0141592,0.04578514066776433,0.004857017731187515
1782371232.7321746,0.046846074205249985,0.004996364063623221
1782371293.372395,0.04642192878728263,0.004948094191586129
1782371324.1835806,0.04764471814624626,0.005075318215352852
1782371385.189137,0.04613562917657111,0.004906132311543857
1782371445.9167666,0.04618843500601247,0.004921924801128505
1782371476.5833344,0.047299571226993756,0.005029119759155845
1782371537.2973251,0.04718002421689916,0.005026916346645308
1782371567.9345024,0.046993192897795515,0.005001682359512283
1782371628.5951965,0.04625780317141885,0.004942927954062405
1782371659.2960343,0.04741288508625639,0.005051893913250176
1782371719.9278586,0.04710218835955817,0.0050415308378504225
1782371750.6578445,0.04601216288963483,0.004913414314973509
1782371781.2658672,0.04602396613353228,0.0049145880538825635
1782371811.8665786,0.046844284937642165,0.004968483223354276
1782371872.470756,0.04769738181038347,0.005084925202897613
1782371903.1252482,0.04780236402741702,0.00509980846395206
1782371963.6949818,0.047243354891125515,0.005026719487328365
1782371994.3813674,0.04744575835842058,0.005038550369908021
1782372025.00773,0.04751767441964163,0.005046343903408533
1782372055.6979556,0.04882634907504159,0.005218713576135862
1782372116.3558445,0.04754569660503558,0.0050677605225121
1782372147.0353034,0.04703858683844939,0.005013120883061021
1782372207.6736097,0.047937853286571575,0.0051032951938705514
1782372268.3200438,0.04762645615336705,0.005071005322334463
1782372298.9834893,0.04656788783424779,0.004943592679851895
1782372359.6935005,0.047796261969291896,0.005084019949110077
1782372390.324266,0.047981159582313866,0.0051059215615890455
1782372450.9362938,0.04906731150100802,0.005225147274450236
1782372481.6130548,0.00983148019922269,0.0153617836315202
1782372542.4944456,0.04714140319888621,0.005035410737586251
1782372574.145986,0.047736530319056544,0.005086132410571899
1782372634.7556665,0.0470418935353881,0.005016047820140985
1782372665.393806,0.047222968812735175,0.005028380760249733
1782372726.0054188,0.04643952919549223,0.004960123769859216
1782372756.6790867,0.04742978272068277,0.005060293833179082
1782372817.2565744,0.04651357735629461,0.004942258839149627
1782372877.8058734,0.04620912840824828,0.00489725574606152
1782372908.5182097,0.04608396515409457,0.004918275558844922
1782372969.1578913,0.04710162613384647,0.005004420714378652
1782372999.7924223,0.04769525941692225,0.0050816871640645776
1782373030.4168677,0.04769525941692225,0.0050816871640645776
1782373060.99071,0.04700746881168885,0.0050111184332026545
1782373121.5277078,0.04794205054736474,0.0050853125875010815
1782373152.1450331,0.04684684572623328,0.004999053812393235
1782373212.739261,0.04623279988707403,0.0049247578594883165
1782373243.3741786,0.045095608449831084,0.004815814520998227
1782373303.9527802,0.047399545494405115,0.005065219528434741
1782373334.5610166,0.04569913947237788,0.00486997893886053
1782373395.1679282,0.04967625242898874,0.005297462483179069
1782373425.8368616,0.04646515969191906,0.004973259656946197
1782373486.4423363,0.047717124052301246,0.005071284185575518
1782373547.0359933,0.046577051753690576,0.004960368548912164
1782373577.608972,0.04680258209993726,0.004976820596141579
1782373638.238368,0.046627385429864956,0.004937368852793815
1782373668.8703387,0.047107859147032694,0.00501707742969571
1782373729.5002835,0.04684197531785116,0.004988436236413848
1782373790.0995445,0.0469347048819753,0.005000511632076337
1782373821.9168906,0.04767114688633053,0.005069962827870554
1782373883.1091068,0.04633150845811803,0.004933697967809842
1782373913.8335948,0.04757175904191925,0.005095536987105517
1782373974.4610286,0.04852129411159935,0.00516996067324815
1782374035.0581236,0.048989179776235146,0.005215627762012719
1782374065.7003367,0.04591266125947986,0.004891086160040304
1782374126.3236265,0.04716084975885835,0.0050274327856565494
1782374156.9540942,0.0477809284038456,0.0050713831100194125
1782374217.566806,0.0474341478220222,0.005026769302715968
1782374278.1705039,0.047917039842784136,0.0051148578461807925
1782374308.8335907,0.04786554737131094,0.005083246485350001
1782374369.4180717,0.046367742370173555,0.004931004663615966
1782374400.1314611,0.047906145442988185,0.005077733684560929
1782374460.7423158,0.04726347307028701,0.005038808829992904
1782374491.3512585,0.04801805065038203,0.005117345619699171
1782374551.959001,0.047271835905197776,0.005040183045643718
1782374612.5368867,0.04860788727042686,0.005155905517614864
1782374643.1232948,0.04627830447550766,0.004931920620693188
1782374703.6717038,0.04744471317848741,0.005054015555861836
1782374734.2468188,0.048833023939845364,0.00522230412164278
1782374794.850272,0.04839634832817567,0.0051623431803443295
1782374825.5266836,0.04656180972263205,0.004951500644520454
1782374886.1383233,0.04780244101347898,0.005074623960814628
1782374916.8126173,0.04723408701956938,0.005038308479198982
1782374977.418669,0.04667290888428068,0.00497036842115547
1782375008.0404751,0.04815886145507733,0.005132644934312084
1782375068.6698592,0.04784878877590718,0.005098219070985386
1782375129.4551227,0.04622029643257513,0.004922878456492421
1782375161.4538362,0.04615638156205791,0.004910591837415156
1782375222.0372403,0.047325827998551555,0.005042556090695019
1782375252.717675,0.046279920220592304,0.00491340502230692
1782375313.3304813,0.04772120545452549,0.005103457301719104
1782375344.024609,0.04612629510536678,0.004905744634952861
1782375404.6286871,0.047651919082153237,0.005069105970286628
1782375465.2340367,0.04917307022057352,0.005233275212606883
1782375495.8151104,0.04766060740423199,0.005054209835208289
1782375556.4229958,0.04692990312465812,0.0049831346011527606
1782375587.010928,0.04672125081329043,0.004986879588728519
1782375647.6418545,0.047818741002243946,0.005106051454048487
1782375678.3107295,0.047372831716397605,0.005037183896833729
1782375738.9107308,0.04759368784155802,0.005092266353010256
1782375769.5472968,0.04675923638423213,0.004983363291449916
1782375830.155283,0.04692250684248249,0.0049774994946689115
1782375860.796971,0.04779166064701939,0.005080881698693705
1782375921.3982453,0.0457045903079692,0.004876185224139335
1782375952.0827394,0.047015740962069466,0.004995426677779667
1782376012.704372,0.046218173260298624,0.0049227951598060605
1782376043.2899852,0.04845907508474373,0.005172704940508284
1782376073.8995094,0.048324770298246625,0.005158724579060948
1782376104.4429834,0.04699251180915072,0.005017037234437992
1782376165.074414,0.04843020173406466,0.005170684444619168
1782376195.6912444,0.04769871079714519,0.005079107379029039
1782376256.2578373,0.045430981591347425,0.004839937405493122
1782376286.8902857,0.049163275092164616,0.005237989389030702
1782376347.6043544,0.048325886897031815,0.005152883462623623
1782376379.8207529,0.04741192124370163,0.005046807057413576
1782376440.4211333,0.04664214850987844,0.004978520988005192
1782376471.141032,0.04815199351672633,0.005141721599328965
1782376531.797187,0.047402284349657264,0.005022454160359819
1782376562.4042537,0.04628939918245674,0.004923572567335024
1782376623.0504637,0.04652936846561241,0.004946196573849584
1782376653.7245774,0.047012678045393524,0.005012763714343758
1782376684.3116214,0.047012678045393524,0.005012763714343758
1782376714.9068892,0.04724589575005723,0.005026320800190355
1782376745.5834572,0.04842380814578528,0.0051396462461875125
1782376806.2154171,0.04602631891430679,0.004899814711874536
1782376866.8065565,0.04695877968121496,0.005000055038101989
1782376897.4204853,0.046004201244698686,0.004898373025110127
1782376958.0231035,0.04705930076553445,0.005003796765069848
1782376988.6510594,0.048255615887010606,0.005123933103892543
1782377049.2629313,0.04659158633133253,0.0049485318795773545
1782377079.8651686,0.047353937092949334,0.005029184155857693
1782377140.473595,0.04815423571237713,0.0051063022832225245
1782377201.1609638,0.04630673799495035,0.004918542841980927
1782377231.774788,0.048074223209167405,0.005116310665414809
1782377292.3423038,0.047820151625455894,0.005097803781561699
1782377322.9910643,0.04598691746207567,0.004895710756720133
1782377383.5631013,0.0475565263007675,0.0050505381467690945
1782377414.1604643,0.04655390972280549,0.004951773678323073
1782377474.7773335,0.045675894300678734,0.004872206487126326
1782377505.426624,0.04628364010366228,0.004925808453978528
1782377566.4108462,0.04781642703383252,0.005065751116173991
1782377627.4145784,0.047759042891821694,0.005081258747991207
1782377658.6450424,0.04720431204030936,0.005018393841173515
1782377719.2492042,0.04770713107163921,0.005085828608099039
1782377749.8747277,0.04767331589370002,0.005084879560487684
1782377810.495094,0.047818751605888964,0.005087379640820123
1782377841.0980682,0.046848873741073604,0.004970865869080012
1782377901.6763806,0.04719212978106866,0.005026047594383517
1782377962.3278065,0.04682267311682835,0.004959121197100748
1782377992.9327834,0.04811021353081428,0.005132343952196558
1782378053.5417552,0.04639288765962857,0.004936175638620641
1782378084.1586142,0.04696090179284937,0.004986354252926385
1782378144.8023455,0.04877809177916518,0.005199986228820927
1782378175.460586,0.04727416019199259,0.005027349320352243
1782378236.017925,0.047070826058628105,0.005021821733742763
1782378266.7088265,0.04752102209733575,0.005097419614902437
1782378327.339072,0.04725907091063343,0.0050361792541089075
1782378357.911024,0.0457199648909861,0.004861647611705799
1782378388.4552343,0.0457199648909861,0.004861647611705799
1782378419.052911,0.047209754501399144,0.005054868961306011
1782378479.6058328,0.047784927714684684,0.005109801461697582
1782378510.2399786,0.04669374013744396,0.004983371602529303
1782378570.8275476,0.04529122663914114,0.004823962386213338
1782378601.4336734,0.047389889431802744,0.005054728473442468
1782378662.0521426,0.04874356026703985,0.005224657273762423
1782378692.7210588,0.04771188936663417,0.0050910130764191715
1782378753.358788,0.04774491684382692,0.005091342530929892
1782378813.928784,0.04707411777985643,0.005020686240958079
1782378844.5445962,0.009803299670548922,0.015375119886615083
1782378906.0826151,0.04768419696556092,0.005069291332322065
1782378937.1392179,0.04696263988506756,0.004985916605485492
1782378997.7526233,0.046729443270719644,0.004983940691944278
1782379058.4180083,0.04705167944487782,0.005008633443768881
1782379088.9754708,0.04778621323838936,0.005076422725892599
1782379149.6027799,0.04728223154838904,0.005018255127339923
1782379180.2432773,0.04783456405154297,0.005101444299073054
1782379240.8119388,0.046498179740817894,0.004955086964293299
1782379271.376587,0.04639113553703614,0.004940642014975414
1782379331.9411578,0.04634783729643381,0.004937822340569584
1782379362.5523098,0.04661190408008562,0.004939050189521405
1782379423.1691635,0.046759801587012526,0.004971635621388539
1782379453.7989,0.04758764647182888,0.005065250145859835
1782379514.3843515,0.048200641646614625,0.005126625590431088
1782379575.030763,0.04799645970832268,0.0051285094017087295
1782379605.6239734,0.047758210327789395,0.005080991019114045
1782379666.2232337,0.04644065787825156,0.004958011569490722
1782379696.8734756,0.0475917252231992,0.005059608099646315
1782379757.4590967,0.046233283432225054,0.004935648679868502
1782379818.01509,0.04667760131762249,0.004976865375464906
1782379848.5771492,0.04781361390265225,0.005094827951533426
1782379909.224118,0.047078813781632846,0.005021709038505591
1782379939.8755329,0.04646094575456638,0.00494557367658352
1782380000.4652789,0.049643929614618096,0.005310707301044181
1782380031.0217247,0.046937069398047565,0.004983648723572843
1782380061.5465462,0.046765763886087275,0.004965255818508896
1782380092.107019,0.04785699637809836,0.005102217053190512
1782380152.6972256,0.04729877163818934,0.005026786984223427
1782380183.3032103,0.0472490491449121,0.005022071738314337
1782380244.779021,0.04776564459856282,0.005096828289081595
1782380276.2681408,0.04730688804838285,0.005052541170701926
1782380336.8142009,0.04762058354059816,0.005037414695362682
1782380367.4395568,0.04681622720341522,0.004979007902429317
1782380428.0357232,0.048112733980902614,0.005122904792711109
1782380458.6188805,0.0461570771080406,0.004891200650142058
1782380519.2188513,0.04615233566415784,0.004924980285975405
1782380579.782506,0.046763776545296495,0.004972384386532992
1782380610.351501,0.048457646556661814,0.005176809957602184
1782380670.9448931,0.04723336501071364,0.005019920397603883
1782380701.555371,0.046988484083432876,0.005004373893466907
1782380762.1814926,0.04720404501371589,0.0050127379510121585
1782380792.8468335,0.04775695774920506,0.005070409913245116
1782380853.576598,0.048944620123492336,0.005230165899996222
1782380914.2113297,0.04686326392833123,0.004999088265152053
1782380944.888857,0.04794952922016687,0.005124145848913167
1782381005.4860613,0.04719868336090846,0.005013503504637991
1782381036.1540108,0.04748252937897726,0.005052164783616974
1782381096.8067973,0.0464742993553781,0.004945413711671492
1782381127.4546688,0.048038539508067274,0.005113960303976782
1782381188.0672896,0.0470593539358548,0.0050206358078025435
1782381248.692633,0.04674161338088293,0.004980120203169201
1782381279.3101635,0.04592526451664547,0.004883572513007062
1782381339.9160795,0.04697744815370729,0.005018217479256701
1782381370.5205672,0.04783297865145532,0.005096296125100783
1782381431.112674,0.047557463124659215,0.005089575577071199
1782381461.746357,0.04660511291040736,0.004974525691328623
1782381522.402745,0.04913014815070906,0.005234474818833515
1782381583.783971,0.04630835670336188,0.004931705149511902
1782381614.9504795,0.047462417847164665,0.00505451637043435
1782381675.562612,0.0474194431853481,0.005064584212044186
1782381706.2705653,0.04751689332786073,0.005076734345153707
1782381766.8316288,0.04703953452251999,0.005003806658957367
1782381797.4709082,0.04718213568252555,0.0050203294710592546
1782381858.1309025,0.0481388945226993,0.005122577276911979
1782381918.7459977,0.04873668151981134,0.00519385973888264
1782381949.4055896,0.04869148219292714,0.0051828975364235415
1782382009.9941003,0.046084515706289714,0.004902189048355462
1782382040.5938826,0.046151020344641795,0.0048927274924680806
1782382101.2098715,0.04759700115079918,0.005059756844236688
1782382161.7772408,0.04735378961885564,0.005045685092573153
1782382192.3754864,0.04591517750493231,0.004879947309261099
1782382252.9786384,0.047596836252562044,0.005065839468775752
1782382283.587768,0.04737139965556815,0.005034718189321387
1782382344.2463913,0.04771551771804333,0.00508279271662623
1782382404.879128,0.04849970339543923,0.005175070684089259
1782382435.4858189,0.04787097584757238,0.005086215979725348
1782382496.184005,0.04679709581826798,0.004956335087782639
1782382526.8354902,0.047960495942758814,0.005108714411913004
1782382587.3763926,0.047378162182607486,0.005049101725351287
1782382617.9430563,0.04736598406279569,0.005032271623689228
1782382678.5602424,0.046941497923705874,0.00499532980470833
1782382709.139779,0.04784341183117228,0.005089765589697624
1782382769.7179163,0.048074429145952086,0.005114967795109037
1782382830.3365402,0.04730119212257246,0.005031116086239785
1782382860.9802792,0.0468330195461214,0.0049964093007249435
1782382921.6649199,0.04655972295659788,0.004948579014633634
1782382953.728638,0.04893292160870788,0.005211097502573112
1782383014.4042876,0.046810431252810446,0.004981460593836933
1782383045.0857675,0.046519017461602676,0.004956949155322217
1782383105.7860534,0.047912702908591114,0.005106138619085222
1782383136.46132,0.04566259540915877,0.004871646336959141
1782383197.0901,0.04642855046418147,0.004942292021638727
1782383257.700351,0.045960197676465704,0.004896420121616415
1782383288.3594134,0.04775963749925142,0.005091966504026144
1782383349.023511,0.04761796105863043,0.005069624084547331
1782383379.7244837,0.04730026557037538,0.005083564241235966
1782383440.3998625,0.047659605380249416,0.005049453110719521
1782383471.1010246,0.04735557792893313,0.005060580838101131
1782383531.778923,0.04870840645022594,0.005204403183807737
1782383562.398878,0.04682117579718712,0.004994303369721053
1782383623.146521,0.046480828298642814,0.004954712854923418
1782383653.861693,0.047094370202869024,0.005016619632751318
1782383714.5207646,0.047526443922582616,0.005036984940963835
1782383745.1704144,0.04805368380249945,0.0051322911657690545
1782383775.7885425,0.047995108544766386,0.0051268135882973674
1782383806.4833791,0.04651382438622199,0.0049438777598782915
1782383867.0882175,0.04794759347325088,0.0051139287469141445
1782383897.7716382,0.048379885339544945,0.005152646182382849
1782383958.4402027,0.0478251023272942,0.005101201244440087
1782383989.15004,0.00985221426189272,0.015276730936968666
1782384049.8164902,0.04650959105435972,0.004944553040990262
1782384110.6157136,0.04659420060597722,0.0049663654518700435
1782384141.7653923,0.0477923790994834,0.0050901914337659355
1782384202.527807,0.04659366178954105,0.004978750294793782
1782384233.2502546,0.047008342428792586,0.004993892971494973
1782384293.9741585,0.046976715847811996,0.004994129041528594
1782384324.6686203,0.04726935919189489,0.005043275658180246
1782384385.3129315,0.04694008551954677,0.004994646873681101
1782384415.9980085,0.04593668837180116,0.0048731113517875655
1782384476.569715,0.04655939131782647,0.00496412501813394
1782384537.2374413,0.04644315147397871,0.004955741828627526
1782384567.883342,0.04632653373145565,0.004922154434200302
1782384628.5204005,0.04760703382027225,0.005066143281410269
1782384659.2088223,0.04751793585305518,0.005080487187544614
1782384719.9673698,0.04851284556156598,0.005179399423532829
1782384750.6825569,0.04597074875962884,0.004885703377023673
1782384811.249731,0.04689583561209567,0.0050052870013733075
1782384871.9130592,0.0490228716045506,0.005228643401755296
1782384902.4829383,0.04704408244688224,0.004990543066882522
1782384963.171356,0.04676960573801924,0.004991296683929334
1782384993.8252625,0.046912642213950646,0.004971975360668618
1782385054.4693575,0.046516491955492054,0.00494985817951204
1782385085.178612,0.04696303843222773,0.004987293868958398
1782385145.8137674,0.04757480219722624,0.005051349893747327
1782385176.5215366,0.04688187897072608,0.005010057571600539
1782385237.2959707,0.04711851743690632,0.0050322809421377845
1782385267.9601617,0.04794765045600287,0.005119787288007254
1782385328.7506588,0.047414844920889265,0.005051399006854898
1782385359.4338672,0.04602167390003277,0.004898654190480654
1782385420.5254364,0.04722770134968838,0.0050312699077503025
1782385451.288747,0.04732885658150378,0.005033374197617955
1782385511.9873402,0.04636916191925951,0.0049428949213542305
1782385572.6412919,0.046147265682408914,0.004911838750518112
1782385603.313625,0.00981814480305708,0.01530050826320959
1782385663.9014153,0.0482322392272508,0.005135051967879909
1782385694.5663102,0.047841231580256174,0.005106541106860756
1782385755.2043366,0.04789084303210912,0.005097881265449193
1782385815.8109188,0.04737609566823234,0.005034865776088053
1782385846.3823733,0.0470139294835701,0.0050103332863640025
1782385906.9918797,0.04693464679435967,0.0049981347342547226
1782385937.6425993,0.04769673228336945,0.005082418034378744
1782385998.2804482,0.048577669197888494,0.0051574293087194405
1782386028.9314232,0.04592833089747224,0.0048732099044802284
1782386089.5242963,0.04733069573585758,0.0050404205504203286
1782386120.2205653,0.04660174057709244,0.004985722162844078
1782386180.8352683,0.047513160383975524,0.00506752023269693
1782386211.4217682,0.047863341896519765,0.0050950160682919484
1782386241.976544,0.047829023376504014,0.005091947533941675
1782386272.5521224,0.04734640682982687,0.005043552258490943
1782386333.1805937,0.04779040620995735,0.005110341698523981
1782386363.807788,0.047420093564474596,0.005036563649910463
1782386424.4148293,0.04782479350187713,0.00509645172075295
1782386455.0696783,0.04740584730958703,0.005043823098773517
1782386515.6692417,0.04660614339487206,0.0049327287869383755
1782386576.2514417,0.046753765217419745,0.005009623164049542
1782386606.8712337,0.0483439923799383,0.005155792802662167
1782386667.5009453,0.04583729287540076,0.004863610656577498
1782386699.5804343,0.04799565559579555,0.005128207445217798
1782386760.203442,0.04754404712887159,0.005079798313319416
1782386820.8303483,0.047898239228939356,0.005116151818373563
1782386851.4094903,0.04626613455371041,0.004925775938732066
1782386911.9782236,0.047026323291149516,0.005019843991619625
1782386942.5958335,0.0466124846019397,0.004967701323018102
1782387003.277906,0.048293441456396205,0.00514537080969346
1782387033.887408,0.04762002257192263,0.005070108187209366
1782387094.4767487,0.04778259683987343,0.005103692564552919
1782387125.0769138,0.04648210847900925,0.004948404151274869
1782387185.6828387,0.04766375536432162,0.005101621019305766
1782387246.2774377,0.047437359454464374,0.005048008325014484
1782387276.847612,0.04756332893243696,0.0050572732738394565
1782387337.4693775,0.04656120227236882,0.004957005014852076
1782387368.1395419,0.04736685392365011,0.005035819844453652
1782387428.7139292,0.04712721422724454,0.005024329121624848
1782387459.3371084,0.047014754205986255,0.005014161330522718
1782387519.9803078,0.046732359529316134,0.004981519088495171
1782387550.6539638,0.047768967542524375,0.005081641723245742
1782387611.30449,0.0466646387665086,0.004973043241461028
1782387642.0011122,0.04786037389034358,0.005102734425677508
1782387702.71963,0.04639654988557129,0.004937897113265857
1782387763.3930058,0.04756314484472043,0.00506909688324508
1782387794.1018486,0.047111451479397395,0.00502257986239225
1782387854.7427802,0.046872111372275475,0.004976978876048901
1782387885.446509,0.047311094928696014,0.0050409740740926315
1782387946.1587505,0.048319287391082946,0.005158211250363229
1782387978.3837087,0.04616040586737923,0.004904894352336439
1782388039.067712,0.04531602372618375,0.004835823753432427
1782388069.7380548,0.04691205990724981,0.004974238537787748
1782388130.3518302,0.04626541122135165,0.00493329728735658
1782388161.0126991,0.04643889273873816,0.0049373523206677665
1782388221.67701,0.04714006656085299,0.0050044223074575435
1782388282.3072634,0.04671553110764759,0.0049856214246418165
1782388313.073014,0.04846616070321722,0.005144511062570984
1782388373.748464,0.04807919876905714,0.005107710626026204
1782388404.4763668,0.047390594069567846,0.005048992092867567
1782388465.124229,0.04678473964772412,0.004966224516830225
1782388495.7612414,0.0465806903235176,0.004956470169703163
1782388526.4158826,0.04661558720601322,0.004959095997577892
1782388557.052643,0.04734383193129002,0.0050295979563160995
1782388617.661677,0.04682771606532078,0.004976074397185385
1782388648.329792,0.04785980461744431,0.0051135155741735125
1782388709.019826,0.04696281180543606,0.0050141563569750984
1782388739.6851017,0.0462346059431391,0.004922230688601159
1782388800.3879118,0.04914780675134561,0.0052398402533446855
1782388831.0677896,0.046909805389502755,0.005007028374907611
1782388891.7626836,0.04746801673631933,0.005040558999251531
1782388952.3809543,0.04727182582599291,0.00504054845040922
1782388983.0357888,0.04640811359480961,0.004909644024445366
1782389013.6782937,0.04629122497285322,0.004920311976085668
1782389074.4075158,0.047768720525203236,0.005096551338657196
1782389135.63536,0.048028265145375795,0.005091873742112215
1782389166.8684387,0.047408298423426774,0.005057857612635422
1782389227.5348673,0.04653979530658323,0.004952947209394998
1782389258.2413328,0.048606499857525846,0.0051778516414997715
1782389318.8471549,0.046360403597661345,0.004941473164561742
1782389349.4566214,0.04745984770198433,0.005065563223221134
1782389410.104894,0.048955381327961095,0.005221574710121512
1782389440.7111135,0.04808119016038009,0.005113344872901791
1782389501.305152,0.048767378640595035,0.005212812524023403
1782389531.958368,0.04662191309972845,0.004970195647970927
1782389592.5478065,0.047262271202209216,0.00500935373004631
1782389623.1772363,0.045522648944065686,0.004852754520983158
1782389683.7960842,0.04683900599233903,0.005000345566902459
1782389714.483937,0.04711746941864554,0.0050384871482912885
1782389775.095196,0.04632997439327017,0.004930749694069595
1782389835.7506275,0.04778956576647539,0.00509762257124139
1782389866.3162336,0.046609602701341596,0.004933593316823589
1782389926.8927226,0.047594206877170225,0.005065451797060304
1782389957.478474,0.046727615297242515,0.004973263795445917
1782390018.0410864,0.04592136003673118,0.00488397535752631
1782390048.659248,0.04840904019557234,0.005179140122946622
1782390109.2624717,0.04736152127282714,0.005061704093607877
1782390139.9289558,0.04709362526525797,0.005007441730228473
1782390200.5580883,0.04730144375963003,0.005039549412286817
1782390231.132728,0.04771053607356803,0.005088045719290122
1782390291.7675576,0.047380965038452835,0.005046440249230902
1782390322.4416685,0.04725498737041443,0.005034150454851924
1782390383.1232936,0.04631145507995496,0.004935174226832837
1782390444.4570403,0.04693759797622562,0.004993177444188677
1782390475.7837737,0.047376455773079175,0.005033187502790596
1782390536.4776154,0.04662934509764595,0.004967104013516738
1782390567.257678,0.044906426841309466,0.004808780491574563
1782390627.9349597,0.045942986916767674,0.004920490125533854
1782390658.6175869,0.04770227312096365,0.005081994099901772
1782390719.2598705,0.046831743725488685,0.004980800298251426
1782390749.8496277,0.04810785920153041,0.005117043997872721
1782390810.456901,0.047298732328268915,0.0050024775851647265
1782390841.1159227,0.04644274173575076,0.0049223511545351826
1782390901.7218425,0.04895645034030437,0.005213232866798278
1782390932.3801706,0.04594934767777225,0.004881237345731712
1782390992.9578853,0.04599572826288707,0.004883551271016924
1782391023.6123073,0.04668919832530057,0.004973303774691611
1782391084.2591755,0.04812722340813812,0.005116213124147639
1782391144.915516,0.048115479423251964,0.005121962643240477
1782391175.488771,0.046737548035787696,0.004966179740884158
1782391236.072323,0.0482374341628941,0.005130772742427591
1782391266.7012503,0.04729205984214409,0.0050127765619495685
1782391327.3085835,0.0479673066618888,0.005101076265742071
1782391358.014778,0.048069719778942546,0.00513014148956514
1782391418.5917244,0.04592898280650553,0.0048898715538760835
1782391479.1849377,0.04729458832552828,0.005027832724809248
1782391509.804787,0.048377092716835525,0.005159942718929891
1782391570.4736478,0.04651401921954487,0.004959365665222816
1782391601.1201785,0.04625183224030421,0.004925104886796677
1782391661.7953327,0.04768773316372123,0.005066429321504283
1782391694.4427252,0.04680345383906398,0.004973216537243586
1782391755.067606,0.04790943911385475,0.005115492931834207
1782391785.67063,0.046332981602170295,0.0049503284688298945
1782391846.3170109,0.04605020822204317,0.004898320489858358
1782391906.8866916,0.048150763762203896,0.005120960012084912
1782391937.5878787,0.047264623834035305,0.005050148240919123
1782391998.2278104,0.047011220517856354,0.005008376227059692
1782392028.9051433,0.046178051504133726,0.004916253267263743
1782392089.572269,0.04732769835321139,0.00503432969031329
1782392120.2334225,0.04667069495021801,0.004982673176057413
1782392180.8644524,0.04620784458896727,0.004923143851015629
1782392241.50625,0.0470670494624025,0.0050049806795109866
1782392272.120884,0.04818984342118653,0.005134783741275197
1782392332.7464595,0.0471384386581225,0.005027245582740521
1782392363.3481956,0.04848522881266025,0.005156133647013747
1782392423.9704232,0.04695024542601418,0.004999663339592501
1782392454.605422,0.04718296943989457,0.005022389087623508
1782392515.2282803,0.04693226544189723,0.004996262947359494
1782392545.8558047,0.046764002859608106,0.004985079621738514
1782392606.457743,0.045671989658428634,0.004856874482664008
1782392637.1216993,0.047583598214735644,0.005066114510551861
1782392697.780162,0.04807078911532601,0.005115444297033162
1782392728.413581,0.0479767008604569,0.005119147133908214
1782392789.036028,0.046735345784086654,0.0049873003835356625
1782392819.7700624,0.04690007999216411,0.004996953051548686
1782392880.4269607,0.04937030714883081,0.005249384491252276
1782392911.901328,0.04638636486164154,0.004940522014551636
1782392973.4130068,0.04709595474410937,0.005025983329490822
1782393034.1169295,0.04697536104152669,0.004998693124734662
1782393064.8274217,0.0481338413613483,0.005134629837737107
1782393125.4756346,0.04726500749010559,0.005042557909395946
1782393156.161799,0.04697685514465439,0.005009493979029643
1782393216.8363998,0.046607329381130796,0.0049567139477304355
1782393247.4941394,0.04712846619680743,0.004994312412324134
1782393308.1930332,0.04689751402050087,0.005003785636774906
1782393338.8545952,0.04581521860759729,0.0048694236725780335
1782393399.4959238,0.04744960846815841,0.005050815355467924
1782393430.1181703,0.04581573370448768,0.004874494230129126
1782393490.703663,0.04728477075928496,0.005033153549227109
1782393521.3666897,0.04690115950344316,0.004995207315116103
1782393581.9245412,0.04633515910013804,0.004917079861485326
1782393642.49721,0.047355125696581776,0.005015882423389024
1782393673.1160567,0.04758722463017451,0.005072298632241766
1782393733.6609514,0.04687112824611119,0.004987328107890466
1782393764.2586555,0.04846885872954287,0.005164644925564825
1782393824.884889,0.048654800014721306,0.005183245501051938
1782393885.4921532,0.0483289302885104,0.005137408911466789
1782393916.062027,0.04770175524161005,0.005073917630010284
1782393976.6523995,0.04807147949302005,0.005120598218743999
1782394007.342923,0.0461451506503297,0.004903693481771216
1782394067.994635,0.04709298863757122,0.005010003902901226
1782394098.648086,0.046509966702697685,0.004943528204509001
1782394159.2443573,0.04806718712323842,0.005112426618176222
1782394190.292461,0.04692201080416084,0.005019221379235078
1782394252.031427,0.047733473381423995,0.005080813555418458
1782394282.836497,0.04665101952349144,0.004966042545216578
1782394343.5483565,0.048504775793464475,0.005166311627934428
1782394404.148423,0.04669624831795505,0.00497001496783748
1782394434.7954543,0.04753314493452014,0.005047802311807403
1782394495.4527895,0.04632486412569431,0.004928657330620762
1782394526.0681264,0.04783278319440064,0.005093033901528862
1782394586.70259,0.04617952914514754,0.004910644150959011
1782394647.348112,0.047099908758598104,0.004984410722384358
1782394678.036814,0.048861632048573723,0.005198400117277222
1782394738.6704566,0.04610788175198364,0.004893916457958637
1782394769.3425355,0.047499210110322376,0.005036271952485793
1782394829.9837365,0.04720337783513841,0.005064037576779438
1782394890.6201663,0.04699214866912846,0.005031809397951623
1782394921.286006,0.047613714029317945,0.0050798029694206276
1782394981.980874,0.047133913576862384,0.005003348184660103
1782395012.6292229,0.04800013827855905,0.005116715575672346
1782395073.2871358,0.04831633370523576,0.005148854548965421
1782395103.91297,0.0475972073058636,0.0050600008289105065
1782395164.6666312,0.04674110956969021,0.004989422321764663
1782395195.4019449,0.04683657310901275,0.004995228459734126
1782395256.0015996,0.04672474178474642,0.004967274173394918
1782395316.642296,0.04724130419069397,0.005041456045796548
1782395347.3703415,0.04583272038482108,0.0048809544362339394
1782395407.949433,0.04685692232875683,0.004992970825088597
1782395439.1780102,0.04734975541664515,0.0050386894846743595
1782395500.2976604,0.046220561614737435,0.004903369486223414
1782395530.9791436,0.04771951509217422,0.005093355336245688
1782395591.7562063,0.047697186495795095,0.005070916685144059
1782395652.4384453,0.04610102745348118,0.0048992452367278986
1782395683.1326709,0.04658839963923945,0.004962469236432559
1782395743.783438,0.046799835808361105,0.004991778290386046
1782395774.4409246,0.046155383344841205,0.004884822212515641
1782395835.0833573,0.04685531532185166,0.004995382508421592
1782395865.7205672,0.047131586633979095,0.005013586318849959
1782395926.3170774,0.04603883073600032,0.0049309587006221775
1782395956.9566505,0.0464889562009015,0.00495221901058192
1782396017.5681822,0.04791190594741541,0.005098652409465389
1782396078.2238946,0.04777395757796868,0.005101545750139241
1782396108.7921147,0.046601960758648274,0.004976313904533408
1782396169.383665,0.047499015639339226,0.005049304656780508
1782396200.0180986,0.0475671334268526,0.005089352829374485
1782396260.6420813,0.045858709931405915,0.0048928770317469795
1782396291.3781266,0.04757724003221963,0.0050762651843333905
1782396351.9736063,0.04597876440141656,0.004896556758332893
1782396412.584508,0.04669887489463143,0.004956222577311832
1782396443.2836554,0.047247733893216806,0.005030648385089302
1782396504.015669,0.04730907608726112,0.00504280199034661
1782396534.7165627,0.046944998896205785,0.005018577413494022
1782396595.355807,0.04694257414155491,0.004995141195301148
1782396655.9885507,0.045954562463405464,0.004880083773727738
1782396686.6430807,0.046060824004064166,0.004881282508396129
1782396747.2947857,0.04706468855727612,0.0050167177859842295
1782396778.4992192,0.04649969483890957,0.004967355941995002
1782396839.27929,0.04764567374719722,0.005077848464954474
1782396870.2451825,0.04669602846033695,0.00496619092693098
1782396930.9337063,0.04881143834446175,0.005182880419079272
1782396961.609991,0.046236675516517146,0.004938515520784231
1782397022.3132956,0.04719146045722707,0.005027314214660882
1782397082.8879323,0.04718011846378203,0.005036436997673744
1782397113.4894395,0.04708640290436987,0.0050089416737178144
1782397174.0452993,0.04664509569278834,0.0049924012206407605
1782397204.7004383,0.04750537871832394,0.00506166700876389
1782397265.329889,0.04521083241699735,0.0048100001995646045
1782397296.0003972,0.04798785034991756,0.005122956593535017
1782397356.615024,0.047490638968390675,0.005072517009224612
1782397417.2924585,0.04611022255002371,0.004913108337295999
1782397447.915291,0.04705869196450049,0.005002292244393412
1782397508.5610006,0.04659730891284396,0.004977711018520649
1782397539.2160387,0.048165462782699356,0.005126695669065048
1782397599.8404577,0.04756951835695137,0.005070582455903047
1782397630.4691992,0.047965683436364745,0.005111654243519001
1782397661.134225,0.04791232466542674,0.00510643063649301
1782397691.7685921,0.047506388594451804,0.005072165025260909
1782397722.412168,0.04763573651377642,0.005073044486123538
1782397783.0955715,0.045538297883706044,0.00484804518457378
1782397843.7593825,0.04823848610640113,0.005123993670954359
1782397874.412985,0.04671172473937553,0.004984419575167015
1782397935.0546014,0.04580356650319136,0.004866085131897481
1782397965.6851256,0.04740487182333034,0.0050551934073929505
1782398026.3661056,0.04640821569817638,0.004943744975464707
1782398058.1811457,0.046389595814866805,0.004952451861173247
1782398118.9420388,0.047632950940029374,0.00509035358541874
1782398149.6292715,0.0482975814982103,0.005141779860466224
1782398210.22,0.04742086341070461,0.005034343827048374
1782398270.836818,0.048672769262977755,0.005168115288776389
1782398301.4845283,0.045526958616148666,0.0048413453271086366
1782398362.1310406,0.04746944677272513,0.005048289420816417
1782398392.8116424,0.04725725849340909,0.005065327913500069
1782398453.4693282,0.046857855377651025,0.004964700023527693
1782398484.1416867,0.04796449556002462,0.00510049629176993
1782398544.807219,0.045768822107103604,0.004876914919560541
1782398605.4624104,0.046398068637670764,0.004937741724472873
1782398636.0980086,0.046745089160696494,0.004981411631253619
1782398696.6967437,0.04682486685272568,0.005001823620036636
1782398727.3271632,0.04683852284501284,0.004996989489715583
1782398787.9456449,0.047179367697221065,0.005029451935556973
1782398818.652962,0.047538836220423326,0.005066124804307172
1782398879.2570565,0.04794272460246764,0.005123559053672493
1782398939.832276,0.04713316059548518,0.005035604099012306
1782398970.430378,0.047988229802363766,0.005115420894503767
1782399031.0403316,0.04537273512794607,0.004833531353549802
1782399061.742024,0.047269142100641495,0.005063580500669441
1782399122.3397534,0.04774602963027158,0.005085468852072812
1782399153.0188403,0.045940734062036366,0.004888371743946172
1782399213.6864562,0.045980989818446394,0.0049000422732056875
1782399274.3061497,0.04778247604825332,0.00510365731995142
1782399305.5376465,0.04632215060010495,0.004943197905768391
1782399366.6102211,0.04744542337429775,0.005049546267460977
1782399397.5824547,0.047842393048690965,0.005111786619556115
1782399458.232335,0.047034510126236016,0.00502140512745879
1782399489.0120387,0.04712449938703529,0.005011242516518081
1782399549.664809,0.04745829813849498,0.005037818295656712
1782399610.2835748,0.04764690214349827,0.005050285696283556
1782399641.020752,0.047113422979067385,0.005008689069038462
1782399701.7292407,0.04793907970659485,0.005082307762161991
1782399732.3882856,0.04772406945889425,0.005067343150371089
1782399793.0477662,0.04790449663564977,0.005081775249831466
1782399853.613456,0.04766850554164521,0.005073436589744072
1782399884.2071776,0.04550064263193745,0.004861154015606842
1782399944.8442926,0.04776704107770199,0.00510563385511538
1782399975.4804149,0.047429507952248144,0.005036543425187249
1782400036.1447365,0.0470998491657215,0.005048572408585005
1782400066.8235753,0.04872268717351727,0.005170269055548062
1782400127.4665842,0.04732310507309409,0.00507008716057156
1782400188.1118033,0.04738794834577044,0.005049664741616921
1782400218.7867234,0.0476315498108056,0.005065835272231024
1782400279.395102,0.00982464685373731,0.015319601342381242
1782400310.0293255,0.046385128383067346,0.004950242884103564
1782400370.680774,0.04663409710926726,0.00497075906497712
1782400401.4346664,0.04692567629060233,0.004992237112843949
1782400462.0835395,0.046892748073019186,0.004966158708962501
1782400492.7055094,0.00980225295374817,0.015341014390974121
1782400553.4334157,0.04716955902295405,0.00502087173431328
1782400614.2312338,0.04670405728474294,0.004972947500214261
1782400646.0104995,0.04697362727464438,0.005001298975588779
1782400706.5902896,0.04831436604593323,0.005156124569719312
1782400737.320213,0.049054530632943134,0.0052543380418761205
1782400798.0055053,0.04639538719877586,0.004934614072359757
1782400828.6756332,0.04671225211688024,0.00498760606802513
1782400889.3275883,0.046168971975356195,0.004916350780949646
1782400920.0439982,0.0471038652273282,0.004996622331377275
1782400980.6840389,0.04773873704653621,0.00508376233667926
1782401011.3497355,0.047628059061050936,0.005096179198611112
1782401042.0029013,0.047630282540642443,0.005096380087955381
1782401072.6479099,0.04727784279160997,0.005011678714915201
1782401103.3034742,0.04624724133032291,0.004922804987994751
1782401163.8477876,0.04808010535144754,0.005116969710900484
1782401224.5657592,0.04792578695697709,0.005096713269901323
1782401255.1794689,0.04753690927211267,0.005072968688924461
1782401315.8331444,0.04772625303445114,0.005067334788314228
1782401376.4625418,0.047564460067398104,0.005062360102532751
1782401407.1943707,0.04794776148554902,0.005116732710975492
1782401467.8806107,0.047266482515795114,0.005032378704275685
1782401498.4860914,0.00981590635510075,0.01531481703644966
1782401559.075127,0.04763927356322074,0.005093983896480947
1782401589.6823184,0.04837619837381596,0.005144083391899026
1782401650.273932,0.0478752495808287,0.00510231539430435
1782401680.9672534,0.04669942081362793,0.004983020808896723
1782401741.6017997,0.0459431629549764,0.0048846845724477
1782401772.2823706,0.04689641535163819,0.004992165922627166
1782401833.429141,0.04780694818208138,0.005110160558605398
1782401894.2858067,0.04850352215820473,0.005182893961367134
1782401925.1168234,0.04736955243612903,0.005042100407930512
1782401985.745107,0.04798813173168295,0.00510595721348274
1782402016.4193115,0.04611229888833387,0.004906714554165225
1782402077.036042,0.047136621376159614,0.005024438380613823
1782402107.6944587,0.04622458805138639,0.0049384893149470145
1782402168.3949409,0.04699207533668827,0.005018906361271563
1782402199.0843241,0.045903812591350866,0.004905230055460588
1782402259.729462,0.046925758896460744,0.004992692435661705
1782402290.4027398,0.04669139434490239,0.00498131091771796
1782402321.0083017,0.046740150650054185,0.004985979353060043
1782402351.6753461,0.0460659027521443,0.004913138805921671
1782402412.334983,0.04774453363546788,0.005089072543307747
1782402443.0485096,0.046246752284575324,0.004925960037693852
1782402503.7443905,0.046477977004554756,0.004932760190664472
1782402534.3350632,0.04703730948424633,0.004994829241713771
1782402594.9660335,0.04677569267053579,0.004987829400820246
1782402625.605186,0.04631352393139241,0.0049270374110407114
1782402686.284706,0.046077233744327,0.004900961016769999
1782402716.9483771,0.04655042250919841,0.004956529391665677
1782402777.5798597,0.04679304603696146,0.004996928987109529
1782402808.2426488,0.047512319873679314,0.0050794834019612664
1782402868.9164352,0.04837243341626647,0.005151095707719795
1782402899.6299484,0.04647581798408258,0.004939171143234742
1782402960.3036904,0.0470507757675075,0.0050032553672379396
1782403021.0730107,0.046959675238899205,0.004995873538113316
1782403052.6895924,0.047573543336919905,0.00506307801692928
1782403083.7300584,0.047701858208472475,0.005074021721979975
1782403144.3820558,0.04693926648523234,0.0050371410974712465
1782403205.0249143,0.04719895196666241,0.0050264917820034205
1782403235.6212122,0.04681482044170238,0.00499077900158798
1782403296.2735136,0.04627538860794249,0.004915521025837337
1782403326.9554698,0.0471914633967243,0.005008827256955758
1782403387.5992134,0.04638019788544847,0.004926052676930545
1782403418.2429242,0.046506171091236365,0.004938266048526578
1782403448.790269,0.04691619236859083,0.004979392536486036
1782403479.4362943,0.04648291903151117,0.00491382155412205
1782403540.0496974,0.04616739675423363,0.0049040715851879505
1782403570.6793995,0.04735466381095138,0.005043783080294812
1782403631.2679014,0.04646605333534747,0.004943988612086923
1782403691.9324095,0.04619390237253881,0.004910570174178705
1782403722.6474018,0.04758060801804416,0.005062154221567003
1782403783.3132915,0.046307816711075984,0.004937096560924718
1782403813.94899,0.04914064927157831,0.005239227181752655
1782403874.5886471,0.04785763094228854,0.005067324875684317
1782403905.2958057,0.04647771947820139,0.004931400767140549
1782403965.9343581,0.04636420825084862,0.00493450760942569
1782404026.4991155,0.04514574747371191,0.0047986523088917625
1782404057.0858514,0.04821287344738121,0.0051148086473458846
1782404117.7044032,0.04628963918072936,0.00493108615293027
1782404148.341283,0.04748957450610037,0.005065240148246394
1782404209.0038218,0.047220501885672374,0.0050338328310054305
1782404269.804975,0.04688739700887792,0.005011253626140841
1782404302.020271,0.04663697866031624,0.00497135046948702
1782404362.619712,0.04754370838548168,0.005064820123224984
1782404393.2691503,0.04756010112969339,0.005062102389883738
1782404453.8865087,0.047040959414981535,0.0050268542556326035
1782404484.5363846,0.047496946601215305,0.005084457298216183
1782404545.1285906,0.04742996789970821,0.0050534346162582336
1782404575.8044178,0.04751133960736851,0.005053977404500978
1782404636.4890747,0.048038321463779884,0.005113930410714767
1782404697.0996501,0.04607711664722975,0.004879213439563917
1782404727.7828054,0.04678239011272334,0.0049686121108641025
1782404788.4525268,0.047293546583312016,0.005037919466236031
1782404819.0754871,0.04766913754104032,0.00509497680969859
1782404879.7953396,0.047432036322457904,0.005018243859687568
1782404910.4591758,0.04744782215175221,0.005059804658798202
1782404971.106142,0.04613193967033612,0.004900378258013928
1782405031.8028245,0.047599184427031496,0.00507928669425082
1782405062.4378405,0.04783987111199574,0.005106142368911568
1782405123.061083,0.047779149769701025,0.005109140763779639
1782405153.708005,0.04644389905222317,0.004939254645755545
1782405214.3714266,0.04933011251818296,0.005241321886371206
1782405244.9612737,0.047749905784182166,0.00508101479457957
1782405305.6469662,0.04709124580231418,0.005014693475354285
1782405336.3258595,0.04783297559891505,0.0050807449857947174
1782405366.99612,0.04781203726645563,0.005077920306068597
1782405397.6294456,0.046469483073461534,0.0049369818585375804
1782405459.7548306,0.047405142387147214,0.0050498884586979475
1782405490.7383716,0.04783774202976579,0.005093279384619372
1782405551.3318064,0.04847445552156465,0.0051425230818878485
1782405582.0367556,0.04731016386906652,0.005047364497352208
1782405642.6811292,0.046266428183042066,0.004912364679978781
1782405673.367897,0.04825925546150898,0.005112577170729616
1782405734.047902,0.04625221268136578,0.004918150270196114
1782405794.7052102,0.04751969770009377,0.005027830093210433
1782405825.4005058,0.04630703332748386,0.004929130829847185
1782405886.016292,0.045347037509977796,0.004828745320002501
1782405916.6994898,0.04796154532339363,0.0050966847891947935
1782405977.3308933,0.04713704572207753,0.0050158827044257965
1782406007.9538157,0.04628952711572665,0.004914493328428155
1782406068.6002095,0.047834446213098306,0.005088050219588569
1782406099.200757,0.04630321782996511,0.004926874132263374
1782406159.794915,0.04770977138214199,0.005068736616743834
1782406190.407421,0.046574776619720426,0.0049631228296852835
1782406221.0351868,0.04658237335631949,0.004964407809086036
1782406251.624481,0.047079045151663,0.005026567258910893
1782406312.2737565,0.047555427688174695,0.00507433006478185
1782406342.8747923,0.047940816300925976,0.005106887684628225
1782406403.5511897,0.0469817737165068,0.005008495145283991
1782406434.1997433,0.04774446422049609,0.00507612486965568
1782406494.7982237,0.047668056150821064,0.005065961203428417
1782406525.4924278,0.045795345408154504,0.004871127307570232
1782406586.141582,0.04739885131358758,0.005045160828458738
1782406616.790999,0.04692474777446077,0.005001997338200665
1782406678.1402986,0.04843208270781504,0.005157553399597039
1782406708.9943027,0.047859020155837255,0.005078645910175779
1782406769.6125157,0.00981227051277762,0.01526354755993735
1782406830.279584,0.046196661530040935,0.004898766334148715
1782406860.9633973,0.04745356443110787,0.0050471940833197275
1782406921.6287363,0.04673385863896222,0.004972994124863733
1782406952.357808,0.047088675628553865,0.0050114437553059185
1782407013.0002248,0.04666030612240228,0.004954999536363597
1782407043.610689,0.04707490107403977,0.0050239675291303704
1782407104.223979,0.04690410239873787,0.004977401421006828
1782407164.8994868,0.047853606339923166,0.005085437808665626
1782407195.585101,0.046251738283846044,0.004907688614111801
1782407256.264904,0.04709940707487738,0.0050137112904735815
1782407286.9549882,0.04754571058508775,0.005053720660117907
1782407347.6227849,0.04782396855174902,0.005104403122354094
1782407378.2473872,0.04720143489547013,0.0050121301169243895
1782407408.887324,0.04734099074399164,0.00502805965457727
1782407439.4453366,0.047074917907912975,0.005014071852584345
1782407470.0823476,0.04755170291124757,0.005073682517627637
1782407530.6837065,0.046227900272752274,0.004919292870171022
1782407591.2868295,0.046598845136143055,0.004944794457051599
1782407621.8555574,0.04571007411666063,0.004866953500375609
1782407682.4315019,0.04800150275504342,0.005109563283976652
1782407713.0621161,0.04604329161327757,0.004910781437506006
1782407773.6630154,0.04759336067507426,0.005066297706390168
1782407804.3139865,0.048426392167680715,0.00515413713403592
1782407864.9158268,0.04690589259025499,0.004984698756635718
1782407895.5191936,0.04691077912648154,0.005005490607089652
1782407926.2696095,0.04728438244556151,0.005026328862890368
1782407957.2183714,0.0477273482805082,0.005084717785626736
1782408018.2514317,0.046704216017018706,0.004970186764560558
1782408048.9170134,0.04767473422612291,0.005058277117207061
1782408109.5700495,0.04755484874328754,0.005074011548192314
1782408140.3050797,0.04697934964254088,0.0050345197178990365
1782408200.9483712,0.047849853824316384,0.005096412751517738
1782408231.5999596,0.04851438437032382,0.005179094392680834
1782408292.2537677,0.04796192516599936,0.005118087216930377
1782408322.8939338,0.04702416986993619,0.005002231993777088
1782408383.3441408,0.0464747352289797,0.004950486496233679
1782408413.6895332,0.047258348103571005,0.00505429594987304
1782408474.3796735,0.045882774326050126,0.004890962971110927
1782408506.7402737,0.04481063872091698,0.004764620258321751
1782408567.4978921,0.04747585946032867,0.005068059892117668
1782408628.2152655,0.04751332625599275,0.005052539424769803
1782408659.0233989,0.047330111834678876,0.005022392116443024
1782408719.5623791,0.04772513340009824,0.005073797869821281
1782408749.9389632,0.04667859361957311,0.00497511310857928
1782408810.3202589,0.046906494280943394,0.004987244696636238
1782408840.8949811,0.04801361715455568,0.0051164415348753075
1782408901.4111238,0.046300659044531775,0.004960367036499352
1782408961.958414,0.046768234110365604,0.004981289104423163
1782408992.4056518,0.04669690006514427,0.004977265867159277
1782409052.8426383,0.04712258754464852,0.005029802393867515
1782409083.8435602,0.04855812603094056,0.005168948441405797
1782409144.8742595,0.0464734301360817,0.004942212604924399
1782409175.4524708,0.04724719037663825,0.005053045820924702
1782409235.9650328,0.047604420293707615,0.005057664735167003
1782409296.463687,0.04680162161244206,0.004980892564367956
1782409327.0210633,0.0478379543569899,0.005086594479038137
1782409387.551545,0.04766665385678972,0.0050802671220919375
1782409417.9104266,0.04756949219210937,0.005057997098681723
1782409478.2556021,0.04678821925154215,0.004977757784497908
1782409508.6187375,0.046886528642635907,0.005002803703034989
1782409569.1638534,0.047195961387311434,0.005033068245350874
1782409629.7306657,0.047599530127373155,0.005071728919681051
1782409660.271838,0.04766005015233118,0.005074542705747946
1782409720.7920759,0.04759436854525816,0.0050607509662145035
1782409753.52089,0.045816779444401025,0.004848966184672591
1782409814.0765512,0.047314665285260696,0.0050493985405790105
1782409844.5986063,0.04742229434875039,0.005033483443811244
1782409905.1953955,0.047455569629280464,0.005080196272580155
1782409935.8672342,0.04737959809513943,0.005044508362710685
1782409996.4813302,0.04879009450072362,0.0051888260899056685
1782410057.1375942,0.047263545681007615,0.005042025112577646
1782410087.8253987,0.046576625418013114,0.00497721306552158
1782410148.525162,0.04709465485704803,0.005004454972409881
1782410179.2162473,0.047101104339932816,0.004999069753841016
1782410239.8437662,0.04610248392968877,0.004936706478154254
1782410270.4184308,0.04744479184392361,0.005065749317827781
1782410331.016725,0.046767933406217765,0.0049614783675478785
1782410361.6107411,0.047056125669982816,0.005023108215407637
1782410422.1875334,0.04676015487698929,0.0049627112280318224
1782410482.7540843,0.0468282440086284,0.004980999510068228
1782410513.3380477,0.04620026059991502,0.004922806191148216
1782410573.908235,0.04524180347498957,0.004818099456392623
1782410604.5214055,0.04665343462781278,0.004966216835379648
1782410665.1481106,0.04672202693380356,0.0049810952752612206
1782410695.748519,0.0480070217901659,0.005100089158417862
1782410756.423588,0.04645508086788985,0.004956165130554749
1782410817.043759,0.04701673492472404,0.004998907488599207
1782410847.6986566,0.04768974639569038,0.0050693018576243015
1782410908.305914,0.047085455120308865,0.00500302418395721
1782410938.8843558,0.047192672638130574,0.005021807048810446
1782410999.4906242,0.048044090412265504,0.005135015386011136
1782411031.0047183,0.046520926286896136,0.004947831380814663
1782411092.5829682,0.0478312422926107,0.005099210637227218
1782411123.159893,0.046716739182988944,0.004979439853358283
1782411183.81187,0.04831720162508779,0.005166018212935534
1782411214.3985054,0.045203881213513875,0.004819202889953373
1782411244.9713848,0.0453203589268441,0.0048297516848140615
1782411275.5945346,0.04886354751699262,0.005207821859762205
1782411336.205761,0.04712683809576464,0.00501395804159921
1782411366.7755961,0.04751496504873628,0.00507151042837083
1782411427.3649473,0.04574168309786085,0.004860326307112041
1782411457.9936666,0.047286208575647984,0.005032657863806752
1782411518.641807,0.047671101198687546,0.005056194005003088
1782411549.2721958,0.04684162499369151,0.005007494761834488
1782411609.9397829,0.04769921064378993,0.00509196901053097
1782411670.5498831,0.04620636412136415,0.004914083589550351
1782411701.1501112,0.047820386718137986,0.005084594500850876
1782411761.76592,0.0478356411395784,0.005098986408372763
1782411792.4057198,0.04627417307277444,0.0049258736374707904
1782411853.0007374,0.0466391691940014,0.004973657377691718
1782411883.6203218,0.04719204621272449,0.005030860186788447
1782411944.194579,0.046858197967470386,0.004990836816387197
1782412004.7619636,0.047241650312690696,0.0050203693532216076
1782412035.39766,0.047035247065672345,0.005029709395640334
1782412096.0741155,0.04660554092748432,0.004966084263497465
1782412156.7367492,0.048167106011889345,0.00514407683651405
1782412187.4151921,0.047044162018611405,0.004988777918808283
1782412248.03085,0.046842844757226804,0.00497134806096101
1782412278.713709,0.04616772692255864,0.004918328051975903
1782412340.358088,0.047102574685259496,0.005016865868013759
1782412371.0281646,0.047799054385881064,0.0050759082405440106
1782412431.6687074,0.04685388475165237,0.004990027318461076
1782412492.3675191,0.04684110136330989,0.004997108281342858
1782412523.1423178,0.04790501338380735,0.005108173323780948
1782412583.7127433,0.04806276734246395,0.005122062645661066
1782412614.2754827,0.04689288358464262,0.004992801340765541
1782412674.8046675,0.04597006771169312,0.004895842377837174
1782412705.342574,0.0460025022333999,0.004884842518348673
1782412735.8734467,0.04598069480980543,0.004884007836290508
1782412766.4573646,0.04789150559937006,0.005097474315505302
1782412827.085238,0.04731632364329053,0.005045515235493551
1782412857.6631181,0.04719981051399465,0.005032599698379859
1782412918.1904457,0.045286239800498555,0.004822299783543086
1782412948.7990615,0.047621674219142235,0.005062125038362056
1782413009.3580177,0.04751305122258864,0.005057622488027212
1782413039.8966274,0.045989456698376084,0.004928153317257387
1782413070.5433292,0.046398538281550154,0.0049590762372470985
1782413101.1080854,0.04711227883648815,0.005034533436308864
1782413161.6550162,0.046421099616478625,0.0049531702101246545
1782413192.152189,0.04772374246425018,0.00508452751461865
1782413252.7084403,0.04663075637068498,0.004972763835647994
1782413283.2134075,0.04642137428364149,0.004939769111413914
1782413343.8258634,0.046290266463701484,0.0049465002004943385
1782413404.4206452,0.04741827942784314,0.0050666166445710314
1782413435.012802,0.04595958677724561,0.004893319410761911
1782413495.5818663,0.04736759602498061,0.005049999988635176
1782413526.1669416,0.04719196023992581,0.005038002941423007
1782413586.722489,0.047425519802733525,0.0050659534835864415
1782413617.3144484,0.046442805061455456,0.004942875849970972
1782413677.885056,0.047603723035990336,0.0050760531878146185
1782413709.032176,0.04610969389408624,0.0049234520205843745
1782413770.5437238,0.047930842777236415,0.005094524864466883
1782413801.1165588,0.04625611551320436,0.004912907112224195
1782413861.7286448,0.04626355747511686,0.00492482920336408
1782413892.3356283,0.0473859652415091,0.00504986087084353
1782413953.051338,0.04821293000899137,0.00514088173034695
1782414013.677734,0.04818416396559778,0.0051419190496129474
1782414044.2933192,0.04819954765088001,0.0051572428082191785
1782414104.882981,0.04814828960630859,0.005141664933706331
1782414135.4781222,0.048083562567243304,0.005118533938133685
1782414196.1147227,0.046861150795467606,0.00497060545560021
1782414256.6762662,0.044605065565367474,0.004737611832713132
1782414287.2639585,0.04569911312620958,0.004853023138396326
1782414347.8445642,0.0471494985828081,0.005038359621172554
1782414378.403921,0.04707080155774215,0.0050146294176637626
1782414438.966072,0.046231915698955794,0.0049292792048115245
1782414469.5025437,0.0459847230215863,0.004891916158627068
1782414530.0868313,0.04696658530593262,0.005005040535581105
1782414590.6753702,0.047301007341723676,0.005035409960102135
1782414621.2216876,0.04616583616797327,0.004913106454576894
1782414681.789681,0.04871354154985764,0.005151302489137849
1782414712.3566165,0.04539255140102333,0.004837618527858786
1782414772.9706872,0.047763429619447795,0.005075414930516747
1782414833.571645,0.046331481811077185,0.004965547355929964
1782414864.1165974,0.04733505111972625,0.005037994204478327
1782414924.656986,0.04643326548272472,0.00495210183302868
1782414955.2057538,0.047542353798269356,0.005072271712654072
1782415015.7559907,0.04794091130232085,0.005090829160447719
1782415046.3433125,0.047363039543325575,0.005049814584695557
1782415076.9774418,0.04728008898531814,0.005039274600570642
1782415108.6483862,0.04749328730982275,0.005062919525404282
1782415169.2756412,0.046051544851600214,0.004887398587691877
1782415199.8941295,0.04646060414351509,0.00494106871852705
1782415260.4640818,0.047364756308180975,0.005018337005807671
1782415291.0574017,0.0471476091004071,0.005025310436418111
1782415351.7137578,0.046865341808648577,0.004994096831575694
1782415382.350623,0.04720506429824251,0.005026742375363062
1782415442.9743505,0.04747464187782544,0.005026692624644721
1782415473.536,0.04584229265749065,0.004880327274055267
1782415534.0827847,0.04724358236143647,0.005074950893594669
1782415564.6578212,0.048208203152965395,0.005124096857365805
1782415625.2237778,0.04622863810858895,0.004923406038166652
1782415655.763832,0.04730016102369666,0.005053860557726725
1782415716.2976658,0.046183448405857634,0.004922258110663872
1782415776.900102,0.04843867994717882,0.005148982583889313
1782415807.4848642,0.04716109147865202,0.005021267256869274
1782415868.099692,0.046665629747996214,0.004965257371718926
1782415898.6465771,0.04618922338406544,0.004906798073935434
1782415959.1615033,0.048791399561103246,0.005197092992044881
1782416019.8460612,0.046974110437808206,0.00498044009677463
1782416050.5229845,0.04634408627756374,0.00492649756028324
1782416111.1786225,0.0455556875831105,0.004836573203247728
1782416141.752211,0.04661683740952768,0.004953868029585387
1782416202.3124526,0.04696891044191807,0.0049920721183387
1782416232.8611546,0.04841770221663104,0.00514818496838866
1782416293.4952836,0.046664723529972994,0.004972540907346727
1782416324.1050444,0.04770683131539242,0.005090834884557366
1782416384.6639113,0.047207763566454515,0.00502392258894309
1782416415.1912463,0.04752201059713385,0.005063202080895957
1782416445.7731948,0.047482781434698154,0.005055173638185594
1782416476.5778067,0.04630313863698672,0.004920031251423409
1782416537.5322742,0.047270896712724546,0.005020485200529314
1782416568.562923,0.0459224160658206,0.004892266905323171
1782416629.2569306,0.04711692770319088,0.005003911185517359
1782416659.8082168,0.046601447367972115,0.0049484516183509655
1782416720.3424366,0.0469342056378091,0.005002109631919119
1782416751.047295,0.04675295541405607,0.004962610182183389
1782416811.6919057,0.04631718317778459,0.004930019423984113
1782416872.2884917,0.04934946235802884,0.0052624123257869315
1782416902.8348157,0.047546815356007494,0.005060239188304194
1782416933.4300067,0.04868191516118322,0.005201325502977093
1782416994.0606225,0.04774289640617732,0.005095283983438819
1782417054.632882,0.046702760888530134,0.0049643188185547055
1782417085.2001467,0.046658426679636156,0.0049567804077018844
1782417145.9329557,0.04666176336642645,0.0049691858310659245
1782417176.5865943,0.04719657124791891,0.005022875885142633
1782417237.1961946,0.046750434146200996,0.00497284817854093
1782417297.7541578,0.04671742824852153,0.004973986217928818
1782417328.314669,0.04700563361780044,0.004986333112754669
1782417388.8736627,0.04725978663470361,0.005039948953359044
1782417419.456156,0.04668053521414265,0.004948812874016812
1782417480.0251737,0.04644794399271799,0.004930951351143451
1782417510.585883,0.04710752660688594,0.0050131257514745555
1782417571.1725745,0.045981179721158574,0.0048852292088555896
1782417601.85699,0.04792670991879275,0.005086645325582505
1782417662.4601405,0.04795250167398536,0.005118449658941363
1782417693.0400536,0.04652064825350157,0.004961447258795321
1782417753.5886834,0.047906201421594734,0.005107839998633364
1782417814.219909,0.04782814903405368,0.005087933289153697
1782417844.8277261,0.04853815365604723,0.005182153660251842
1782417905.4242454,0.04579407227900673,0.004890327056870606
1782417936.9469957,0.04638127829586035,0.004916142108337743
1782417997.6348372,0.04749142305139632,0.005044353044887974
1782418028.3298109,0.04576870281258944,0.004889188963650947
1782418088.9338412,0.04645376312953775,0.004953506789272134
1782418119.513812,0.04636826697657497,0.004927463150533561
1782418180.0838475,0.04809425474837492,0.005130255250288368
1782418240.6758354,0.046710816099032014,0.00499952075018905
1782418271.2838428,0.046760523868680966,0.004978288470112623
1782418331.8345788,0.04662512474466412,0.004940355094397712
1782418362.3540602,0.04779791597676098,0.005092328298010206
1782418422.9275053,0.045897749258970805,0.004878123521620112
1782418453.522938,0.047964279618719505,0.005106118515927854
1782418514.1506913,0.04584836771048264,0.004874184478890054
1782418544.7408826,0.04674713093218995,0.004971540177586006
1782418605.2927349,0.04662805798509219,0.004936246107623817
1782418635.8660874,0.047236448503172344,0.00504145315602584
1782418696.4322226,0.04825952582111937,0.005134295780193002
1782418756.9938588,0.04651951311341112,0.004950424089852928
1782418787.518741,0.00984757902801691,0.01527465303610027
1782418848.0586178,0.046089976049488786,0.004911356885861528
1782418878.6193886,0.04821375545842424,0.005126770124508389
1782418939.152097,0.04711367147140062,0.005005126067721763
1782418969.6932,0.04622290573480965,0.004935734621547197
1782419030.3011694,0.04650178180142151,0.004940269840797731
1782419090.8567772,0.04642236238641571,0.004958266229862117
1782419121.4339392,0.04685331923697645,0.004980881853076328
1782419181.9899385,0.04800637817561928,0.005071763448681437
1782419212.5600188,0.04838602158772478,0.005152804911202367
1782419273.1225188,0.04747454586016441,0.0050329887667936255
1782419333.708134,0.04960116205235871,0.005279355339420097
1782419364.3214412,0.04698968109648242,0.004999380386647237
1782419424.91083,0.04638940408369809,0.004918048278274745
1782419456.4224987,0.047194651601870176,0.005010757208725293
1782419517.1393497,0.04759695712855772,0.005067611683380823
1782419547.774524,0.04759746977010647,0.005082750072030758
1782419608.358845,0.04683777545541302,0.004983932043229857
1782419638.949697,0.04701606018220697,0.0049918383655634035
1782419699.577688,0.047044405272168646,0.004985881448551339
1782419730.1755998,0.047824789671143134,0.00509083047988386
1782419790.8062456,0.04735251283974865,0.005032157212856571
1782419851.3980842,0.04793594652963959,0.005108296287585133
1782419881.973265,0.046871887886530204,0.005004718783038524
1782419942.5541446,0.04671924605400702,0.004962514838915482
1782419973.1265624,0.04722488424848321,0.005033279057129674
1782420033.7381217,0.04826041511536797,0.005148687087425583
1782420064.320724,0.04645242708808692,0.004959043441941826
1782420094.9211078,0.04642947973525235,0.0049576256232833245
1782420125.4467833,0.04781614015531577,0.005096222707201045
1782420185.9921846,0.04638775864430464,0.0049445116488614545
1782420216.5370173,0.04622989741314286,0.0049124999999847554
1782420277.1664698,0.04723248376678626,0.005036525529641501
1782420307.792918,0.04671549860331439,0.00495416282384931
1782420368.364617,0.046405066360746865,0.0049535783671774405
1782420428.9232023,0.04726399973074302,0.005038394419046094
1782420459.4715645,0.047869641757490713,0.005085509200493692
1782420520.0689216,0.047459091802984604,0.005049080802560289
1782420550.670759,0.04698618601284885,0.004984575286380289
1782420611.2542512,0.04729910043853924,0.005024426099467867
1782420641.8223057,0.04699603526103141,0.005009042204528127
1782420702.4094949,0.04745354919318233,0.00504982050981702
1782420763.0379922,0.04823061318917402,0.005113901929339444
1782420793.6654904,0.04680037272572385,0.004988162764034768
1782420854.308261,0.047952740115221285,0.005118637802509617
1782420885.757296,0.046297216332413425,0.0049130357633511415
1782420946.4072433,0.04646386972082557,0.004934492077512364
1782420977.0823205,0.046849092216015506,0.004991912326882434
1782421037.8636,0.04792303770521495,0.005123874524440956
1782421068.5380683,0.045389364312903635,0.004848999316268918
1782421099.089231,0.045398310229676594,0.004849734843866651
1782421129.6129525,0.04709670738234887,0.005024491966662415
1782421160.1347702,0.0460396734978334,0.00491914817721933
1782421220.7177575,0.047232849621500685,0.005045349104226632
1782421281.293856,0.0461435627485709,0.004921287951471199
1782421311.937565,0.04763299904268717,0.005061115602015521
1782421372.5065823,0.046499761047760636,0.004935520893986621
1782421403.0755043,0.046566271668445174,0.004975488335718774
1782421463.6089973,0.04757532961399757,0.0050886816394814195
1782421494.2120361,0.047516346589257304,0.005050043711625394
1782421524.7862875,0.0478058938679629,0.005086127569934694
1782421555.3421159,0.04710126911432596,0.0050243386171245005
1782421615.918231,0.04553724527449075,0.004841329924575736
1782421646.5125275,0.046919260469647894,0.005003596888107105
1782421707.1328704,0.046590954873838256,0.004969726230012876
1782421737.8113446,0.04724845729555971,0.005027099210121481
1782421798.3924334,0.04810463933560713,0.005132458354754426
1782421858.9914584,0.04811644713722498,0.005127122069564045
1782421889.5606184,0.0499702402550031,0.005324676700551018
1782421950.1486795,0.04687993116881902,0.00500071803960391
1782421980.7546344,0.0471772443508416,0.00501634335536152
1782422041.5628235,0.04747624150065267,0.005072489319372029
1782422072.1542156,0.04681785944313062,0.004984947513715567
1782422132.7085865,0.047776128343548434,0.005095684820492683
1782422163.3077617,0.04734978001006257,0.005023914179059436
1782422226.207339,0.04754192549508723,0.00503919319309047
1782422256.8277657,0.04759080391303655,0.005075351373226455
1782422317.4347146,0.04655204696147682,0.004935740982813505
1782422378.065219,0.04758340883548216,0.005076638729268319
1782422408.6839154,0.047403961202679014,0.0050366647892688765
1782422469.321405,0.04577355277603675,0.004893962501943906
1782422499.9505084,0.047384511905042406,0.0050527915775614805
1782422560.5141551,0.047265243169972736,0.005026481645351864
1782422591.1542845,0.04647413936743674,0.004942724732875323
1782422621.8639934,0.04719057750677375,0.005016937412337826
1782422652.5199087,0.04649672985078434,0.0049618753167272505
1782422683.127285,0.04836968257942126,0.005154374561756537
1782422743.7263963,0.04800574731465413,0.005090419313775282
1782422804.3417244,0.047667107370932695,0.0050609557247251625
1782422834.9645429,0.047558963824068975,0.005092562418662497
1782422895.589028,0.048161786637164354,0.005114740200155744
1782422926.1813066,0.04670216009109437,0.004957610917971174
1782422986.7852054,0.04710483031277058,0.005019103390736153
1782423017.3649323,0.04691765943244806,0.004996685729563286
1782423078.0387928,0.04663954763135597,0.004971165033859935
1782423138.713213,0.046958884443802584,0.0049998901123803514
1782423169.4370232,0.04621402998119639,0.004916295172447297
1782423230.1001108,0.04751344964008833,0.005070053995733671
1782423290.7602992,0.04740178948678876,0.005052233249216742
1782423321.3905885,0.04792672975754912,0.0050973878890733775
1782423381.9717972,0.04595896517694525,0.004904312010113679
1782423413.1241565,0.04755521485466079,0.005070341642511359
1782423474.145777,0.04575925617528478,0.004886317862933067
1782423504.7586296,0.04728796945490011,0.005050413478988042
1782423565.4972568,0.04772830916474326,0.00509501018193742
1782423626.1340177,0.046372941077985674,0.004937849680209852
1782423656.7085629,0.048137551401641124,0.005135483360299631
1782423717.305857,0.04773513742609914,0.005095822571067727
1782423747.9125347,0.047741932290314315,0.005107076604831503
1782423808.493306,0.046077494962137394,0.004926622615122361
1782423869.067269,0.0472324968687737,0.0050294994377092185
1782423899.6723413,0.04627144504078623,0.004928982131789558
1782423960.3352897,0.04739794573228736,0.005049826019030453
1782423990.9853368,0.04785006249517368,0.005084094426432043
1782424051.6407511,0.046167402331684135,0.004913609034382181
1782424082.1920226,0.04640401451769833,0.004930762782145386
1782424112.8068943,0.04640401451769833,0.004930762782145386
1782424143.4065795,0.046322603484626995,0.004933643628828915
1782424204.0967534,0.048144220661857424,0.0051272700524228765
1782424234.7155356,0.04776505938002865,0.00507448628901318
1782424295.3523872,0.047029376120464976,0.005018375562190017
1782424325.9425502,0.04742149494670621,0.005042436395649415
1782424386.6499307,0.04793082627543485,0.0050908396532221845
1782424447.2863626,0.046936886856979596,0.005011422009549333
1782424477.9111588,0.04730053149568219,0.005016153497063736
1782424538.4631083,0.04762003942656373,0.005094046991693726
1782424569.028933,0.047789769112781884,0.005088556900063776
1782424629.6136775,0.047659376525235324,0.005094528116144973
1782424660.1762502,0.04760226828539652,0.005066277211900906
1782424720.7447045,0.04522966310610349,0.004812863385389928
1782424781.348961,0.04747419031026766,0.0050541541602139905
1782424812.5392935,0.0474201440864967,0.005036581639532594
1782424873.3160162,0.04707266811053291,0.005041309229091383
1782424904.10435,0.0482889464410576,0.005138998121791536
1782424964.6408067,0.04880903416130093,0.005196082824213514
1782424995.256378,0.048790305539753366,0.005205599818105655
1782425055.9034195,0.04779151456394579,0.005093262755840233
1782425116.5859435,0.047682486252750046,0.005076266039346684
1782425147.1362846,0.04797773307420268,0.005102116125933432
1782425207.762141,0.04677369571881071,0.0049838141831261345
1782425238.4257739,0.04725194258116665,0.005030601707663786
1782425299.0547526,0.04738698427322632,0.0050523805359987475
1782425329.649773,0.04750786931692576,0.005065057803152992
1782425390.246131,0.0471662283072871,0.00501652623550352
1782425420.7840958,0.04692159053444442,0.004999360899177153
1782425481.3615232,0.0478789676271363,0.005069501311227092
1782425541.9340692,0.048606871098330194,0.005200377000590621
1782425572.4854586,0.04728495110280916,0.005036656879231433
1782425633.0784686,0.04702340858635366,0.004994874432355201
1782425693.6392407,0.047104468579838556,0.005017762618008484
1782425724.1516635,0.04611319460438119,0.004884721925913323
1782425784.7817757,0.047074417782216736,0.005015093624925678
1782425845.4562995,0.04890855363886255,0.005186389004282154
1782425876.0970554,0.04645350319552789,0.004936384723416585
1782425936.7158647,0.0457261026125138,0.0048639219415526624
1782425967.3612435,0.04658379924230486,0.004946097135781931
1782426027.969037,0.046777874108258295,0.004970532086991207
1782426088.5687623,0.04810738939870154,0.005110206567316703
1782426119.2789814,0.046561180807439914,0.004938347864084877
1782426179.939634,0.046702207188336606,0.004971545039302569
1782426210.576783,0.047539702183008826,0.00508065843867134
1782426271.232628,0.04628669451351636,0.0049069376517660804
1782426301.9989321,0.04793560947757128,0.005110850416073569
1782426362.9168615,0.04810025599383994,0.00511733390075332
1782426393.6762807,0.04689665078049017,0.004993989894438028
1782426424.2417314,0.046499707645469575,0.004953316299352484
1782426454.924324,0.04920786105458635,0.005230126172284253
1782426515.6400654,0.048202091179227406,0.005126583836932104
1782426546.2855465,0.04655088653153056,0.004943292078385234
1782426606.9488943,0.04690683177451309,0.004980912720336406
1782426637.5492105,0.04789741700732817,0.005090329097455031
1782426698.1790576,0.04585219878598119,0.00490686641192061
1782426728.815597,0.04684761305120761,0.004996599586171354
1782426759.5177531,0.04680532593548362,0.004992298997096797
1782426790.175747,0.04605609066485192,0.0049095437198630075
1782426850.858203,0.045974044394219094,0.0048725896539672155
1782426881.4734483,0.04613620113317948,0.004911048460762949
1782426942.1233773,0.047709575279471096,0.005080821062482342
1782426972.747012,0.04847323152855826,0.005145586241271112
1782427033.3579183,0.04677667692794535,0.004977965474198567
1782427064.0738826,0.046507186127347125,0.004958414082428469
1782427124.7056699,0.048003745211430575,0.005115293013395729
1782427155.3932116,0.04780506610383817,0.0050963227282278265
1782427216.022212,0.047292825291825845,0.0050359314875413315
1782427246.5671604,0.04688011467379385,0.004993732966925199
1782427307.1447306,0.047984796603388134,0.005115196375694123
1782427367.7572818,0.048152553427244,0.005128132577208146
1782427398.4582772,0.045462060040219354,0.004837125177231939
1782427459.06737,0.047758184836665524,0.00508756787439979
1782427519.645166,0.0479963269660461,0.005108572181319166
1782427551.4113798,0.04755460587929946,0.005061945525362136
1782427613.011085,0.04650588559517812,0.004945069316960592
1782427643.7429166,0.046365196952181546,0.004938817984173661
1782427704.4340413,0.04711991596750111,0.005023516104928485
1782427765.1137826,0.0482646582128484,0.005146227244607294
1782427795.7300243,0.048701160003604915,0.005201249609660011
1782427856.3877995,0.04697136996884037,0.005000112654905656
1782427887.0152194,0.04597722204104042,0.004905642736333712
1782427947.618948,0.046460064674940516,0.004939724263783368
1782427978.2282083,0.04787021686379214,0.0050895835047677935
1782428038.8091466,0.0469309734404713,0.005008642486101604
1782428069.4485111,0.04799090710143314,0.005111981652798529
1782428130.0370579,0.047708950283586946,0.005075773342047612
1782428190.5929208,0.047762736008236016,0.005093574667538663
1782428221.1468227,0.0464457347790305,0.00493262107641932
1782428281.877345,0.04776330341694328,0.005091908330502337
1782428312.4988854,0.047944386865265684,0.005104391365399028
1782428373.0727835,0.04771097909801254,0.005099729403308249
1782428433.7214975,0.046778751253893705,0.004954537876587763
1782428464.3040717,0.04796029524781736,0.00511561421199472
1782428524.9694254,0.047675482578205426,0.005069633465618539
1782428555.6353624,0.04765427909284349,0.005071759922341033
1782428616.2759087,0.04799230429437936,0.0051261644262885105
1782428646.8774602,0.048741924855243,0.005185203557085114
1782428707.476753,0.04718381095012202,0.005008764415259887
1782428768.1404252,0.04684483384486191,0.0049905364256348774
1782428798.737245,0.04659969846892182,0.004962747024896432
1782428859.3458014,0.04728695320065093,0.005026468153796928
1782428890.6872518,0.04770102268778494,0.005088285189421451
1782428951.4318507,0.04711989613739769,0.00502050702007466
1782428982.1057699,0.04720275334065029,0.005008788601295653
1782429042.8461459,0.04527819023843057,0.004832776744010057
1782429073.4379382,0.04817905151107902,0.005131326442187539
1782429134.038016,0.04840410451039733,0.005152309990059124
1782429194.6439672,0.045823055503747316,0.004857097593635236
1782429225.261905,0.04639557781967286,0.0049485536621682435
1782429285.8972187,0.04716284010771923,0.0050273886200016965
1782429316.5010252,0.0478102673159014,0.005082417167708338
1782429377.101828,0.04702812615066096,0.005008186223966473
1782429407.7509634,0.046488293574148166,0.004941307075443275
1782429468.3778079,0.009837503847056818,0.0152590094238766
1782429499.068164,0.04757638772510036,0.005061260294887955
1782429559.688668,0.048303555780046664,0.0051482860693524155
1782429590.2804315,0.04625092220487463,0.00492221117169831
1782429650.9139707,0.046527449822967075,0.004951555291869969
1782429711.5357313,0.047172894098332085,0.0050134426206521095
1782429742.1154578,0.04607826262033141,0.004913369747614232
1782429802.7741907,0.04611884280358981,0.004904079963811555
1782429833.343602,0.04638719320131307,0.004941177395283677
1782429894.0479002,0.04803927695221153,0.005104839348147805
1782429924.6814969,0.047418653891510176,0.005061097420384165
1782429985.2960048,0.04689181815998993,0.004991885312055944
1782430045.8991108,0.04536586569683144,0.0048236676803891055
1782430076.5254633,0.047319487241945964,0.005024299615514431
1782430137.1674795,0.04598603424403175,0.004898946915105888
1782430167.812108,0.0484837602504139,0.0051350451599121985
1782430228.4261951,0.04760468571520744,0.005065552030751032
1782430259.8513534,0.04759637219319917,0.005065241660829227
1782430320.5902038,0.04759951113339977,0.005077470114040484
1782430351.4604924,0.04761907928555353,0.005079750440346102
1782430412.069312,0.047715732742570856,0.005076384241920483
1782430442.7138321,0.04621391851016792,0.004932403458584567
1782430503.3495355,0.04652391040811591,0.004954554354163947
1782430564.0190322,0.048037870683463456,0.005132763672498795
1782430594.6471772,0.04713727813697997,0.005010305355785791
1782430655.2269094,0.04646194215604269,0.00496295956022342
1782430685.8135462,0.04518862314752547,0.004808946762916467
1782430746.4267154,0.04739951760721337,0.0050552168292845884
1782430777.071848,0.04635776872742995,0.004949489921010275
1782430837.6496456,0.04676875650361996,0.004969515345160635
1782430868.218767,0.04743552995193979,0.00503943579646195
1782430928.7742682,0.046766145742927104,0.004980693801929199
1782430989.3677304,0.04817198489813013,0.005140522466767021
1782431020.0424924,0.048429507179938505,0.005146268644170799
1782431080.6578686,0.04632254194891877,0.004924193011612593
1782431111.2657292,0.04726244887129985,0.005029608535936345
1782431171.8284187,0.048073566547484785,0.005133873640011132
1782431202.4879138,0.04768013663947199,0.0050809878145888976
1782431263.225276,0.046907447795703855,0.004986821123345506
1782431293.8734818,0.04696938565504765,0.005006323153268637
1782431354.4759011,0.047303467708230004,0.005039906408884156
1782431385.064099,0.04826836070327661,0.005133975620197658
1782431445.6989307,0.047233711528136,0.0050275219019227605
1782431476.3320668,0.04637199663605308,0.004928958023946203
1782431536.9096274,0.04791608554132186,0.005087808090272986
1782431597.5148573,0.046097303559291126,0.004912117586408066
1782431628.081902,0.04659126381598482,0.004956984398152653
1782431689.5672376,0.04721174698302521,0.005069561399869414
1782431720.4699128,0.04742586673846544,0.005054380314823505
1782431781.1191905,0.04728622603747979,0.005069838100959397
1782431811.801984,0.045284292269063636,0.004803579666431385
1782431872.5303845,0.048258722175174795,0.005144591721884239
1782431933.2179143,0.0481320955671905,0.0051251144376913416
1782431963.8747513,0.04665874017493921,0.004961128806190431
1782432024.4481056,0.047097240597440714,0.005006453508892443
1782432054.974448,0.04667042084352514,0.004978490376199241
1782432115.5707192,0.04671303806172506,0.004956440798519738
1782432176.2174106,0.04711453099282353,0.0050174229437391065
1782432206.7980888,0.04637643872549381,0.0049609602071563575
1782432267.3936093,0.04757212799463258,0.005077079644393142
1782432297.9450731,0.046852833035218776,0.004980759634582404
1782432358.57476,0.047655492969642894,0.005079205450425892
1782432389.1420023,0.04636623263093996,0.004947002911040558
1782432449.7378747,0.04755666294934049,0.005070891311420536
1782432480.3308196,0.04755254085557151,0.005079042799061353
1782432540.9743254,0.046866897339104444,0.005000314952940311
1782432571.5958445,0.046582112204984615,0.004953922953369358
1782432632.1730347,0.04791930311540723,0.005080324523449969
1782432692.8167853,0.046850483050203395,0.005004203093442459
1782432723.3702638,0.046331958680580446,0.0049480464575032065
1782432783.9795988,0.04631284798214673,0.004949975462320079
1782432814.559391,0.04811614566796198,0.0051477994528802765
1782432875.1414132,0.0475542972029182,0.005056047640229845
1782432905.7070687,0.04607976093737796,0.004907189045609014
1782432966.2899444,0.04758420665646143,0.00505591478550203
1782432996.9425294,0.04828827952423325,0.005161001009903074
1782433057.541823,0.047438399801576006,0.0050463526149021375
1782433118.2775953,0.04685084421462205,0.0050064010051277235
1782433150.6199732,0.046838453793813406,0.004996213620413126
1782433181.275151,0.046606604929728616,0.004971250424057367
1782433242.038199,0.04722854262130201,0.0050480051085563865
1782433272.6905236,0.04756377647866554,0.0050612231002626455
1782433333.3499053,0.04602528604997762,0.004915868389650466
1782433363.9142485,0.04797225242434822,0.005125302239106558
1782433424.5646482,0.04782200504425845,0.005104319603736928
1782433485.2062817,0.04675078559546803,0.004965530679196068
1782433515.8281274,0.04688574752996632,0.004980263351351082
1782433576.3974955,0.04759149060310441,0.005069088500187463
1782433606.953872,0.04777451306206679,0.005086909755574437
1782433667.5398955,0.047343917965742784,0.005037364856779662
1782433698.1631126,0.04763176648339926,0.005097741623046829
1782433758.7306209,0.04653032379192567,0.004966279424822459
1782433819.3152058,0.04762341494667252,0.005062234139771289
1782433849.9060676,0.04723225919377374,0.005033633980621437
1782433910.5075436,0.0468947339069521,0.004986919636051417
1782433941.1324642,0.04516516149696274,0.004813199841666829
1782434001.777774,0.04684464987818595,0.004984726944452962
1782434032.4207263,0.009823709662915662,0.015314179640629156
1782434093.034951,0.04613083619037602,0.004911703590399615
1782434123.619095,0.04640417006588823,0.004928392086855763
1782434184.2333117,0.04741278704336754,0.0050402573443282285
1782434244.834636,0.04709278170100886,0.005017951297528394
1782434275.4385362,0.047462640807848816,0.005057532154675006
1782434336.0434403,0.047531105685863426,0.005059764255588126
1782434396.6338315,0.04888580386147219,0.0051935585533818525
1782434427.5604415,0.047673991320243345,0.005085289940486562
1782434488.4893923,0.04766926688301475,0.005050102135405805
1782434519.2948275,0.048276789249347654,0.005141828668391116
1782434580.0019517,0.045542838788600146,0.004844589166099068
1782434610.768199,0.04601076536370998,0.004901477758363218
1782434671.4159045,0.04692011982426494,0.0049930062904886205
1782434702.0380468,0.04655051480010573,0.004941484962171384
1782434762.6463287,0.04802873687947962,0.005096895864001448
1782434793.284844,0.046793416173098464,0.004975534048590409
1782434854.0406601,0.04724814688482318,0.00502404974332427
1782434884.6078904,0.0479922639041411,0.005121113303464533
1782434945.1619787,0.04635821259812842,0.0049292067911261
1782435005.7983136,0.04776419739553124,0.005060945043408509
1782435036.4672465,0.048777606511646886,0.005186001020261442
1782435097.065855,0.04692142040478745,0.004988803480077829
1782435127.67729,0.04718982782796994,0.00502509334649385
1782435188.314765,0.045983913743223116,0.004894672967818826
1782435218.9529374,0.04685318370246714,0.004995525941633265
1782435279.6052837,0.04713878251896818,0.005018916188354676
1782435310.207722,0.04722481789565675,0.005039497634637956
1782435370.7888098,0.04669637415214936,0.0049762912977853796
1782435401.3498797,0.046925066859889265,0.005020837157192911
1782435431.9628239,0.047133658002726606,0.005043805595500428
1782435462.559699,0.04644148179572268,0.004924038882450842
1782435523.134622,0.04796647705110902,0.005119482250691699
1782435553.773529,0.04771391411690076,0.005071333810303399
1782435614.380166,0.04776626777848164,0.0050776771372207895
1782435645.0559304,0.046150299286658404,0.004943717415934858
1782435705.6857874,0.04720622824315562,0.00504331120501671
1782435736.2950196,0.046243622367235976,0.004917803707821283
1782435798.9765754,0.04674261560857483,0.004992674492072516
1782435829.576881,0.0471967490706156,0.005063610703382343
1782435890.3430772,0.046044197854966676,0.004886533472568489
1782435950.9980905,0.0473223843900031,0.0050292095438115155
1782435981.6856945,0.04792895200319821,0.005098688899774657
1782436042.2767243,0.04706097819811398,0.004993811239914041
1782436072.8752553,0.04767341437346946,0.005095483210159655
1782436133.5486233,0.04572466702372203,0.004876010205714454
1782436164.2005844,0.0460992430465773,0.004887658735082033
1782436224.9220705,0.047831989267787374,0.005091006873357921
1782436255.4978054,0.046958161738078014,0.005018868310200741
1782436316.0593212,0.045928661210554715,0.004891777286641748
1782436376.5790029,0.046645707972218765,0.004979778259755382
1782436407.1620948,0.04799603282334392,0.005112179811868259
1782436467.740233,0.047030621457371934,0.0049940679941133295
1782436498.3213491,0.048480218257230305,0.005162952079532663
1782436558.9235778,0.04801877699311813,0.0051344773424704115
1782436589.5077083,0.04657016394322673,0.004969995351643239
1782436650.1394594,0.045869712617018006,0.004870730141717829
1782436710.7523596,0.046173501061839234,0.00489836663088859
1782436741.3492424,0.047672041210688736,0.005052321633701153
1782436801.9748838,0.046454216980751334,0.004969518268918629
1782436832.6027236,0.047785981558014855,0.005092266648774237
1782436893.2172816,0.046115850805094866,0.004929822940328438
1782436953.8609345,0.04791533442665056,0.00510868439891537
1782436984.4854121,0.04749237100222863,0.005084383538873498
1782437045.1602874,0.047087151388864185,0.00499575047859421
1782437076.0319867,0.04754133952126938,0.005059899424337716
1782437138.5421546,0.045310049715864824,0.004812407614215533
1782437199.145962,0.04765946444147019,0.0050621136031761636
1782437229.710274,0.04779827930557718,0.00508325290180391
1782437290.3429878,0.047161670768811635,0.005014760350187317
1782437320.9724817,0.046178239035996965,0.00492074557645148
1782437381.5524724,0.04628923392267819,0.004947310759789105
1782437412.1806958,0.04695141565484474,0.004988259888349904
1782437472.8454535,0.047265517007658735,0.005022555576834018
1782437533.4880443,0.04690240177429056,0.005003676624135503
1782437564.1143913,0.04711411184035798,0.005009981604540227
1782437624.7616253,0.04736237070008219,0.005042969206419802
1782437655.4259179,0.0470668254985776,0.0050224998097771765
1782437686.059709,0.04704108008110999,0.005019111732455796
1782437716.7798512,0.0478303810867037,0.00510190683105106
1782437777.4583356,0.04808887583116314,0.005118440502244939
1782437808.0852726,0.047295059384830924,0.005048223574872402
1782437868.6963284,0.04771816761194196,0.005098457035697113
1782437899.2814374,0.04684229362128279,0.004972536929592501
1782437959.8955731,0.04778892843437704,0.005099293961442794
1782438020.4886837,0.04831417030430205,0.005163196831315324
1782438051.0830812,0.04731426841705516,0.005038429187666943
1782438111.709239,0.047239260529411235,0.005046041310136363
1782438142.3361566,0.04672977590623064,0.004972456325729619
1782438202.8168616,0.04723770821290107,0.005036164655085374
1782438233.4027348,0.04799172860662794,0.005115347148605062
1782438293.9982102,0.0457021965725828,0.00487230795428552
1782438324.6480858,0.047124680722744706,0.0050239312851893
1782438386.9136865,0.047062408573421415,0.005005344194384103
1782438447.5592072,0.047677399075244604,0.005081954179954628
1782438478.3092291,0.04746382679089267,0.005060321693486955
1782438538.9306827,0.045023768323750345,0.004805433525691344
1782438569.5893497,0.04760114391322608,0.005067406327898339
1782438630.2151103,0.04641146880412414,0.004928652063108225
1782438660.8240192,0.04717125184026614,0.005018003518371348
1782438721.3898392,0.0467711531054948,0.0049787927401589395
1782438751.9996817,0.04754276663764294,0.005066486613166455
1782438812.621874,0.04568262327563757,0.004863171887096268
1782438873.2339084,0.045675622529524965,0.004872687954237132
1782438903.8240757,0.047846761557318054,0.005114100895538481
1782438964.414283,0.046496140737992964,0.0049791340502338115
1782438994.9903882,0.0459059929789041,0.00487828310453218
1782439055.605192,0.04562512390798684,0.004864009537168499
1782439086.194619,0.04735314454669421,0.0050374494626536275
1782439146.8081183,0.04882424031802998,0.005221468724585742
1782439177.4193456,0.046302464775131724,0.004938343734247188
1782439238.048434,0.046450713875285286,0.004948874437273748
1782439268.6855984,0.04816967627437564,0.005130198833189423
1782439329.2873294,0.04478226340648263,0.004764631402486509
1782439390.0253468,0.048135921037607415,0.005133049077424278
1782439420.66923,0.04715850993247548,0.004996015230882835
1782439481.2148578,0.04654597625084017,0.004955982627369829
1782439511.7666447,0.04733243079881628,0.005036996200072363
1782439572.3207603,0.04717744321208848,0.0050095113313135195
1782439602.9095268,0.04651513746967323,0.004945010862477258
1782439663.5213046,0.04822949896603083,0.005159716008401681
1782439694.451896,0.046630666508238806,0.004952347118358177
1782439755.6627672,0.046946846126949354,0.0050260146496218
1782439786.3382638,0.04733955662776844,0.005045253670100267
1782439847.0250227,0.04728876742865716,0.005036329772339329
1782439907.6309817,0.04615464679910211,0.004924481565843398
1782439938.267849,0.04756394873189266,0.005066205304937102
1782439998.8212306,0.04732425150534747,0.005048409502472475
1782440029.372656,0.048210101278701095,0.005129452079362802
1782440089.930836,0.048082404582833194,0.005126910047177872
1782440120.545427,0.0465213576563071,0.004953787958518217
1782440181.1371722,0.048432895625329944,0.005154575360124389
1782440241.7378585,0.04800069513614886,0.00510444236455026
1782440272.355995,0.047005590218138944,0.004995667769641917
1782440333.019077,0.049050236042593905,0.005218085994529456
1782440363.669392,0.04667523122616933,0.004964909427237004
1782440424.306939,0.0477758916553808,0.005078682742336759
1782440454.932704,0.04640505921444354,0.004939057255386532
1782440515.5881062,0.047478838087768996,0.005062907004613568
1782440576.1759012,0.04652160955543054,0.004936719963712694
1782440606.8187218,0.04731083010947972,0.005058523530578399
1782440667.4258237,0.048011413102031435,0.0051085408697962575
1782440698.0165746,0.04787300024660797,0.005104259097555735
1782440758.6210406,0.04625699699891638,0.004951968911078391
1782440789.2508574,0.046346322466154305,0.004931566908000757
1782440849.878661,0.04736578416877146,0.005033985806501767
1782440910.4407597,0.047061661836389955,0.004993630799386833
1782440941.0632274,0.047230529457984435,0.005029174782943584
1782441001.7571576,0.0463540915207327,0.0049375133996966865
1782441032.3663626,0.04715083364518342,0.005007502082643426
1782441092.974251,0.0471275247347105,0.005035263235681818
1782441123.6115427,0.04753316436458269,0.005050798373554177
1782441184.5757759,0.04775496018846343,0.005084083908932255
1782441216.6513078,0.047605103206901325,0.00504758953935106
1782441277.3299859,0.04625574955695842,0.004934086539223591
1782441307.9881353,0.04843980426078587,0.0051534976024573634
1782441338.6121688,0.0484400406245984,0.005150841420030628
1782441369.2873082,0.047004050505808914,0.0050211726754473655
1782441429.9625971,0.046434262556959205,0.004940386690185844
1782441460.5781333,0.04765133845791183,0.0050917095897889154
1782441521.1964617,0.04886789872207114,0.005212749936679527
1782441551.7946112,0.04778390396876935,0.005079126246264469
1782441612.3978353,0.0469011432301401,0.004992578755503519
1782441643.0470595,0.0478140279659308,0.005095242140545875
1782441703.6474063,0.04692463389176642,0.005008412379840562
1782441734.2400906,0.04668470293079487,0.004978796442155164
1782441794.8320346,0.0494087300271887,0.005272482113159272
1782441825.4477692,0.048415694263534835,0.005137081681187896
1782441856.1184144,0.04842065562393514,0.005137141643310642
1782441886.7511058,0.04721728144042084,0.0050160124484847305
1782441917.4236279,0.0455035380600974,0.00485374332412729
1782441978.070053,0.046890494059998435,0.005001250155380395
1782442038.6795874,0.04721412338467756,0.0050337961033640926
1782442069.338116,0.04652411560522551,0.004951705352436949
1782442130.0210998,0.047370111137060286,0.005044962506502338
1782442160.6397882,0.04575153747691839,0.00486233898281708
1782442221.229661,0.04744416598711461,0.005049244692723751
1782442251.8508992,0.047358141024906174,0.0050581651534891865
1782442312.5729718,0.04777271526889096,0.005096511589261069
1782442344.9965637,0.04683113029554927,0.004990122921694331
1782442405.6398735,0.04846956852183853,0.005168364241033361
1782442436.273044,0.046554201652518536,0.0049607505596225765
1782442497.0049171,0.046653205196279926,0.004962605800528466
1782442557.66762,0.04717579671211994,0.005005788702787862
1782442588.2246966,0.046933613625022554,0.004991476132470022
1782442648.7918491,0.0471515348736007,0.005026622565116367
1782442679.379805,0.04746002141275935,0.00507418422612604
1782442739.9835038,0.04745936890519651,0.005069393367714215
1782442800.597396,0.04773220236925431,0.005092397332423352
1782442831.2097518,0.047932324823607125,0.0051077011908683785
1782442891.857979,0.0469499906374067,0.0049916450885681175
1782442922.5153968,0.04834311884923972,0.005172204001382231
1782442953.1684232,0.04830871618084119,0.005168468183467641
1782442983.752373,0.047210600148969696,0.005032687227598438
1782443044.3512213,0.04707906860335074,0.004996680160520284
1782443075.012602,0.04693980078297313,0.005026050209108289
1782443105.6309788,0.04701223851321858,0.005033300614765928
1782443136.2909482,0.04810737910607983,0.005136294875644858
1782443196.951379,0.046938152421675754,0.004991127504595061
1782443227.5888052,0.047316884350504684,0.005034334231415264
1782443288.1934533,0.04591758808131279,0.004872086158122245
1782443348.78213,0.04750831161389051,0.005053602370110387
1782443379.3990493,0.04684934772402248,0.005004394044835857
1782443439.9988549,0.04713767910486765,0.00503549963942381
1782443470.5645697,0.04799478307263905,0.005118724929302932
1782443531.0933788,0.045275253243418016,0.004825424840596104
1782443591.765778,0.04624783648533843,0.00491104602628137
1782443623.0554159,0.04712686119061637,0.005011575850333708
1782443683.8426769,0.0459914395948088,0.004888260000619381
1782443714.5967562,0.04728601963143829,0.005027390078958922
1782443775.266959,0.04760732948946039,0.005066949818669051
1782443805.9321654,0.046778851343386905,0.004974598062285106
1782443866.573618,0.04777721617943818,0.005095397520685416
1782443897.2132387,0.045351132383689124,0.004821603298163481
1782443957.8249266,0.04611118926457849,0.0049119918450996015
1782443988.4684951,0.04726123986045506,0.005050599831943342
1782444049.04009,0.04703005256462041,0.0050110094948192935
1782444109.6476655,0.04702211630410096,0.004987023910056726
1782444140.240682,0.009834738553998435,0.015318189038672868
1782444200.8238423,0.046516411350427694,0.004958272522610418
1782444231.4610808,0.049286653821861474,0.00526153306346203
1782444292.0476766,0.04743104301657549,0.005053440220036271
1782444352.6924465,0.045674375337022455,0.0048617762035746935
1782444383.2690594,0.045725891137219345,0.0048683540570469384
1782444443.8729212,0.04720654770308647,0.005022609206058522
1782444474.5280151,0.04789679244370212,0.005076886106033291
1782444535.1408157,0.04705285390686313,0.005000562149133209
1782444565.7761497,0.048039166249305425,0.00512289338100569
1782444626.397394,0.047646210742023944,0.005072080326114824
1782444687.0215905,0.04652862813520533,0.004946146985487882
1782444717.681139,0.0476090462452735,0.005053767514480534
1782444778.3071873,0.047840131019321226,0.00508804219227064
1782444808.8951976,0.048386744926850384,0.005143287236057099
1782444871.1519263,0.04519063011540205,0.00480051326152345
1782444901.8022218,0.0500422932666664,0.0053155908895858904
1782444962.3970177,0.04710398714476046,0.005009504117970004
1782444993.214726,0.04716200471848027,0.005029878316901168
1782445054.4819493,0.045751001203990796,0.004859633089634943
1782445115.2408547,0.0473108969577766,0.0050272259391319135
1782445146.1167989,0.04806458006197237,0.005116560166933953
1782445206.8014843,0.04727577573339578,0.00502367009603602
1782445237.486387,0.047523598750148985,0.005061704518282503
1782445298.139379,0.04747131706355023,0.005070695952947008
1782445328.7862747,0.046359519011888325,0.004932082157769573
1782445389.4538698,0.04801542913627608,0.005120523420050134
1782445450.0063434,0.047319096155102006,0.005035037024819626
1782445480.59148,0.04706359336682854,0.005014183877991575
1782445541.1905344,0.04665979954437279,0.004977161792590373
1782445571.807435,0.047680667790381166,0.005075540172149407
1782445632.4632177,0.04877215453234257,0.005202704647161025
1782445663.0637226,0.04758789773233734,0.005067955591444897
1782445723.6216588,0.009842499904902756,0.015266409742989772
1782445784.3065183,0.04787673229075531,0.0051310053945811725
1782445814.941481,0.04743620615498888,0.0050493006477779516
1782445875.5349634,0.047607622482533245,0.005062194867286418
1782445906.1594224,0.04584963223734459,0.004886978930694985
1782445966.8698268,0.04646530863927571,0.004946902114974169
1782446027.5105214,0.04750517888562251,0.005037655418914464
1782446058.0741994,0.04715541593615831,0.005035678710359685
1782446118.599692,0.04613415353964526,0.004907931340162969
1782446149.174898,0.04806079336552833,0.005086285919843013
1782446209.7294743,0.04709948319246865,0.00501106558617036
1782446270.3331342,0.04689819947804593,0.004977180818357313
1782446300.884658,0.049444073637501106,0.005277693367642649
1782446361.4848146,0.047661902455317776,0.005083942189949125
1782446392.1387703,0.04609278254217918,0.00490523075936626
1782446452.753824,0.045872309517402995,0.004900056002819055
1782446483.9628448,0.04671560686155066,0.00498263419917343
1782446545.01937,0.04694761628247959,0.005004696390240123
1782446605.8174999,0.04821595397969061,0.005118793553493985
1782446636.4882934,0.04692529511372145,0.005007661096015182
1782446697.1150448,0.04640109794237198,0.004965285114683069
1782446727.739463,0.04857989561954652,0.005174743395332443
1782446788.3568094,0.04494247038988766,0.0047864147606889
1782446849.0158255,0.04677340940731856,0.004986020587572403
1782446879.651194,0.04651674297034629,0.004951170074902475
1782446940.2682426,0.04846371339497692,0.005165682670251535
1782446970.946573,0.04753575155359757,0.005068182416243988
1782447031.5747612,0.04732390105433587,0.005031127362575075
1782447092.1625688,0.04632881622279108,0.004934643390005211
1782447122.725003,0.046921862235957935,0.0049822840740060366
1782447183.2828016,0.047184356326688874,0.005016761661211113
1782447213.87991,0.04727058442433447,0.005009203962699176
1782447274.508967,0.04668420515438503,0.004980053778832003
1782447305.1447947,0.047251242848009564,0.005054339438873466
1782447365.72725,0.04608045080624352,0.004895227247029172
1782447426.3699713,0.046722354892561754,0.004978849222616399
1782447457.0195177,0.04751480674989957,0.005058375460427093
1782447517.6483564,0.048844689444735766,0.005214939537668212
1782447578.2397394,0.048225976102644626,0.005130237450843537
1782447608.9030282,0.009854391900213172,0.015340057917994632
1782447669.5150642,0.04612939167630167,0.0049292424781072295
1782447700.124007,0.04648629679147724,0.004956718751869949
1782447730.787495,0.046499364950266846,0.004957584177179567
1782447761.4500556,0.0469687362820073,0.004991258701731457
1782447822.1078908,0.047620510348100914,0.005062342094617897
1782447852.9994504,0.04726291065538723,0.00505236476587622
1782447913.9898715,0.048009783075219324,0.005104800097915906
1782447944.8422878,0.04746209507484557,0.005064615848212654
1782448005.4661205,0.04657476334961559,0.004953672638662155
1782448036.0208218,0.045827376519558566,0.004897800371670226
1782448096.7952669,0.04767804193845191,0.005074171591021461
1782448157.4327803,0.04676472099464156,0.005000100318176328
1782448188.075536,0.04581720098440217,0.0048788784848649465
1782448248.706559,0.04713326202170651,0.005040077058857152
1782448279.3701205,0.0463950083476765,0.0049404974941697835
1782448340.055818,0.047903693226358846,0.005106405440238722
1782448370.692954,0.04798928456597687,0.005094410005047745
1782448431.3215084,0.04698724825365893,0.005000943264465358
1782448461.969364,0.0461352434785839,0.004930644975419749
1782448522.579081,0.04754760737265944,0.005077102932289243
1782448553.266929,0.04760164633003695,0.005094883980493224
1782448613.898471,0.04727434129544784,0.005017485398622067
1782448674.5310118,0.04660822076691904,0.0049703685814584285
1782448705.1582997,0.047262503525652144,0.00503524171265922
1782448765.8371832,0.009810084746225594,0.015264044396505
1782448796.4419343,0.04827377932015409,0.0051434578597064325
1782448857.1050835,0.045758366102849536,0.004892516201276849
1782448887.6916106,0.04658665834757033,0.004973040909238696
1782448948.2537184,0.04793957463860422,0.0051241218565683646
1782448978.8586943,0.04752393887509205,0.005040883275024988
1782449039.4321537,0.04797385675757536,0.005123837360251634
1782449100.0416625,0.0480241188416631,0.005108386383576669
1782449130.6783981,0.04703089316987976,0.005002013706505341
1782449191.2820885,0.04759308231901246,0.005050345288949208
1782449251.951701,0.04728532164591511,0.005060116555655917
1782449284.9936018,0.045692067100938254,0.004871783809595833
1782449345.6470425,0.046847312460461074,0.004995843861635885
1782449376.403829,0.04713892695550038,0.004997621220990705
1782449437.1220794,0.047353647226194645,0.005045454534910352
1782449467.777528,0.046440183131372895,0.0049449561523906985
1782449528.4678512,0.048101727656892204,0.00513643455878581
1782449589.0563514,0.04582679904050192,0.004866727141887288
1782449619.6663134,0.046265842395282954,0.004890375068445416
1782449680.2674153,0.04785494563299219,0.0050813005176210116
1782449710.8844545,0.046520306085014125,0.004945158970268245
1782449771.455285,0.04699586684465346,0.005005120817043016
1782449802.0500624,0.04724629085954066,0.005027075377788556
1782449862.7335489,0.048015634437374013,0.005101409824673703
1782449923.3467581,0.046825145148505574,0.004990596106974643
1782449953.9691188,0.04664541430667569,0.004979118445866195
1782450014.6102679,0.0473052215859396,0.00504463852717579
1782450045.2540078,0.0483039427125015,0.005157763562869329
1782450105.8507278,0.04726503169184655,0.005042950052487633
1782450136.4597702,0.045738954276908286,0.00486579667251216
1782450197.061262,0.046165992413390235,0.004930005411640798
1782450227.7314506,0.0477561334854397,0.005085757591841552
1782450258.379769,0.04769301852390465,0.005078202299765462
1782450289.0131588,0.045999485839971654,0.004898558017216668
1782450349.673825,0.0481318391021307,0.0051136178688405975
1782450380.309479,0.047202547480324236,0.005028479422951559
1782450440.9198723,0.04747343820230605,0.0050434724903572654
1782450473.7923403,0.04758400549168439,0.005084238657083865
1782450534.6218064,0.04740758681807018,0.0050426566655452825
1782450565.1926901,0.046157129687127,0.004927111824725441
1782450625.779093,0.0465247491570699,0.004957719973245814
1782450686.3686543,0.04921396931238494,0.005260402934247297
1782450717.0025098,0.04702228130570685,0.004975556628850561
1782450777.610833,0.047766382114760246,0.005086095184133967
1782450808.2569065,0.0470666365734008,0.005016187417819293
1782450868.937425,0.048829343902739075,0.005218770263360791
1782450899.592729,0.04723944316196418,0.005011450171887686
1782450960.2796805,0.0475818830615889,0.0050827656182890445
1782451020.8927171,0.046589362533591014,0.004958985865588858
1782451051.5227222,0.04765793572585163,0.005080595005277272
1782451112.191911,0.046320028859812526,0.0049276162396036565
1782451142.8488286,0.04793742563245044,0.00510812800186069
1782451203.4541557,0.04702590346036893,0.005002331081639225
1782451234.0464604,0.04748944350521356,0.005053161978500417
1782451294.660448,0.047027003393773484,0.005005551384355027
1782451325.3291614,0.04743808446704247,0.005058562958855794
1782451386.0017197,0.04720929272551714,0.005033872096782478
1782451446.6090758,0.04849390308488707,0.005169240681594392
1782451477.1787045,0.047383608918977894,0.0050440048975662465
1782451537.8015506,0.045964968513895456,0.004891989417910911
1782451568.4342,0.047014438129564136,0.005015478836905122
1782451629.0290349,0.049308617963262656,0.005248060622296806
1782451659.5901847,0.04777079791893076,0.0050960135141803
1782451720.150469,0.04653413016185611,0.004951925931229448
1782451751.8513813,0.04743692495541366,0.005061535058121288
1782451813.4514952,0.04701666417591327,0.005013025455896335
1782451844.0531623,0.04771206445132054,0.005084081502886701
1782451904.7107046,0.04858764693406224,0.005187757006212589
1782451965.3937247,0.04776833665175948,0.005092053099645279
1782451996.069178,0.04736972508372479,0.005039015041795266
1782452056.7543614,0.046829184858913735,0.0049691161048058515
1782452087.3466015,0.04665417780902916,0.0049709712828533426
1782452147.9154356,0.04668206612837408,0.004965956503242509
1782452208.558756,0.047728383150642636,0.005084804669090394
1782452239.2113218,0.04624035910331212,0.004916523712143517
1782452299.897162,0.04799619134450237,0.005121297311930334
1782452330.5667458,0.0477502903196125,0.005109242882842866
1782452391.1426091,0.04798407876078429,0.00510977598617542
1782452451.778162,0.04760495554367566,0.005069731942878261
1782452482.4070249,0.047498986498640275,0.005053203457822769
1782452542.9406748,0.04661419166587028,0.004966704732199811
1782452573.564388,0.048528743556885266,0.005174888722145273
1782452634.199856,0.04743402633408165,0.005031738260926516
1782452664.8692195,0.046741376312507764,0.004957844805379676
1782452725.4836097,0.047338194283728166,0.005054303132979624
1782452756.1179018,0.04680911067321292,0.005007688918209953
1782452816.7384484,0.047488157722218705,0.005051179288713615
1782452877.3660767,0.04701105901911656,0.005007142061910817
1782452907.9803982,0.04721559737707703,0.005031368791537723
1782452968.579084,0.04759680438454688,0.005064770613429598
1782452999.22009,0.04744795637733904,0.005056860191889249
1782453059.823505,0.04631443883690933,0.004918778859921719
1782453090.719581,0.04701332779265549,0.005000964330339166
1782453153.1482072,0.047078974217090626,0.00499666538671227
1782453183.7509003,0.047371677440867496,0.005050189547958423
1782453214.378274,0.047186787211073396,0.005029323372711912
1782453244.9579406,0.04734102427796725,0.005024391165099986
1782453305.6394267,0.0473401672537407,0.005064495290885591
1782453336.2682483,0.04767824968871607,0.0050829895734318615
1782453396.9320755,0.04752261720540357,0.005051970486557188
1782453427.4813375,0.04634474078918843,0.00494351490078736
1782453458.043051,0.046644665923263676,0.004974347437967661
1782453488.641394,0.04651312048207456,0.004948488235255107
1782453549.2623892,0.04629612525343039,0.0049349746015905655
1782453579.9043136,0.04784787480226385,0.005113605806712298
1782453640.5519333,0.044847984147850614,0.004767997654558806
1782453671.159246,0.04674719251903705,0.0049779008336602254
1782453731.8188264,0.04677355507766366,0.004972219772965942
1782453762.4846866,0.04702539676472697,0.005003439110975977
1782453823.0893,0.046719645613599925,0.00496137131764294
1782453883.7351863,0.04873600967565144,0.005182275579636662
1782453914.3482082,0.04769493392306131,0.005090133300120881
1782453975.026971,0.0472814008653047,0.00504502091760105
1782454005.6809719,0.04610471047865002,0.00488977930245672
1782454066.3078249,0.046918307696811296,0.0049818041688759656
1782454096.9047437,0.047055829472802395,0.0050112751873031035
1782454157.4899576,0.048887466140138225,0.005217305575160541
1782454188.1296937,0.046785529921449936,0.0049901193083968735
1782454248.7976863,0.04790332333667912,0.0051048788233700555
1782454279.419879,0.04695451421032931,0.005013645284393031
1782454340.8948264,0.04679651191567331,0.004974559581741185
1782454371.8679612,0.04754294205515605,0.0050592971028335125
1782454432.566252,0.04674423939894487,0.004977651725500574
1782454493.2542229,0.04723062015233335,0.005018099529774891
1782454553.8694212,0.04744010990042153,0.005048001834404094
1782454584.4880114,0.047944713613182595,0.005095617046161713
1782454644.9981115,0.0494505689793072,0.0052476920329692775
1782454675.590859,0.04751754665538938,0.005077213786402568
1782454736.2050955,0.04910700116937697,0.0052198662277050676
1782454766.8368702,0.04707824172509221,0.0050086852795483165
1782454797.5366795,0.04705994232135523,0.005007275939771237
1782454828.2181044,0.047063473705583975,0.005008978314433823
1782454888.9220922,0.0472954836605891,0.005011307572694132
1782454919.512533,0.04644402250593977,0.00494925606241126
1782454980.1826508,0.048348282800919705,0.005148439569107622
1782455010.8486848,0.046381632968699654,0.004952286105230904
1782455071.4604301,0.046387718318742034,0.0049490809712072
1782455102.0933092,0.047803495000632946,0.005108741535106894
1782455162.673107,0.045868121645327754,0.004880871138300177
1782455223.2934546,0.04742334349235694,0.005037118630765238
1782455253.9644961,0.04613882293903541,0.004907367783796436
1782455314.5910196,0.04642254143769708,0.004959452373134861
1782455345.177645,0.047765452780088945,0.005103701489980949
1782455405.8385055,0.04622989798092485,0.004916894846353434
1782455436.48635,0.048435862413156505,0.005157014927802362
1782455497.068299,0.04745672751815684,0.005066990486167913
1782455557.705593,0.047505434411449235,0.005042215897590207
1782455588.317195,0.04599053966908911,0.004887915394281938
1782455648.9229987,0.046702071678820435,0.004950398589090874
1782455680.1452463,0.047717341631369876,0.005063281477020865
1782455741.7532396,0.047403024202672575,0.005051551447130666
1782455802.488399,0.04625863218720335,0.004917304589631249
1782455833.2167094,0.0483659251371455,0.005127263266704488
1782455893.8872244,0.047699064278277796,0.005056404622022935
1782455924.512549,0.04679565012541256,0.0049796567926352064
1782455985.1196604,0.04733692205688337,0.005033910051176067
1782456045.71609,0.04722661271019629,0.005031673092311872
1782456076.3265662,0.047932782944405054,0.0051116820131859595
1782456136.9762971,0.04831130715330095,0.005139997282456458
1782456167.5400326,0.04595473946301281,0.0049041882343812924
1782456228.2094183,0.04614387302054945,0.004926034204961433
1782456258.8850462,0.04740126330713192,0.0050450731070632235
1782456319.4588547,0.047661479084302676,0.005099029674112434
1782456350.011286,0.04624828957422812,0.004917394067919683
1782456410.6095443,0.04684246700879613,0.004981434901599711
1782456471.2930279,0.04667641034668895,0.004970870729326921
1782456501.9427824,0.04601432929374854,0.004872723719637836
1782456562.5420785,0.04590238031038012,0.004876792443550985
1782456593.2001064,0.0467994774931009,0.004994738516919327
1782456653.8393595,0.046017756041536136,0.004912553302749807
1782456684.5105808,0.0472440945516334,0.0050363736974557115
1782456745.2334194,0.04781703860822248,0.00510769254480693
1782456775.8492293,0.045878299174454566,0.004881495622583359
1782456836.4868915,0.04771647562772257,0.005083315740335077
1782456867.1459677,0.04714189506615554,0.005029043749326665
1782456927.7449386,0.047815529132407636,0.00508771723228098
1782456988.3614278,0.046779087222736854,0.004987761114730179
1782457019.0029895,0.045917328805273175,0.004885823777284465
1782457079.9757574,0.04782315746076964,0.005106993994562359
1782457111.2032316,0.047596818573122056,0.005054886581948833
1782457172.1552813,0.04880487671513555,0.005206109602126358
1782457232.8077617,0.04686877774521279,0.004986915470916424
1782457263.510326,0.0463524882929718,0.00492810308948364
1782457324.2362573,0.0471612170091581,0.005030574199400661
1782457354.940395,0.046574600788234936,0.004957975876430316
1782457415.6026628,0.04823363306946318,0.005167382242603307
1782457446.2284825,0.04757229382075297,0.005058794258564197
1782457506.8360415,0.047641837028081044,0.005080412057030447
1782457567.4698226,0.04749671335562311,0.00505601998227236
1782457598.0697165,0.049373161911314495,0.005256185313403823
1782457658.6451538,0.04674848826782413,0.004978870766847154
1782457689.2143936,0.047056821006718715,0.005008515322551946
1782457749.8601427,0.04598988506855654,0.00488241956989273
1782457780.557348,0.04639271681359591,0.004942366804276454
1782457841.2180457,0.046439858513115634,0.004956866012822
1782457901.8267376,0.04854087762803919,0.005172866322939785
1782457932.4487476,0.047212905675098595,0.0050308131152564375
1782457993.049623,0.04633148774871098,0.004934992315992528
1782458023.6523764,0.046650453151322484,0.004962712016428443
1782458084.245562,0.046120556496296136,0.004925783778648225
1782458114.809709,0.04650982271620197,0.004958881250867324
1782458175.3276958,0.046108532102704894,0.004906456886385147
1782458235.9576051,0.049449150867446286,0.005247365543983715
1782458266.6118104,0.04664636098219084,0.004957362924604488
1782458327.1529632,0.047556617349229974,0.005053427848819078
1782458357.7230554,0.04718694456335932,0.005018541984966996
1782458418.2916095,0.04657737427294107,0.004949689990136064
1782458478.9799438,0.04750925990628085,0.005036014244599087
1782458511.667529,0.047350392981758305,0.005042194501504737
1782458572.2919428,0.04611929035855705,0.004917653037343451
1782458602.943278,0.0479663128116878,0.005098567711851401
1782458663.5208757,0.0462971570910765,0.004927469615444025
1782458724.226844,0.04821715379828613,0.0051325600892261685
1782458754.8273063,0.047184912681382335,0.005010600709357038
1782458815.482548,0.046971117320716446,0.0049871508347948445
1782458846.0217867,0.046975723253482815,0.005013420998371084
1782458906.5968199,0.047487720339879906,0.005061286786414891
1782458937.2054496,0.04593857737054314,0.004878050151080987
1782458997.8549337,0.04737437934361652,0.005044387146556089
1782459028.415066,0.04676120495034014,0.004989878152965477
1782459089.0779126,0.05016927705449584,0.005312410873067617
1782459119.681002,0.04741240232534572,0.005051268960259534
1782459180.3040082,0.04836724547682677,0.005149980972039146
1782459240.9901323,0.04789376257368857,0.005110783665514026
1782459271.5920076,0.04693319722759129,0.0049836886614343665
1782459332.2036662,0.048168482837513835,0.005129177612122243
1782459362.824271,0.04739611909174778,0.00503589144954549
1782459423.4591208,0.04690557746055621,0.005001697933834963
1782459454.074379,0.04625924324085233,0.004897838448572524
1782459514.6978226,0.04803062188233593,0.005112902598312741
1782459575.3445683,0.04705356883668408,0.005011960865888826
1782459605.9967768,0.0472872402212038,0.005046230155263764
1782459666.6280878,0.04784655381385801,0.005076837137579349
1782459697.244503,0.04804518711169799,0.005130937868099605
1782459757.8586054,0.04715321632055068,0.005051523217575071
1782459818.4926937,0.04746764209998827,0.005062837691524025
1782459849.9469316,0.04746941204327247,0.005050693235190553
1782459910.7362142,0.046667437523966106,0.004983383534097175
1782459941.5479376,0.048161739164706216,0.005110475608602776
1782460002.5136006,0.04554714937668414,0.00486670561948164
1782460063.186742,0.04675944683682343,0.004967798870369219
1782460093.8029497,0.04767468325269781,0.0050978932414598175
1782460154.4372969,0.0491770231401029,0.00523889560190047
1782460185.0928779,0.04655796332468574,0.004940357490900868
1782460245.7231698,0.046694647211640045,0.004984484208709771
1782460276.385811,0.04642564917174506,0.00492382195683186
1782460337.0322995,0.047060262183603714,0.005027387258062393
1782460367.6426125,0.04655579637694739,0.004946656455755507
1782460428.2064342,0.046998715278117956,0.004996716818637334
1782460488.763499,0.04692445055356742,0.005005779214816982
1782460519.3754165,0.048339469307376225,0.005139460959338322
1782460580.0131352,0.04653077686704639,0.004953645078978942
1782460610.6293008,0.04702722309370458,0.004999726643551998
1782460671.2163265,0.04798819603014428,0.005120113727771769
1782460731.856397,0.047247299952551246,0.005010223309634974
1782460762.4775002,0.04665789279901476,0.004940369295690436
1782460823.115087,0.046451607444373884,0.00494190138184853
1782460853.7836304,0.047486471330684,0.005051559472123538
1782460914.4520307,0.04677548697563588,0.004989224218204137
1782460945.097375,0.04654793707933334,0.004964480383319586
1782461005.7273796,0.04713807508075455,0.0050393440031167355
1782461036.2991803,0.046549170437926536,0.00495863160083679
1782461096.9709074,0.04707341514460229,0.005002817466890668
1782461127.6832082,0.04427758452715092,0.00469955277400427
1782461188.3134172,0.04605795531643953,0.004918104152933276
1782461249.7333367,0.04742312000921886,0.005039908353353435
1782461281.4160712,0.04744837272409453,0.00504227097523177
1782461342.1241994,0.04646338421899728,0.004942219635160325
1782461372.7289436,0.048099473589287185,0.005093509458541565
1782461433.367793,0.046364961051202344,0.004911332048334303
1782461494.0294135,0.04742720457665774,0.005039857887742565
1782461524.6877482,0.047548087134586255,0.005051969455841743
1782461585.276477,0.04612274205608586,0.004899531237133585
1782461615.8871267,0.04692914647102688,0.0049973848676874814
1782461676.5016305,0.04721959300416863,0.005047062747122854
1782461707.0981135,0.04868712048105055,0.0051815841563345524
1782461767.6951177,0.04604878598204862,0.0049150576388670856
1782461798.428361,0.047070777965955615,0.005000459711691529
1782461859.1601224,0.045891032504251125,0.00490933862749478
1782461889.7805114,0.046709078283517454,0.004991086089609425
1782461950.4254208,0.04675913475184658,0.004956913072152324
1782461981.0562074,0.04637232369966698,0.0049412861536201535
1782462011.7569993,0.0464043290607576,0.004944524194425232
1782462042.4135802,0.04744615121671351,0.00505003465012975
1782462103.0978403,0.04654772866180465,0.004939792098808024
1782462133.6988678,0.04687403295570668,0.004998859634892865
1782462194.3174043,0.04647343886273459,0.0049427684470054545
1782462224.9570518,0.046942378196196295,0.004979071134787331
1782462285.5815978,0.04732499264961254,0.005036988011119531
1782462316.2076,0.046433232095678456,0.004933839074184367
1782462376.812526,0.04833250472484168,0.00514269728269348
1782462407.4122758,0.04683222063077986,0.004978019699490399
1782462468.0789006,0.04704865929489731,0.004996352610555277
1782462528.8343618,0.04639529779592043,0.004938806983804637
1782462560.8819976,0.04752588479880849,0.005061083472904682
1782462621.425367,0.04848893045843419,0.005158764588361774
1782462652.1089077,0.048384316718565565,0.00514284084764536
1782462712.7184763,0.047977226559168744,0.00510249922980711
1782462743.3118122,0.04616819564278964,0.0049286047414707525
1782462803.8216054,0.046620276509725805,0.004945483193841723
1782462864.3798664,0.047680981663164035,0.005076800490324156
1782462895.0559757,0.04681697834752462,0.004980199825360721
1782462955.6269343,0.047383506802704575,0.005039673078960062
1782462986.1735713,0.04609720845154071,0.004888500279542648
1782463046.7522025,0.04742810824285506,0.005031004641582486
1782463077.3314464,0.04641042496190021,0.0049529966598417284
1782463137.9607325,0.047481665629843454,0.005051764650476217
1782463168.5178814,0.046534087951062404,0.004944439249608742
1782463229.1139648,0.045647779480952944,0.004861375274518557
1782463259.661258,0.04836257846890752,0.005163588213112984
1782463320.3232765,0.04673672356120905,0.004964423200710146
1782463380.9733958,0.04776736301658863,0.005107632184619092
1782463411.535386,0.0471919340720524,0.005020734860023759
1782463472.1000562,0.047313376705773916,0.005023879248322989
1782463532.6805975,0.048074152670289194,0.00512295936099763
1782463563.2344599,0.04691601510757642,0.004986982316519068
1782463623.8141496,0.047249655563246284,0.005040764553950852
1782463654.3806992,0.045093599314843066,0.004802012516660983
1782463714.9712038,0.045838117330383406,0.004889769408830304
1782463775.5225515,0.04742539705291275,0.005051975233749665
1782463806.1625435,0.046027796212450234,0.004899902484888178
1782463866.7172315,0.04686121856636508,0.004983816460543734
1782463897.29544,0.045173622911254874,0.004796710171009281
1782463957.8386948,0.04778058611927923,0.005113748034560995
1782463988.4753783,0.04637619351854223,0.0049471997257478344
1782464019.198154,0.046256751487792125,0.004934708517749445
1782464051.0733101,0.04753961689822485,0.00504280907555107
1782464081.7044885,0.04603320111520031,0.0048975106377104225
1782464112.299503,0.04601144495863731,0.00489466234963954
1782464142.9045753,0.04740325557244359,0.00505188841907545
1782464203.5086238,0.04664419729116104,0.00497604622503575
1782464234.1717572,0.04647380350619245,0.004953977360462986
1782464294.7524958,0.04740805979547115,0.005039346176789769
1782464325.3936546,0.045384976270606565,0.004842740745507242
1782464385.9766328,0.046508617533626444,0.004944498065719931
1782464416.5912988,0.04712494883750907,0.005005130884694013
1782464477.180331,0.04727391283957026,0.005037247124887206
1782464507.7638657,0.0460510459825127,0.004901464214498014
1782464538.3278239,0.04590309199104981,0.004885063030069034
1782464568.9510636,0.04618687534407747,0.004914745756042527
1782464629.516804,0.04599406506090226,0.004907332039461017
1782464660.1119332,0.04656304086175962,0.004953664387614564
1782464720.6993155,0.04655087466071766,0.004959656123973561
1782464751.2518373,0.04796116144574334,0.005105665587797276
1782464811.7520003,0.04720190520434864,0.005022189222350436
1782464872.3254747,0.04605460667041093,0.004901403255029443
1782464902.8999884,0.04767803444550657,0.0050788949771157724
1782464963.4621365,0.047572464821949524,0.005081126619425588
1782464994.0197055,0.0459457537360145,0.0049052273106355146
1782465054.5650852,0.04806084998630738,0.0050978944833913326
1782465115.1640103,0.04615613431132544,0.004909743478191462
1782465145.7898479,0.04527552130455056,0.004815551769659958
1782465206.3813918,0.047298443763921,0.004993733970538286
1782465236.9644713,0.04766885469821459,0.005060645269376917
1782465297.5352392,0.046245029044815165,0.0049329578889166425
1782465358.1228805,0.046744783336881646,0.004971706869031158
1782465390.9143205,0.04601439857953259,0.004895482442931422
1782465451.5529351,0.04894156484747258,0.005221703941736
1782465482.128102,0.04776558994518172,0.00509234718925193
1782465542.8549411,0.04639285453514381,0.004945882592083965
1782465573.6001675,0.04900604348064937,0.005220879210099583
1782465634.2488286,0.04594891564084706,0.004881725296211364
1782465694.8377612,0.047843960218708646,0.005105494913835331
1782465725.4016426,0.04772659056255266,0.005099918525855192
1782465785.9678109,0.046709583692453045,0.004961011042760825
1782465816.5275905,0.04634605233891579,0.004932102503687546
1782465877.1098986,0.04707576531512898,0.005008968494079822
1782465907.6765752,0.04753552385210155,0.005077767190218863
1782465938.2717388,0.04740553705929616,0.005061649340432413
1782465968.8843105,0.046677066356249776,0.004976427811861252
1782466029.457519,0.046512990991026446,0.004955201299665689
1782466060.0699985,0.044495231641293945,0.004747063905248956
1782466120.5888577,0.04599655517692778,0.004914843847940159
1782466151.1828058,0.0479918326194169,0.005112308975192374
1782466211.8001025,0.04782919650369006,0.0050988593388809535
1782466242.3594713,0.046959772421975965,0.005004611936152914
1782466302.9189606,0.04674750207447243,0.004992225046875934
1782466363.5323684,0.04637866538815075,0.004949342416787066
1782466394.1580749,0.047979105220888656,0.005116794169430195
1782466454.750955,0.04607376459323593,0.004903002303755493
1782466485.3717813,0.047394331125877945,0.005038985411553355
1782466545.9497235,0.0462400115956769,0.004946465755467336
1782466576.5210402,0.047376561865188196,0.005046924725248678
1782466637.1375813,0.045104217404853125,0.004810438725684572
1782466697.7002509,0.04699398000368406,0.005002967908793875
1782466728.627819,0.04650801935715559,0.004959310457185794
1782466789.975727,0.04945166196924036,0.005273702438943194
1782466821.2807152,0.047699888700057494,0.005090307943292956
1782466881.8968208,0.04711486315125902,0.005036667318347124
1782466912.509981,0.04815926475650546,0.005130346506532484
1782466973.1608033,0.04716499917337083,0.005050441041992468
1782467003.741043,0.04617770491396549,0.004903270505915474
1782467064.2962956,0.04823137802656913,0.00511643369767237
1782467124.8441489,0.04807853556378046,0.005130281218129462
1782467155.4289339,0.04688871912194572,0.0050065028581364225
1782467216.057875,0.04729303105338576,0.0050436677158927756
1782467246.6224208,0.04608502519075523,0.004911453432957942
1782467307.2341235,0.0475900847689123,0.005059251760022911
1782467367.756644,0.04754086737111763,0.005069083921276897
1782467398.3118086,0.046261167413837484,0.004946741506515012
1782467458.8966582,0.0465714187642803,0.00495842329383056
1782467489.4316936,0.04562687441324984,0.004848661166340089
1782467550.0861819,0.04631779351525408,0.004934407033954684
1782467610.6780777,0.04662536790593719,0.004977974378251409
1782467641.3030076,0.04914419861636945,0.005270623700585131
1782467671.9120731,0.048122494067151335,0.005123233974586689
1782467702.4714425,0.0481811018785828,0.005127571046593518
1782467733.0144603,0.047203167677482075,0.005027560153900054
1782467793.5982156,0.046463432758342846,0.004972022828494532
1782467824.2296042,0.04723253453646531,0.0050275041283450094
1782467884.805829,0.046568113942460826,0.0049987168432874774
1782467945.4266422,0.046429364236198346,0.00495211999546824
1782467975.9964287,0.048853392144709504,0.005183679960054355
1782468036.645883,0.04697317786405409,0.005006355438995621
1782468097.3462307,0.04610940655437873,0.004893262633625797
1782468127.8872018,0.04743160606310952,0.005057215088767973
1782468188.4813712,0.048138004848671034,0.005114725158717466
1782468219.9751127,0.04599948688698261,0.0048947467869128805
1782468280.641669,0.04491854246729509,0.004788689864364809
1782468311.6070178,0.04591909706166011,0.00487657217338574
1782468372.2259443,0.046630533744429686,0.004983250330860623
1782468402.882792,0.04814447650406358,0.005128877267827893
1782468463.4913945,0.046247817787702754,0.004927140926013771
1782468494.1003876,0.045842837538131585,0.0048782465380606465
1782468554.6902177,0.04551857239787659,0.004838812476182343
1782468585.3412735,0.045988981279074734,0.0049044779015888955
1782468645.9231389,0.046915663579848936,0.0049740164984575985
1782468706.4486253,0.04742055885384879,0.0050117137351119055
1782468737.0060349,0.04754039891250346,0.00505646901127986
1782468797.5117955,0.046963498018134,0.00500011267746435
1782468828.1150541,0.04704364321025352,0.005007445580422206
1782468888.6644018,0.04865585949838521,0.005162546787984781
1782468919.2434664,0.04673681735566895,0.004981334339260697
1782468979.882069,0.04704705287826367,0.005023046161363883
1782469040.4673083,0.04594557839023805,0.004898025669172278
1782469071.0309923,0.0473254535818716,0.0050275063552705735
1782469131.5819762,0.04689358557272067,0.005000979951534555
1782469162.1354575,0.04757375340871808,0.005069845951411088
1782469222.7846127,0.04799665552672122,0.005097321708817845
1782469253.3390956,0.04628966966126657,0.004935634063016099
1782469313.896961,0.04712509957313197,0.005009549332689358
1782469374.4560757,0.04986230842385754,0.005299862906893041
1782469405.0717149,0.04683413729435614,0.004975638851571686
1782469465.670144,0.04546140615800439,0.0048496101171190634
1782469496.239978,0.04576008600757071,0.0048693840545467725
1782469556.8356519,0.04735040496176367,0.005053993314289229
1782469617.471424,0.04569093833491871,0.004840364103402375
1782469648.0125027,0.0455243360631501,0.0048265272317192884
1782469708.5305734,0.04706847143117118,0.0049983925541496905
1782469739.1396246,0.045966121873539864,0.004894739432239743
1782469800.0955718,0.04792323809332083,0.005105593065333388
1782469830.8320744,0.04647639944701024,0.004954264235268436
1782469892.366725,0.04664832722237365,0.004952766092057373
1782469952.9629998,0.047841413202153404,0.0051127455492830775
1782469983.801693,0.047583736685511635,0.005084262982515579
1782470044.4446778,0.0470300905180385,0.004988065881762524
1782470075.0722554,0.04795364654242624,0.005111982679709139
1782470135.7113326,0.04612827103736889,0.004907388985309749
1782470166.3445613,0.04606938897314551,0.004894588605053513
1782470226.9365613,0.04757685652931149,0.005062290855889501
1782470257.5446386,0.04824432407303513,0.005180195473063693
1782470318.1119606,0.04730429891901441,0.005044715578347478
1782470348.727345,0.04755946435372386,0.005061837084300336
1782470379.3414414,0.04750025456737221,0.0050555550885409825
1782470409.9416633,0.046850091216799915,0.004996182637067958
1782470470.6352005,0.04701787048244451,0.005009407297794885
1782470501.2751493,0.04817548490094119,0.00512242832685098
1782470561.875765,0.049235381156921755,0.005260574812325432
1782470592.4802399,0.04778830778182975,0.005107165653976925
1782470653.0417476,0.04749350260298256,0.0050767241950663185
1782470683.60166,0.04635967539413216,0.0049249837975097145
1782470744.145262,0.04708112049348778,0.004998396630753682
1782470804.6924894,0.046722440514935286,0.004981215245230403
1782470835.3094735,0.04782226564610423,0.005106833390152024
1782470895.9058762,0.04757461912870159,0.005066237486141936
1782470926.5237007,0.04682855060154723,0.004963485467363532
1782470987.1307473,0.046854007909493005,0.004993972170404327
1782471017.738692,0.04726772847108218,0.005026762701965881
1782471048.413508,0.04748027330791721,0.00504847700428879
1782471079.0414498,0.04753866900143908,0.005056744301262215
1782471139.9768987,0.04636578687269622,0.004933501365954765
1782471171.1956096,0.0468212957442333,0.0049873038224399115
1782471231.991922,0.04736193248485117,0.005050487223204248
1782471262.6011062,0.0467354142783954,0.004982067625617783
1782471323.2980647,0.047622356099624064,0.0050678891318545515
1782471383.9538937,0.04919672887631579,0.0052482638754890835
1782471414.7144575,0.048131557271796285,0.005133402819138278
1782471475.3129435,0.04801401889250845,0.005121381314813232
1782471505.8469126,0.046394207820454815,0.004932455623909499
1782471566.4708998,0.047567922159023286,0.005055709267077417
1782471627.052656,0.04631939118553038,0.0049492765207987625
1782471657.6297119,0.047739584008197014,0.005094735295678504
1782471718.1736686,0.049046345644889196,0.005233991031596163
1782471748.7027426,0.04709381214443619,0.005016107845084345
1782471809.3831325,0.047296898305376825,0.00504693462111347
1782471840.0489924,0.04951441274748134,0.005288258303559835
1782471900.6419744,0.048084946448614795,0.005124520313054554
1782471961.2503579,0.04757298816513645,0.005059269071656925
1782471991.8618023,0.0465492757708477,0.004949085547612917
1782472052.5427387,0.04892335270645119,0.005213007280968105
1782472083.2491457,0.04803393516895311,0.005117928767367349
1782472143.859197,0.04756357566973206,0.005061665171119602
1782472174.4339314,0.04782558307240859,0.0051157414820317835
1782472235.0157063,0.04720275546262421,0.005028103533245044
1782472295.5549157,0.046978063055533315,0.005009183009066619
1782472326.109551,0.047259205738446705,0.005037387903299166
1782472386.6813025,0.046588253500114744,0.004947771482759745
1782472417.2700052,0.048511707261658266,0.005147238892803523
1782472477.8311286,0.04755891602754557,0.0050537732209716395
1782472538.4225216,0.04745412272463908,0.005070624161119925
1782472568.9784827,0.0476603300618559,0.005079837920338546
1782472629.593988,0.04725655250542199,0.005038315170148638
1782472660.7418215,0.04801644308011001,0.005102409528003291
1782472721.8430214,0.046596414639935316,0.004974857914900828
1782472752.6609185,0.04767043514295627,0.005067883577689002
1782472813.2171166,0.04727736156206328,0.00501574536560311
1782472873.7707746,0.04752486955683646,0.005066973721134741
1782472904.5677295,0.04746383786677016,0.005048746055932143
1782472965.2247477,0.04741594865066435,0.005043507815208341
1782472995.8197677,0.047129943877334796,0.005018291119416842
1782473056.4136589,0.04740208305971069,0.005044785470604524
1782473087.0176613,0.04754554949829343,0.005051757196371507
1782473147.6455476,0.04789337567565769,0.0051114363336152565
1782473178.301274,0.047570765227563684,0.005091841536049843
1782473209.0229666,0.04751347628063442,0.005086211044815343
1782473239.6406631,0.04685871525772259,0.004991319782630493
1782473300.2417755,0.0462386226921097,0.004926443775431694
1782473330.8287396,0.04726566620104101,0.0050462288873368
1782473391.4095652,0.04731120496453183,0.005048704357483642
1782473422.0092616,0.04763246382322877,0.0050761933555518455
1782473452.583925,0.047481703137976325,0.005060599719387238
1782473483.1402187,0.04787413639198957,0.005122825173217217
1782473543.7252991,0.04756313146624495,0.005066536490418316
1782473574.3041613,0.009834843459658835,0.015315208062103817
1782473634.9126785,0.04778887156430238,0.005082874477349009
1782473665.528285,0.047059404147016225,0.005012440682250913
1782473726.127971,0.04779212277989037,0.005083522817899481
1782473756.7093384,0.04690350686853159,0.004985727608945583
1782473817.301878,0.0475507104844612,0.0050618830611919
1782473847.977241,0.04773781368125446,0.00508490867419653
1782473908.5451725,0.046376569592639326,0.004937334583443391
1782473939.220135,0.04694574711816583,0.005002305250545587
1782473969.798813,0.04688618711916057,0.004998870232976658
1782474001.0091097,0.0469682227054766,0.005008709094775122
1782474061.997002,0.04641799771955145,0.004947874531354592
1782474092.7578802,0.047483631270369565,0.0050647498449020315
1782474153.4066079,0.046742674432551486,0.004975778474336135
1782474184.0668986,0.04753310167994528,0.005058577937212012
1782474244.7675934,0.04699705561834379,0.004973593049137561
1782474275.380974,0.04610825009218012,0.004905906669973399
1782474335.8998244,0.04785476564413514,0.005093751618600297
1782474396.4541788,0.04559461841123076,0.004855961382669254
1782474427.1009417,0.04829963412214273,0.005152181895821452
1782474487.7754705,0.04684340782837268,0.00501854087347755
1782474518.4181666,0.04678532556743573,0.004975286241049224
1782474579.030122,0.04649799914709695,0.004958126464100325
1782474639.6424534,0.047049280029060614,0.005015908435684919
1782474670.246835,0.04623631275248389,0.004921154053428453
1782474730.817915,0.04803938022413377,0.0050919674527488135
1782474761.4379396,0.04719176005708224,0.005004979923805001
1782474822.0774062,0.04756985774705709,0.005049217716394866
1782474852.6873963,0.047305169045264286,0.005037334088430578
1782474913.3279293,0.04742442979636589,0.005051016440004625
1782474943.9464536,0.050283951070624874,0.0053601479391633166
1782475004.588619,0.04673476773444662,0.004974714538120371
1782475035.197622,0.04686266368509842,0.004972646610978689
1782475095.8428583,0.047129903434627245,0.005015528823545032
1782475156.3926353,0.04681641996624805,0.004976030193373648
1782475186.9419622,0.04748199696964363,0.005088546123687675
1782475247.5068944,0.04622338473240277,0.004928946729203792
1782475278.08079,0.04710472988929375,0.005007387483698628
1782475338.6452332,0.009830604109976953,0.015292446991292336
1782475369.2376444,0.04765012306178971,0.005074256338177742
1782475429.7966957,0.04734036683000428,0.0050392239195115925
1782475490.3632052,0.046299196562169014,0.004946523428571115
1782475523.1744542,0.048471023294858494,0.005169857567055046
1782475583.8984544,0.047143790428643924,0.005004962046760062
1782475614.611678,0.047369292554211025,0.005052922069550239
1782475675.2533526,0.04740311705412438,0.005044160084738828
1782475705.8581843,0.04739039339992239,0.005055364999037396
1782475766.511133,0.048248879188554444,0.005121167711810089
1782475797.1447322,0.0466418340106255,0.004964812778893351
1782475857.7815633,0.04639908278308185,0.004930387677985689
1782475888.4218776,0.04869895710967623,0.0051593822993582375
1782475949.0141072,0.04555541726896687,0.004853744632240479
1782475979.659877,0.045146976410911754,0.004804462367052612
1782476010.333861,0.04507515002084499,0.004796391611596975
1782476040.9322646,0.04789698812156921,0.00509521346331185
1782476101.49807,0.04810566227777687,0.005116685519742563
1782476132.0657434,0.04627214234234682,0.004929350791568222
1782476192.7353346,0.046184291481824354,0.004940503308908054
1782476223.3682795,0.04847149746095323,0.0051618014298893235
1782476283.9820404,0.046589357454334866,0.004954422235441298
1782476314.5858474,0.04702066629716001,0.004995140090159678
1782476375.15079,0.04737985015966382,0.0050432817971910425
1782476405.7759707,0.04741552324753199,0.005051482113474905
1782476466.401998,0.045270072876965634,0.004811227456588498
1782476527.0221775,0.04628035320151519,0.00493233285054225
1782476557.612692,0.046862028406465264,0.004992909857177196
1782476618.2424188,0.048879584550967185,0.005197203894024593
1782476648.9323862,0.04766624340772874,0.005070263016263037
1782476709.5456984,0.048067969117631594,0.005108456304514901
1782476740.1503165,0.04748143374109102,0.005065952895925583
1782476803.1125367,0.04693833147927189,0.005015650550207932
1782476863.8677595,0.04609889226634,0.004908187112363969
1782476894.5452678,0.04612627647848381,0.004918058154759621
1782476955.1522064,0.046772437575044255,0.004997420203684444
1782476985.7180507,0.04629872308048029,0.004911201069083955
1782477046.3510742,0.04790671254632024,0.0051022378284212395
1782477107.0166209,0.04703527976893183,0.005012706123323762
1782477137.5678515,0.04689273393486537,0.005015772105172587
1782477198.1749375,0.045707709769559374,0.004851637971049058
1782477228.7586253,0.04698250993367709,0.005001181576424605
1782477289.4234962,0.04708437815126194,0.005012944917408091
1782477320.0662897,0.04729803136423321,0.005059393996412082
1782477380.7021706,0.04608118847124631,0.004903422099224129
1782477441.2884524,0.04734592253535075,0.005037123893227569
1782477471.9343371,0.04804418087074275,0.005118067798134057
1782477532.5483632,0.046041407540849115,0.004926246527247591
1782477563.1692696,0.04742099866331062,0.005062556017116684
1782477623.7711093,0.04667119192095571,0.004982117461925614
1782477654.3961935,0.045859571838204057,0.004888154392879603
1782477715.0678463,0.04786822486475983,0.005079856504082277
1782477745.697403,0.047803405057515624,0.005102525259673425
1782477806.3263478,0.047520180049324616,0.005046202998956495
1782477836.9302008,0.0475079521378437,0.005040509321493732
1782477897.5174823,0.04659914898296836,0.004964348923901931
1782477928.1147964,0.046971217682464844,0.005028570368841466
1782477988.709713,0.048125903447453294,0.005118145300353413
1782478049.3316312,0.04586649530887237,0.004882392512789142
1782478079.9255486,0.045395573804628137,0.004850629854677618
1782478140.6085217,0.04625661381858585,0.0049145144975882744
1782478202.0902796,0.047827808816185334,0.005077303548674726
1782478232.9515572,0.04843848759345709,0.005154342527074036
1782478293.5313978,0.04692162733284612,0.005009802519152356
1782478324.2073503,0.04673007364986162,0.004998360679519905
1782478384.9970312,0.047160651497891976,0.005021710440041113
1782478415.6899493,0.04762637110800451,0.005059271690546763
1782478476.2749698,0.046715776234363876,0.0049723915414041295
1782478536.9529717,0.04821298874056268,0.005118061259615145
1782478567.6096203,0.04542554773106555,0.004824932824085945
1782478628.2217743,0.04901602229589477,0.005204864500038824
1782478658.880737,0.04636192461310007,0.004905829925400861
1782478719.4568558,0.04733327750354676,0.005032067594162521
1782478750.0626664,0.04605977620670249,0.0049117062126802485
1782478810.6001542,0.04677109555690782,0.004986917598327599
1782478841.1596327,0.048175993352614105,0.005132051603569957
1782478901.74372,0.0462469537562025,0.004945356494948362
1782478932.3297853,0.04709743292121586,0.005024631817327611
1782478962.9560983,0.0471028145934563,0.005026259173822481
1782478993.581612,0.04715197369647269,0.0050392815810925695
1782479054.1578457,0.046894797734086585,0.004990715788071001
1782479084.7490335,0.0470498873423254,0.0050117239470331846
1782479145.3003252,0.04806944739294719,0.005118587275752765
1782479175.923206,0.04778660203608484,0.005089557948724946
1782479236.5118902,0.04658686817376401,0.004958768969899693
1782479267.1370819,0.046420049600307836,0.004948126375373754
1782479327.7415323,0.0469718751856912,0.004978780820084606
1782479358.3461518,0.048189460799227764,0.005123205343148387
1782479418.9759061,0.04755982072650064,0.005066493681533798
1782479449.6586876,0.04657355591287481,0.004962873110078761
1782479480.3487387,0.04655866674590704,0.004962390270477523
1782479512.9949512,0.046963970715850796,0.005023285092997765
1782479573.5616415,0.046990855352944214,0.005006116960534939
1782479604.2386286,0.04715715975560158,0.0050527678019174896
1782479664.8656142,0.04665621512679442,0.004967026047000182
1782479695.5209835,0.0479288845302249,0.005105656211154166
1782479756.1741574,0.04728246036683529,0.005029144945284615
1782479786.7425823,0.046291862745205525,0.004941249846104645
1782479847.3359237,0.04773435661668914,0.005108183625206689
1782479877.9827464,0.04725888639082001,0.005027747754837878
1782479938.617322,0.04860846055909529,0.005180861208997354
1782479999.193871,0.04552385096347229,0.00484549134105326
1782480029.837846,0.048940201850975744,0.005194619754567157
1782480090.483207,0.046951461590114,0.004974673235458843
1782480121.1737728,0.04718355821262318,0.005014264850951167
1782480181.8346229,0.04698004667263289,0.004986392619021954
1782480212.437831,0.04773591489865461,0.005069328035953264
1782480273.0581214,0.047763305086602245,0.005086149711922163
1782480303.7188683,0.04549230707098515,0.004847196705766671
1782480364.337363,0.046345457069423154,0.004910931235103652
1782480394.9356217,0.04526644922931247,0.004809732121191822
1782480455.6914766,0.04634125815340338,0.004940841997266153
1782480486.2769623,0.04709499269498212,0.005020934941275436
1782480546.9083266,0.04706604941684303,0.00502508791318744
1782480577.4661534,0.04775291747060816,0.005076808343993055
1782480638.1322155,0.04642996338128878,0.004937591425306144
1782480668.7756033,0.04686990565705371,0.004988839135743874
1782480729.3852963,0.047069642792241136,0.005008051282020669
1782480760.059093,0.04742596720013395,0.005040660479039329
1782480820.6958761,0.04633111389130375,0.004937523063272
1782480851.4850826,0.04656215691924661,0.004969866406205856
1782480912.4992902,0.04847027189140633,0.005166197718691673
1782480943.2729075,0.047573999874434864,0.005071168167506913
1782480974.007486,0.04752592785004699,0.0050670657405103995
1782481004.7192118,0.0468324191213354,0.004983765074092602
1782481065.357281,0.046176969711753925,0.004901640348100017
1782481095.9949284,0.04785883154583317,0.0050915279735987895
1782481156.7231138,0.04663042410629239,0.004955863887617868
1782481187.4260187,0.04606479155584427,0.004897534412103072
1782481248.022948,0.04542570849581456,0.0048164633342640895
1782481278.6138391,0.04577417223186972,0.004879020356237144
1782481339.2677534,0.047609275728507316,0.005055594606576015
1782481369.921405,0.04625975103049273,0.004929460190708747
1782481430.5543053,0.046376356365760305,0.004935769721213495
1782481461.0945177,0.04708692597289452,0.005033583512739666
1782481521.6669075,0.046304439524726196,0.004935284367472589
1782481552.260032,0.04742367008555281,0.005051657511113024
1782481612.8746152,0.04705050548389303,0.005007381842097634
1782481673.4701402,0.04786410849076407,0.005116904681361709
1782481704.1748788,0.045765630375099425,0.004876402441151681
1782481764.8498137,0.048304597829436476,0.005145322610782538
1782481795.537677,0.04604669240262155,0.004905992685229054
1782481856.1522958,0.04777996321734499,0.005075369406487169
1782481886.7439482,0.047539036017944014,0.0050631699839291545
1782481947.3509486,0.047278096773501095,0.005035620327932083
1782482008.0677416,0.04752496968131145,0.005060287377950343
1782482038.7094655,0.04643191503710474,0.004957142491080995
1782482099.3412874,0.047545977079401024,0.005051210447115673
1782482129.928732,0.0468031845410038,0.004970240703222696
1782482190.5251062,0.04702289917340999,0.005009908430403407
1782482223.3079607,0.046958643792863984,0.00501481259548483
1782482283.981873,0.04711065052719958,0.005039685438820069
1782482314.6609406,0.047040237735529344,0.004996770574421569
1782482375.3010983,0.045320062789873244,0.004829151524312433
1782482405.957002,0.04771128498475625,0.005078762090696935
1782482466.667695,0.04773737948927626,0.005082211639446669
1782482527.2656171,0.047330650431619756,0.005032307731247369
1782482557.9178445,0.04788953531449973,0.005074432887104069
1782482618.5430021,0.047226768052444267,0.005031550027535758
1782482649.2044573,0.04603061025026503,0.004897579374487086
1782482709.8198144,0.047485756886324296,0.005043602257544981
1782482770.4386115,0.047114667177691916,0.005034471827294386
1782482801.081718,0.04771857457920872,0.005090889211944031
1782482861.6580071,0.04705746875400506,0.005003575878017669
1782482892.2638505,0.04789653610324241,0.005086825572599679
1782482952.9173338,0.04808898902236368,0.005112029325398348
1782482983.494001,0.0473933357223133,0.00505576741405006
1782483044.0903873,0.04757121844440108,0.005056658639126475
1782483104.7542589,0.04643112039412102,0.004923856236770082
1782483135.4395125,0.047380015538490125,0.005047059500958287
1782483196.0614016,0.04641425037490469,0.0049413795007153295
1782483226.6393967,0.047495295116244236,0.005059290467290368
1782483287.244733,0.04790576221349879,0.005101039012375768
1782483347.891669,0.04730107964557108,0.00504845460456454
1782483378.5062807,0.04773062083769656,0.00507506701602985
1782483439.1141846,0.04803670241980655,0.005113024540007668
1782483469.7448103,0.04659261253762549,0.004937293552011443
1782483530.3970509,0.04831509411726923,0.005153865628943115
1782483561.1949518,0.047363658034766866,0.005023513854587854
1782483622.6549108,0.046590693614575684,0.0049726615980928614
1782483653.3411076,0.04756096360109991,0.005042379919145841
1782483714.0378194,0.04730324633245534,0.005033891433257932
1782483774.7509906,0.047133060356138505,0.005005313406230765
1782483805.4660792,0.04713287036253868,0.005014815413167548
1782483866.1245213,0.04819588890362681,0.0051147318700727785
1782483896.7689164,0.04662428868437782,0.004928719114145835
1782483957.4682322,0.04621642369890958,0.004932915862690495
1782483988.0988204,0.04716862627488477,0.005020277770418122
1782484048.7892277,0.04716286577211335,0.005013822977042923
1782484109.3758745,0.047077476798186475,0.005011906640801251
1782484139.9490623,0.047677497594776234,0.005067307182597308
1782484200.513429,0.04823539352559551,0.0051349371817283615
1782484231.0847528,0.046413712889259856,0.004919619639624888
1782484291.6535137,0.009825979467262942,0.01528817094126606
1782484322.2330575,0.04828224753574399,0.005137055655360515
1782484382.8894022,0.047080594122930496,0.005031942860283265
1782484413.5510113,0.045241515321436755,0.004818959789117545
1782484474.1914222,0.04832449768592106,0.0051389425858637695
1782484534.8405836,0.047307869785849534,0.005038690859175908
1782484565.483622,0.04665559197218124,0.0049637448048734404
1782484626.1677582,0.046831254895797,0.004984373801020227
1782484656.7727878,0.04703519997465402,0.005020780198237708
1782484717.377333,0.04771500965839981,0.005087788867534176
1782484748.0370035,0.0477931705625305,0.005067360899292374
1782484808.6724253,0.047345543993317474,0.005067485824562169
1782484839.2656035,0.04684900624420361,0.004999593245100732
1782484869.911681,0.04685677841747483,0.004999694838073535
1782484900.6331515,0.04826131816812188,0.005140501788765274
1782484961.312121,0.04808994654908493,0.005133554726404989
1782484994.0820577,0.04663390426642773,0.004956204619948099
1782485054.6942463,0.04810602225123666,0.0051199391785196734
1782485085.3512723,0.04645507155835015,0.004954144461237346
1782485146.0106413,0.04675222008141277,0.004969744617419866
1782485206.6416676,0.046475194098120495,0.004945018103977733
1782485237.2337534,0.04631268817715515,0.004936282595862516
1782485297.9698162,0.04950882132500138,0.0052709368654289546
1782485328.612811,0.04587045594564674,0.004888715946514549
1782485389.2479758,0.0450150955806095,0.004781825078467408
1782485419.9306343,0.046762289616885507,0.004976864897767971
1782485480.5661602,0.04562303817392372,0.004864239459125095
1782485511.1824284,0.04782199736787513,0.005095992526569362
1782485571.7385128,0.04604043302101805,0.004894149119608591
1782485632.422873,0.047427053403522636,0.00505328794061023
1782485663.0927682,0.047522625307187,0.0050954087628287854
1782485723.7542088,0.0469221455357981,0.005010865345194433
1782485754.424085,0.04583522034451209,0.004883686427109655
1782485815.0722666,0.04751906291539535,0.005065585766429847
1782485845.7289298,0.047255758671497006,0.00501744078613003
1782485906.3857458,0.04704293366322998,0.0050084299409442245
1782485966.977504,0.047468624265360554,0.005052065940792389
1782485997.5970695,0.046985965148942474,0.005004374199366312
1782486058.2754977,0.04720233762773402,0.005006348727643737
1782486088.8561702,0.04706705173887723,0.005007665050034267
1782486149.417178,0.046547449740337365,0.0049648412932128995
1782486180.0450258,0.046496788043174316,0.004950640741122893
1782486240.7066107,0.045615787890743296,0.0048748946098365565
1782486301.3160243,0.0477242915890812,0.005105554732910828
1782486334.1694906,0.048392448291159615,0.005159882146212057
1782486394.8120902,0.04832008737591099,0.005148616651281728
1782486425.5580177,0.04600413356710048,0.004898637874743421
1782486486.2072423,0.04765146469376816,0.005042326601643405
1782486516.81701,0.047173292076065895,0.005020312719166781
1782486577.4200826,0.04621796077029058,0.0049425826486296
1782486608.0194733,0.04697039340020328,0.004980043100972449
1782486668.7133474,0.04671890676081672,0.004961310277253915
1782486729.3604465,0.04800390216992656,0.005093425022430434
1782486759.9827085,0.04863605476079979,0.005171753799764292
1782486820.6127338,0.04833577448728854,0.005147509342907158
1782486851.2274835,0.04700536713138381,0.004995314847411114
1782486911.856326,0.04691960511440959,0.004983588534654684
1782486942.490795,0.04551940713008211,0.004850160072290135
1782487003.1575854,0.047313172067398046,0.005045371028608764
1782487033.7409062,0.04776662491646122,0.005082368284745082
1782487064.3991184,0.047550782563995864,0.005058662436101548
1782487095.0343115,0.04831897106638275,0.005160709584651911
1782487155.6905053,0.04700453956916924,0.004987330118127224
1782487186.4048684,0.04796834991067091,0.005083066955622498
1782487247.0314517,0.04958296448161852,0.005275553748654598
1782487307.6508446,0.046911343205698695,0.004987604166196544
1782487338.2483678,0.04694075128616793,0.005002597817793841
1782487398.9546635,0.04799838846084243,0.005119591439095821
1782487429.6436677,0.04793730459296174,0.005099652510212433
1782487490.318407,0.0470710335648501,0.005004980148804885
1782487520.9269965,0.04724620165581094,0.005042718251037158
1782487581.6951678,0.0470621855291978,0.0050044690093180265
1782487613.7438877,0.046823213976203,0.0049921174118732065
1782487674.4894598,0.048119499096883595,0.005132106357012459
1782487705.2641408,0.04719961300339129,0.005039661990250711
1782487765.877663,0.04702782658633735,0.005002640825260158
1782487796.5010948,0.04787731569156857,0.005086818888674595
1782487827.1565342,0.048409899195374244,0.005145091850667232
1782487857.874849,0.04607565314251071,0.0048818347366616005
1782487918.5073845,0.04713396106477639,0.005012983234654264
1782487949.104584,0.047892852882532456,0.005088030777550916
1782488009.717507,0.046965699686298455,0.004994690949149281
1782488040.3769002,0.04756556622706494,0.005081609930931027
1782488100.9686215,0.04685804079772022,0.004983610419617862
1782488131.5553193,0.04751425762268066,0.005063881669759004
1782488192.1707065,0.04835033137252968,0.005133264794355205
1782488222.7554648,0.046982128574663364,0.004974940421484766
1782488283.40582,0.009808435927105879,0.015328755189673665
1782488314.031931,0.04651569199896742,0.004947446038538015
1782488344.734851,0.04651197512466653,0.0049472192171593245
1782488375.3340142,0.04673677507171096,0.00497562385291315
1782488405.959974,0.04745959899173579,0.005051112628398943
1782488466.6575809,0.04686308226855811,0.00500078415320017
1782488527.2508993,0.04692105259833903,0.005002865426485179
1782488557.914205,0.04512524161015113,0.004811923904988908
1782488618.5242548,0.04685067953558571,0.004994314044331593
1782488649.1337118,0.047062661837757244,0.0050185636350291146
1782488709.7943075,0.046681849142070124,0.004984112945181917
1782488770.420871,0.047798853317789686,0.005118340560722896
1782488801.0369005,0.04763442237528154,0.005075056893792595
1782488862.0233488,0.04784635391509831,0.0050959903493397836
1782488894.2364008,0.04747456063548198,0.0050670320523497105
1782488954.8972754,0.04733714754487966,0.005041514915691431
1782488985.5860658,0.04675111446645955,0.004972263435926855
1782489046.2546551,0.04634105674262612,0.004946360385830622
1782489106.893271,0.04833449506748114,0.0051447905639108735
1782489137.5126,0.04697446223556576,0.005006294456740719
1782489198.1363273,0.04791319961299944,0.005082903800083434
1782489228.7862682,0.04762904206541644,0.00506812788569177
1782489289.3994453,0.04840315482024829,0.005164756068735935
1782489350.0140424,0.04740418803888299,0.005050449008951171
1782489380.6457782,0.04573844355174826,0.004874061218855966
1782489411.293639,0.04757045459751242,0.00505587346753387
1782489471.775409,0.04636992483615339,0.004931516382872786
1782489532.2098818,0.049060144785670425,0.005228959236138126
1782489562.587585,0.04643926599874141,0.004932738839486522
1782489622.9164114,0.0460721361467394,0.00489384564453502
1782489653.292514,0.04763948809629582,0.00510605922323815
1782489713.801687,0.048103506412088534,0.005110394402208945
1782489774.6794405,0.04683244802185568,0.004991986931984016
1782489806.5626304,0.04791406770963068,0.005118729806794541
1782489867.1469183,0.048451473865581435,0.005154684035655372
1782489897.4884446,0.048026620581478184,0.00514138344040383
1782489957.8240535,0.04614982799273124,0.004912090860698878
1782490018.3097148,0.04617286266025881,0.004930269385716904
1782490048.714056,0.04635648352529033,0.0049673971806313885
1782490109.0758965,0.047586138074756486,0.005060407029639724
1782490139.4348984,0.046638858287963526,0.004976722500265398
1782490199.8027065,0.04681812730298757,0.0049740105236507366
1782490230.178117,0.04805943925621425,0.005102293890029159
1782490290.5393116,0.04787482319152547,0.0050939923403152
1782490350.930499,0.04749155108433643,0.005039947646952999
1782490381.5898259,0.04773588143089042,0.0050901246865304745
1782490444.8933973,0.046740644721558915,0.004975148940207699
1782490475.8787203,0.04506471970032068,0.00480486885118815
1782490536.3954763,0.045491356576686875,0.004831157348692003
1782490566.7628608,0.047085122825002136,0.005006773535955151
1782490627.1604419,0.047498316375217065,0.005083355198789144
1782490687.620914,0.04671357719977837,0.004963559789602393
1782490718.2262099,0.04690636289077299,0.004964002947398739
1782490779.2221515,0.04756218285302139,0.005067778873705821
1782490811.0560439,0.04652230694667476,0.004967619164244857
1782490871.7969248,0.0478754983452911,0.0050962127342234365
1782490902.186914,0.04951172077091781,0.005277224872661655
1782490962.7532105,0.04607716372410552,0.004904849975301282
1782490993.1069317,0.0469435954651684,0.004990788765459887
1782491053.4772463,0.04655362066616606,0.004967800867627106
1782491084.342531,0.046732756152033275,0.004976190751973138
1782491114.8051202,0.04672705884980922,0.004976244168481437
1782491146.2231653,0.04740226596172584,0.005040536923593627
1782491176.623,0.04697135888164339,0.004997124454460448
1782491194.3461573,0.04692366355672329,0.004991399746401676
1782491224.878878,0.047372166387719246,0.005040054756598635
1782491285.3658924,0.04722274377043654,0.005024738409592071
1782491327.0038126,0.046141223568094546,0.004909336837435057
1782491387.371845,0.047176019075608054,0.005018300698459851
1782491417.7101126,0.04718384005158805,0.005027933116686287
1782491478.0546541,0.046714526255789514,0.004995281324843748
1782491508.442638,0.044705696310337835,0.004753779524525331
1782491568.8169997,0.04654314485260486,0.004939652534741122
1782491629.2097793,0.046274049006245224,0.004935186367566081
1782491659.8179324,0.047570572208850206,0.0050620868923683645
1782491720.2912948,0.04928745737445388,0.005244247161426154
1782491750.6947978,0.047580574981127124,0.00506909582801276
1782491811.0858147,0.04662365206370558,0.004943935493954819
1782491841.5592778,0.04682759346222175,0.004979601169387881
1782491902.038552,0.046292439996870584,0.004944747888400806
1782491932.5193937,0.04936223757054318,0.005274689890128799
1782491992.9238398,0.04917096584750533,0.005190221616191592
1782492023.3179758,0.04857131862880583,0.005180197665583407
1782492083.758096,0.046586621738619466,0.0049642120122590635
1782492144.157951,0.048183948814056125,0.005130776109901264
1782492174.5405076,0.04778405112746015,0.005096217894543301
1782492234.943657,0.04840163009596682,0.005142659911317413
1782492265.360026,0.04552498960450695,0.004843206726943379
1782492325.8072612,0.04730176982604437,0.005026268100021131
1782492386.1779964,0.047513371863757835,0.005043471754234752
1782492416.6050427,0.047345760609321386,0.00503825226996023
1782492477.0060124,0.04609559723150306,0.004910032361557364
1782492507.394711,0.009810799861656231,0.015320910147468872
1782492567.8199677,0.046832115333517235,0.004986495939919138
1782492598.1985204,0.04670138514532573,0.004983306058987464
1782492658.5418391,0.04797224229415235,0.0051224164618073175
1782492688.8887744,0.04817036566979897,0.005122675652932146
1782492749.509202,0.04755219214508346,0.005077350192957571
1782492809.9246593,0.04706378356199937,0.0050408513069133565
1782492840.4073796,0.04733766657742863,0.005042394362533485
1782492901.4411912,0.04742255173890412,0.005050031319114353
1782492932.2259266,0.047169493842593196,0.005019346716119485
1782492994.0387485,0.04719636630398914,0.005023111711539525
1782493024.7057645,0.04619408218951239,0.004934345212006801
1782493085.0986803,0.04720202406044193,0.005022127154190639
1782493115.6307247,0.04791657742675444,0.005110976911745276
1782493176.1037314,0.047164376859365476,0.005003821163572269
1782493206.4595532,0.047882348514506214,0.0050825595370695
1782493266.8162508,0.04761907843217444,0.005069479825522881
1782493297.399285,0.04644176260750031,0.004922156250401547
1782493329.340973,0.04634716221352847,0.004912981469854628
1782493360.0912952,0.046826161222697525,0.004994196263022555
1782493390.4666688,0.04710672482290008,0.005023324816701927
1782493450.828354,0.04814357871648644,0.005148224885403673
1782493511.2035775,0.04712936855057045,0.0050074093433579185
1782493541.580421,0.04739879385311112,0.005057086083539542
1782493601.9329402,0.04698429363084546,0.005000910410666552
1782493632.2929308,0.04755799275648975,0.0050542998806487605
1782493692.6578336,0.047277327306020675,0.0050180034244684205
1782493723.0475423,0.04829467445363662,0.005151308786034851
1782493783.4458745,0.04801151745537253,0.005114750527001496
1782493843.7915995,0.046318918625412826,0.004948735065089603
1782493874.1334841,0.047259225770984535,0.005028416125816252
1782493934.4827893,0.047795662098867805,0.00508315318652759
1782493964.8227108,0.047470800004787504,0.005046978443671759
1782494025.163247,0.047550882539317385,0.005054216093656081
1782494055.5335171,0.04659026308247272,0.004970557238330769
1782494115.9177763,0.047715631574221554,0.005090979819470299
1782494176.2800472,0.04799037338300536,0.005099369044556516
1782494206.6337483,0.04853306717120685,0.005176213530269565
1782494266.990631,0.04782611498530164,0.005096211169546477
1782494297.3315632,0.046711689589715645,0.004961757558440567
1782494357.7009163,0.046822918614266185,0.004995997412855438
1782494388.100615,0.04771888961073015,0.005089703973484657
1782494448.4581466,0.04733281049499868,0.005041484672689421
1782494478.784469,0.045649951892648505,0.004850582555261865
1782494539.3174212,0.04782379011589987,0.005096870401734256
1782494599.7586994,0.04647770748133154,0.004952884993001686
1782494630.1144965,0.047949118441386114,0.005099151267933512
1782494690.4951835,0.04690495996507465,0.004998164162673012
1782494720.8566332,0.047477741383925305,0.005057713266852175
1782494781.2552378,0.04560688731164019,0.0048754014990611124
1782494811.591492,0.046989434639429555,0.005011222959436132
1782494841.9813921,0.047071701058370725,0.005019649194644854
1782494873.2289212,0.04879066826510221,0.005195360100961305
1782494903.796751,0.04912188110631686,0.005254677259173984
1782494934.1490242,0.049048134779838146,0.005246948166374709
1782494964.519584,0.04493507338924164,0.0047853167018402885
1782494994.8530617,0.047161653285983145,0.005033228008922596
1782495025.2190375,0.047090554863786514,0.005027509148298689
1782495055.585348,0.04691678960079743,0.004997205034333231
1782495115.9523275,0.04735346771854666,0.0050484744867297275
1782495146.284646,0.04730224444377637,0.00505901956667913
1782495206.6144266,0.04694194245746827,0.004995963176739688
1782495237.0799525,0.04643381070970631,0.004935476882633002
1782495297.4662967,0.047171487234033166,0.0050112819241267
1782495328.142129,0.046125020670714154,0.0048929022432416674
1782495388.9522948,0.04660279480151029,0.004953798598724656
1782495419.3329704,0.04650725229871641,0.004946262671290127
1782495479.706895,0.04782309297383329,0.0050799696524051596
1782495541.301458,0.046281613632849855,0.004921194065449927
1782495572.2050216,0.047760714167241376,0.00508171602270317
1782495632.8469403,0.047891467476007206,0.005101845160657078
1782495663.212343,0.04673773102002538,0.004976558435542132
1782495723.574326,0.009811331489311128,0.01534677252583644
1782495783.9209118,0.048035194641526446,0.005131325054331256
1782495814.279729,0.04822139498224803,0.0050911801329307895
1782495875.0397987,0.04736734881132226,0.005036349054448245
1782495905.6359336,0.047617858119204555,0.005078120452928484
1782495966.028256,0.04772636214515714,0.005073924633080191
1782495996.4073753,0.04704423054698712,0.005012401124863634
1782496056.781246,0.04736658513994168,0.00503732898906823
1782496087.154594,0.048351205179455715,0.005155643451355833
1782496147.5572937,0.04932460032831571,0.005245358579576141
1782496179.6109114,0.04663079202006919,0.004968029762616863
1782496240.178236,0.04739213620403499,0.00506030136576159
1782496270.5611763,0.048011226248963375,0.005124467271456501
1782496330.9781742,0.04732234257149962,0.005042558325752137
1782496391.3489618,0.047342551093617145,0.005050404676856967
1782496421.7459264,0.04598687465604689,0.0049064275314091915
1782496482.154302,0.048516613120261655,0.005164110695603107
1782496512.568926,0.04718400394881715,0.005050781891426762
1782496572.9327078,0.04677916214224442,0.00499523117572894
1782496603.282491,0.047880815224635075,0.0051034485404698755
1782496663.6645918,0.04576086329189528,0.0048751027626544
1782496694.0399384,0.04545472262672757,0.004850236925849294
1782496755.2273612,0.04813798131379337,0.0051142794172951275
1782496786.9026878,0.04697569127707528,0.004996679542813113
1782496847.929115,0.04787464600297336,0.005113536936913115
1782496878.3725467,0.04706850652390616,0.0050155388447970265
1782496939.1895223,0.04813572753950864,0.00513360047140474
1782496969.7482862,0.046946877205821705,0.004995873579797251
1782497030.1025333,0.04739834416200964,0.005036334369554274
1782497060.4812882,0.047203503587473994,0.0050378773276179845
1782497122.056888,0.04682100200249472,0.004986396404374047
1782497153.4057343,0.047585406983205854,0.005090963808538453
1782497214.283673,0.047339416039872455,0.00503189781241737
1782497274.7984436,0.04697228604784546,0.00500938987430584
1782497305.3697147,0.046264919924659635,0.004916664961118041
1782497365.8066287,0.04681156588700592,0.004987259940658132
1782497396.1796467,0.04555983251319874,0.004850091573206079
1782497456.5767827,0.047232515343258744,0.005044802541640551
1782497486.9767394,0.048295468404596524,0.005146571099513172
1782497547.3815966,0.0481387092069273,0.005123710672750342
1782497577.8732045,0.04694768815107729,0.00499393233945714
1782497608.7297213,0.046913806691574696,0.004992385116489628
1782497641.1913493,0.047693552313030775,0.005085390375272447
1782497671.8876565,0.046550211159842474,0.004944822223957607
1782497732.5971074,0.04761125875340348,0.005093357160698752
1782497793.597028,0.04700954950018468,0.004984770238834633
1782497825.0145001,0.04808202298038592,0.005109917950288459
1782497885.5623374,0.04710243385688407,0.005026534381973913
1782497916.115869,0.04668864902060465,0.0049725633666360845
1782497976.538062,0.04651987365888223,0.004976040465736624
1782498006.9146554,0.0466095054983028,0.004941209408802958
1782498067.3152523,0.04617363328115054,0.004903725615693896
1782498097.6960416,0.04716831537903368,0.005016426822020102
1782498158.7789695,0.04595773972808293,0.004897940999926557
1782498189.3313897,0.0477725717594044,0.005097177319608655
1782498249.681945,0.047709618726079546,0.005073147804620883
1782498280.055944,0.048478587729672194,0.005166491819342968
1782498310.4277391,0.048537727203646706,0.005171311255259808
1782498341.301465,0.046721962949968124,0.004957877319192772
1782498401.7826276,0.045930502672668905,0.004884543009957383
1782498432.965694,0.04710361490293681,0.005022310400527981
1782498495.0221167,0.047509007153831,0.005058244535064759
1782498525.8190548,0.04752253284451619,0.005063282872967244
1782498586.4590971,0.04765602368132345,0.005074474279721077
1782498617.1616423,0.04681239553325498,0.004962709685916776
1782498677.853085,0.04706904774000316,0.005008529766745045
1782498708.669643,0.048260089265796884,0.005144277575943934
1782498769.3595188,0.04588087659072912,0.0048830472366218815
1782498799.910614,0.04628514117318018,0.004926346904049214
1782498860.483681,0.04745907255722889,0.00506883879473097
1782498921.1012387,0.04620635363815179,0.0049197622011526495
1782498951.7191768,0.04692503994936726,0.005003500986754983
1782498982.349865,0.04750058409695347,0.005071740046252566
1782499012.947374,0.04676590286372605,0.0050074249614598275
1782499043.6307662,0.04833781311983689,0.005129286632178205
1782499104.2870753,0.0463980062969665,0.00492953593332756
1782499134.9334857,0.04756898257414095,0.005056823041579455
1782499195.4467084,0.04655046099459225,0.004921676010885973
1782499225.8322968,0.04785615797796905,0.00508293175983422
1782499286.212557,0.0474077508051974,0.005034441544119085
1782499316.573351,0.047840873682420335,0.00509928909160647
1782499376.941639,0.047497965474340695,0.00507357545325437
1782499407.3201108,0.04757662850227977,0.0050618178378136446
1782499467.6858306,0.04810112301748712,0.00512507139309969
1782499498.0466855,0.0464608197730748,0.0049478931247650465
1782499558.4169762,0.046977848351701636,0.004997079451959419
1782499618.8107111,0.049052375684497516,0.0052290039312663985
1782499649.3074398,0.04595721441879401,0.00487469454947228
1782499709.7357132,0.045894674351947835,0.004872633783908367
1782499740.164177,0.04785416686917586,0.005103502102386832
1782499800.5963235,0.04650306274998471,0.004954615188122855
1782499831.017878,0.04738454778006422,0.005034884234012691
1782499861.4457216,0.047446672044734496,0.0050395385919440655
1782499891.834849,0.047496448895233745,0.0050779863347234925
1782499922.2660534,0.04748024689511724,0.005069481483788486
1782499982.6736598,0.047917144620559834,0.005104367728114184
1782500043.057558,0.04761139389027289,0.0050639784196536315
1782500073.4666412,0.009819488422300678,0.015347879312736254
1782500133.8276575,0.04693316486054727,0.005011484874740697
1782500194.2061765,0.047326217652528674,0.005032893464186066
1782500224.6361656,0.046597262331032514,0.0049674923512250035
1782500255.020621,0.047869517269562144,0.0051111965869347145
1782500285.4059844,0.04784912050196664,0.005108551388217739
1782500315.7817113,0.04617081121353057,0.004924238545114066
1782500376.1447868,0.04797404210972444,0.005102836931191822
1782500406.5686865,0.04499448472724635,0.004814721518405902
1782500467.083051,0.0465845834143289,0.004955970467017627
1782500497.6132257,0.04677409839579997,0.004976091149911993
1782500558.80131,0.04817747461706062,0.005142279099161653
1782500589.8328023,0.04704322025532104,0.005010669129729493
1782500650.7568204,0.047670688566805286,0.005084391815050506
1782500681.139083,0.04726854874086272,0.00503327198704037
1782500741.593153,0.04766343660596457,0.005084870359113419
1782500801.9911478,0.04614770540362475,0.004909012732785109
1782500832.3783278,0.04710177042627451,0.005010690878149958
1782500892.783118,0.04693381320201338,0.004985877417839051
1782500923.223879,0.047856831594159585,0.005107303351190216
1782500983.632527,0.04591555344013233,0.004873737300910198
1782501044.0182393,0.04600244708173461,0.004898925830451179
1782501074.4782515,0.047523530777512125,0.0050595548818304975
1782501134.895339,0.04701165883357728,0.004998980786573868
1782501165.371777,0.046932207228561236,0.005012695356465617
1782501225.8058639,0.046780448567051804,0.005005445651818024
1782501286.2213042,0.046465730783205345,0.004956675591452335
1782501316.6797497,0.047066106197811014,0.005008105512977057
1782501377.133947,0.04600163897151436,0.004904870886829466
1782501407.5582983,0.04816518977706341,0.005136011424188633
1782501467.9771793,0.04597473682555339,0.0048921897387364495
1782501498.3548813,0.04606884583316975,0.0048964388615568835
1782501558.7396972,0.04824892378186787,0.005134038991593082
1782501589.1572661,0.047155084924702086,0.004986807941667601
1782501649.506664,0.04714455446665846,0.005010565333911457
1782501679.8804297,0.047230603412836525,0.005006912333905295
1782501740.2774014,0.0461495197845718,0.004927270152089234
1782501770.7159739,0.04829687059871009,0.005149396724596564
1782501831.1083908,0.048101412489154914,0.005131046586090058
1782501891.5435174,0.04570497011107368,0.004840087510562519
1782501921.962311,0.04810292952529272,0.005112271922811932
1782501982.3699992,0.046273318671864926,0.004892515225316783
1782502012.7586975,0.04821946091496018,0.005136013876363657
1782502073.1977186,0.04779592861085034,0.005074899257910187
1782502103.6469486,0.04732229040200826,0.005029711354648134
1782502164.0708873,0.04793331653099738,0.005101512585940783
1782502224.4858954,0.04898315538495525,0.00521503245424956
1782502254.877272,0.04664458982827766,0.004982945897195019
1782502315.309952,0.046416793676385175,0.0049401367789761634
1782502345.7100172,0.04777714199420676,0.005090958110204882
1782502406.1158853,0.04763082532235367,0.005075311286702815
1782502436.517045,0.047000592196059746,0.004985988601610251
1782502496.9072268,0.04644689809875982,0.004953834091129587
1782502527.8509629,0.04682532757355526,0.004989009161268851
1782502588.7924933,0.04662916631641563,0.004954328284124248
1782502619.594573,0.04770179527374459,0.005087451785373245
1782502680.2188146,0.04667277796917893,0.00498435495076854
1782502740.7060876,0.04648481583237381,0.004953207413856287
1782502771.2003353,0.04746640823770835,0.005052529312429048
1782502831.5934334,0.04693222201674403,0.005010447781281821
1782502861.9987857,0.047895290064400395,0.005111525921130152
1782502922.3665888,0.046142726559848066,0.0049247790308539156
1782502952.771116,0.04647228298146802,0.004957154851104224
1782503013.1853209,0.04546317617518102,0.004842907168169777
1782503043.5924048,0.04752954204938351,0.005055764894973717
1782503104.0461795,0.04770796077058163,0.0050796922601596605
1782503134.4313822,0.04765497754236326,0.0050735257524345935
1782503164.8699377,0.04763375876643582,0.005069961798537317
1782503195.2701695,0.04631916659555168,0.004942451708799294
1782503255.7272651,0.047730248671545045,0.005072209193308162
1782503286.1664846,0.04668789006862064,0.00500935986712675
1782503346.5800023,0.04703258490111153,0.0049838643097992255
1782503376.9564085,0.04661842865302037,0.004960771564850847
1782503437.3331902,0.048099860126387645,0.005105724306161863
1782503467.71583,0.04661343192656374,0.004966839017823901
1782503528.090581,0.009824074435598374,0.015353602938135215
1782503558.476164,0.045712878096600684,0.004850763376282262
1782503618.8384447,0.04907377112927831,0.0051997502856843516
1782503649.2170882,0.04771766985903983,0.005077008533937625
1782503709.6243768,0.04683533221173795,0.004995229286745982
1782503770.0452,0.046639171002596944,0.004954483253565507
1782503800.4827228,0.046601979401257744,0.004943364834839789
1782503860.9101985,0.04743189394392363,0.00505977209334923
1782503891.3083055,0.04669320534224827,0.0049635861823922114
1782503951.7178135,0.04787318622381461,0.005091530045669656
1782503982.1430418,0.046761810400577634,0.0049783405893497655
1782504042.5528133,0.04774099554489078,0.0050891027096986695
1782504072.942608,0.046987172923776604,0.005007937823856367
1782504133.3347676,0.04592187783597072,0.004869225892356843
1782504193.7566628,0.0482423834194811,0.005131373574429562
1782504224.2114565,0.046167471094395354,0.004901711185822805
1782504284.5962272,0.04701298300418851,0.005027777663281
1782504314.962032,0.04737025761302705,0.005056636514612916
1782504375.300475,0.047983609192428354,0.005110048218079146
1782504405.8223538,0.04589410201412945,0.004909453742898688
1782504466.453973,0.04644635838490782,0.004941865355426934
1782504497.0367053,0.04551526720978275,0.004844236783154858
1782504557.6373403,0.04584519916944093,0.004890874215861098
1782504588.2774336,0.04673630809870414,0.004985635109272329
1782504648.8910246,0.04660286602009016,0.004961385163984479
1782504709.5417058,0.047681044132285154,0.005077135494485605
1782504740.9979656,0.04708584703626234,0.005044646319198259
1782504802.1236365,0.047898771636078974,0.005100832727803456
1782504833.120498,0.04704739688378488,0.005010337599459749
1782504894.1938603,0.04666732115144641,0.004959034527501501
1782504924.8481808,0.046166125250024864,0.004920906474400644
1782504955.4740505,0.04594587311197094,0.00489618805973999
1782504986.0999825,0.04669721307733505,0.004971604437004438
1782505046.6507626,0.047569486923933875,0.005091038071474107
1782505077.3021734,0.047307214928058526,0.005041562243924889
1782505107.877482,0.04721525631343937,0.005027743478626942
1782505168.5471048,0.04623638228338592,0.0049186883061264
1782505229.1029878,0.046559019677704545,0.004967120380128702
1782505259.6782098,0.04773475668659634,0.005079448154465718
1782505320.127452,0.04619810290622365,0.004914624736835009
1782505381.1359437,0.04544799798584311,0.004848256302077152
1782505412.3204675,0.04613852533905202,0.0049175634095935394
1782505472.6663313,0.04803998691089116,0.005093282086791023
1782505504.1143947,0.046768451470478416,0.004985277527813004
1782505564.5940275,0.04737759835482184,0.005057984210513473
1782505595.196269,0.04705197574028677,0.005023468727048031
1782505655.6907418,0.04734574536405333,0.005054161733612445
1782505686.068174,0.046887752664150094,0.005002741479379698
1782505716.4682999,0.046929974486625704,0.005007162329428703
1782505746.951033,0.04705237060412612,0.005023899185801974
1782505807.4422724,0.047412564306413045,0.00506090225307546
1782505837.8509653,0.046134532087180505,0.0049085172872059745
1782505898.2910519,0.04648696240205335,0.004920522914408036
1782505928.727335,0.04622511962444463,0.0048982313851381725
1782505989.574134,0.04654178596540633,0.004932178481915284
1782506050.010389,0.04825741917826642,0.005139862782082938
1782506080.3807266,0.046569048196383835,0.0049365204181812845
1782506141.1130104,0.047143093538677745,0.005009238930737545
1782506201.4740255,0.04728380046645093,0.005035360993002698
1782506231.8395662,0.046149565275980985,0.004910132779940297
1782506292.1914558,0.04739781448849835,0.005026807007165077
1782506322.5714211,0.049124861855358186,0.005225469552746545
1782506382.9420166,0.04736430210779078,0.005037413478885911
1782506413.9404607,0.04591295642493832,0.004872155467700877
1782506474.4475477,0.04621999254172052,0.00492157600612358
1782506534.8009863,0.009824214699518505,0.015320315761500582
1782506567.1839263,0.04748842815702777,0.005041979030391165
1782506627.6520562,0.047460449303171615,0.005049134920541905
1782506658.0415308,0.04576917021897293,0.004886503536025883
1782506718.5577316,0.045435214844018725,0.004840016828178963
1782506749.2687273,0.046345592212958885,0.004948091162428679
1782506809.8241577,0.04635052181713547,0.004946447432644336
1782506870.2322762,0.04632654431607996,0.0049159045196694616
1782506900.5628705,0.04724688240174261,0.005030710739345471
1782506961.8119621,0.04599445775193282,0.0048980239951886915
1782506992.273902,0.04569720605892112,0.00487947677702534
1782507052.6349862,0.048097267305259664,0.005113678849496264
1782507082.983941,0.04626731622731931,0.004904107393166346
1782507113.331114,0.04617963870630269,0.004894996408199832
1782507143.6723814,0.04559696087488919,0.0048689485656304285
1782507204.0604038,0.04732120183241368,0.005045489924485618
1782507234.4377089,0.009837635450945856,0.015294126867618453
1782507294.8381243,0.04773131754850172,0.005093926333851169
1782507355.244985,0.04848241830259996,0.005135137182852217
1782507385.603152,0.04604437294832595,0.004900156784876446
1782507446.003359,0.04697871212520237,0.005001314955955598
1782507476.3848057,0.04513859209671574,0.004808223817594037
1782507536.7705503,0.04760761652001594,0.005056411353620988
1782507567.142773,0.04768361689300821,0.005075893242927093
1782507627.5127797,0.047509391548872903,0.005053739348350595
1782507687.9105854,0.04656809299010291,0.004956698918823419
1782507718.2835658,0.046210951306192134,0.004936408944810261
1782507778.6611946,0.04788997966533022,0.005082993148341074
1782507809.0318236,0.04648275346066807,0.0049415141285262965
1782507869.4129584,0.047268993666091746,0.005024719792837396
1782507929.8246868,0.046506079443074,0.004964566435049285
1782507960.2410026,0.04649456733091532,0.004964595299588067
1782508020.6119583,0.046842026861076747,0.00499387584395668
1782508051.051309,0.04488953390377815,0.004760328174311685
1782508112.218275,0.046751124348080854,0.004956195534441152
1782508172.9957201,0.04755452912289964,0.00507499177228282
1782508204.2872946,0.0474302554281564,0.005014864435336791
1782508264.7726915,0.0463592542906287,0.004946116957625903
1782508295.2458117,0.04797619362238744,0.005106393539041249
1782508355.7361374,0.04566961223382388,0.004873945835986878
1782508416.1301942,0.04753250655347449,0.005035379451015955
1782508446.5356598,0.04733779925071872,0.005015516054537744
1782508506.9292953,0.04706077240399694,0.004996021669033913
1782508537.315522,0.047432194097970164,0.005050224778478
1782508597.6935313,0.04666837740924573,0.004971887002082921
1782508628.0537107,0.04602763806718875,0.004903639821502001
1782508688.420213,0.00984169485064511,0.015279584722803973
1782508748.8375854,0.04723623315353032,0.0050377570647096165
1782508779.2382977,0.04492862620118284,0.004801370367079007
1782508839.6306427,0.047989362910209526,0.005070583145279015
1782508870.0378506,0.048489138852608304,0.005161726096396371
1782508900.4438806,0.048470000241311706,0.005160528691639202
1782508930.8711314,0.04763209995589178,0.0050881576880340736
1782508991.2956252,0.04632756337291261,0.004905038065415305
1782509021.718672,0.046795212010547926,0.004966993835104494
1782509082.1339545,0.04494117517499947,0.0047735150572381585
1782509112.5156405,0.047493678700271255,0.005052973698804698
1782509172.904225,0.045490656176441095,0.004836104745825229
1782509203.2623496,0.04731792178744552,0.00502562406307102
1782509263.6332705,0.047875148672104,0.0050994581038266915
1782509324.0988212,0.04778653217191295,0.005093706530807879
1782509354.5179234,0.047518792512252585,0.00505274138719739
1782509384.9694946,0.046382953729682784,0.004934130535613582
1782509445.3446748,0.04613260795679585,0.0049227123321580685
1782509505.7415297,0.04572529584326662,0.004863646828019387
1782509536.119561,0.04584088639933984,0.004893066033993269
1782509596.550317,0.0476510800149338,0.005081122924825275
1782509626.9848123,0.04694090363898201,0.00500465258102194
1782509687.373378,0.047974983629212556,0.005104428188364178
1782509717.75472,0.04609493164441274,0.0048962666974493325
1782509778.148718,0.04765544915683342,0.005055752376595537
1782509808.6155162,0.04670375927491935,0.004978276158128529
1782509839.0364764,0.04672616630946626,0.004981174294093351
1782509869.4560616,0.04453105955374586,0.004721900682353575
1782509899.8479788,0.04722685565120408,0.005018022758024881
1782509960.2771313,0.048986260468189095,0.0052216919914674816
1782509991.0250793,0.0478719306163528,0.00509284363664682
1782510053.298903,0.046130566478953264,0.004921861695882297
1782510113.839818,0.04616957738786862,0.0049052793130921505
1782510144.3390272,0.04785460918740947,0.005108613333013105
1782510204.7527225,0.046915226381769586,0.004979101607020779
1782510235.160404,0.0469897759299204,0.004987098166507021
1782510295.5325243,0.046201150522237486,0.004932660754073372
1782510355.9696088,0.04877586998279188,0.005182031688224085
1782510386.3763106,0.04721636185718987,0.005004980928116585
1782510446.8168228,0.04699041225267722,0.005005586724314076
1782510477.2410753,0.04738428946226146,0.005062367349544506
1782510537.6221375,0.04640658012678691,0.004936719710241785
1782510568.0472233,0.04753528352687415,0.005035663362022667
1782510628.4616525,0.04734290728922245,0.005027275067661957
1782510658.8954573,0.046985323261023344,0.00500372728202301
1782510719.3426943,0.04746288416542128,0.005049428604623211
1782510749.7837346,0.046202309248386544,0.004931635558972252
1782510810.1893117,0.04713894823700495,0.005016667343045789
1782510840.5857203,0.04738140768254807,0.005024555211966426
1782510871.0892932,0.04758962451342338,0.005047917942671043
1782510901.5160532,0.04631391063271104,0.0049163788706869365
1782510961.9168315,0.04637131822962174,0.0049348327507586515
1782510992.3309035,0.04795406855704361,0.00510104385165149
1782511052.742992,0.04684939640634136,0.004979952359633455
1782511113.1596136,0.046399955492371,0.004943063749387635
1782511143.513226,0.046938653302573796,0.0049987746244086065
1782511203.8958108,0.045706629496916555,0.004866608954949876
1782511234.3084974,0.04489800271324231,0.00477824495234927
1782511294.700514,0.04591904266963817,0.004881688218228458
1782511355.0937366,0.047983522420933,0.005103946492183591
1782511385.5057092,0.047731340363428486,0.005071263670528352
1782511445.9181216,0.04774516042340212,0.0051023342113989045
1782511476.319059,0.04796702591241049,0.005122808677135602
1782511536.7593217,0.0467773745720456,0.004986865434924451
1782511567.1676903,0.04736279629445984,0.005052675823375795
1782511627.5743866,0.04634152335252693,0.0049484889811943124
1782511658.0006223,0.0466778966543404,0.004977238988795052
1782511718.418886,0.04779753665810426,0.005071989968974695
1782511778.7966657,0.04564914122109149,0.004850862837878121
1782511809.2120943,0.047269786162876436,0.005022298313595052
1782511869.6202574,0.04703376752930786,0.005013976396820646
1782511900.4397342,0.04959565885179362,0.0052731258666505985
1782511962.7580466,0.04854411689368049,0.005142011989824953
1782512023.2371352,0.04700744011483909,0.005015831430622679
1782512053.744007,0.047041997685675116,0.005004135515369045
1782512114.264016,0.048255970424988685,0.005125009180707187
1782512144.7140906,0.04736576126535475,0.005043729522087416
1782512205.089325,0.047085664874309825,0.005002494603754428
1782512265.5323718,0.04474315931980623,0.004772589490466605
1782512295.9523242,0.047714889343309974,0.005076065171085333
1782512356.3617718,0.04620318440322693,0.004923974529528296
1782512386.7899582,0.04629372180160678,0.004924957405134035
1782512447.1854997,0.046860936777857534,0.005002922835714697
1782512477.6303902,0.046524421158036136,0.004951281381505222
1782512537.992662,0.04684304216954302,0.00499318393742377
1782512568.3575773,0.04714562142739338,0.005026862276328984
1782512628.7322156,0.04698020102787099,0.004981355875403579
1782512659.1617084,0.04747843553195731,0.005056978003303815
1782512719.552391,0.04762554167354833,0.005068338861389136
1782512749.952907,0.049365858541280026,0.00525699793928381
1782512810.3879645,0.04684350980367707,0.004996108061257127
1782512870.7830954,0.04526429048040878,0.004807903840537456
1782512901.1703398,0.04679707964016438,0.004996688937611462
1782512961.5908344,0.048381139785032806,0.005141439625675952
1782512991.9633322,0.04620931247128042,0.004907563750303514
1782513052.3806856,0.04829656319983912,0.005142940946775283
1782513112.8189933,0.046227734589848135,0.004932566796211096
1782513143.2599795,0.047228390441608946,0.005022110828503377
1782513203.6849818,0.046921608744162,0.004981539169670493
1782513234.0874538,0.04593359193318888,0.0049006872711244015
1782513294.500886,0.04756315579083803,0.0050637661222061635
1782513324.9224098,0.0469293121940876,0.004996900048823652
1782513385.3502362,0.047026181729029275,0.0050145800991144756
1782513415.7687328,0.046453603962906716,0.004956803010301533
1782513476.1635916,0.04753061248755179,0.005065373006507971
1782513506.5605547,0.04785995147114187,0.005106236289153978
1782513566.9563525,0.046690924838952354,0.004982936041488828
1782513627.3443632,0.04754476669199392,0.005063917087195286
1782513657.7479851,0.04714533049672981,0.005025338925081235
1782513718.119414,0.04762266710813585,0.005069571377245615
1782513748.4671347,0.04623531819283593,0.00491233443452276
1782513808.87951,0.047608902822864896,0.005057942288206063
1782513839.9755917,0.04751958220312224,0.005058077270852453
1782513901.67845,0.04717761493496276,0.005035507300653503
1782513932.083371,0.04746237554044119,0.005062487438899665
1782513992.5457213,0.04983115791700743,0.005331488214381725
1782514023.0277774,0.04751631003779751,0.005040627425320996
1782514083.5230017,0.04724456299661388,0.005021839958731609
1782514113.9730573,0.0462869205914339,0.0049125890782090705
1782514144.4245179,0.046239230154699655,0.004909302871608826
1782514174.833395,0.046463353671892436,0.004938009511811045
1782514235.2226517,0.04679133246642211,0.004992522586791474
1782514265.6832523,0.04827671638661943,0.005112074252826199
1782514326.0760386,0.047223624423675684,0.005013565233840817
1782514356.500373,0.04638853818743383,0.00491986232250682
1782514416.9322221,0.04587638138819544,0.004877546307482445
1782514477.3244638,0.04727758805307804,0.005018672124357236
1782514507.7284162,0.046742177125202025,0.004940268991284175
1782514568.1166487,0.0475971210787052,0.0050737279851476155
1782514598.5243735,0.04631780312987915,0.004938115623530915
1782514658.9476914,0.04742413578733139,0.005040665640213646
1782514689.3649352,0.04774320515754276,0.005103844664102005
1782514719.715182,0.04773996894894154,0.0051025892279598604
1782514750.162923,0.04774883303537085,0.005095178967788467
1782514810.53481,0.04629881982849474,0.0049235378267003475
1782514840.9235663,0.04699716923255181,0.004994107671306386
1782514901.341057,0.048052542550301176,0.0051308241844065725
1782514931.732771,0.046198293544980576,0.0049261165109749675
1782514992.1379626,0.04600796051787323,0.00487228313279233
1782515022.53397,0.04532238388376339,0.004822661408831307
1782515082.9865746,0.04665833312374715,0.004945130406820724
1782515143.3894944,0.04731119109021583,0.005017542051205876
1782515173.8307064,0.04593754721794504,0.004897909679055006
1782515234.2503557,0.04794660626642264,0.00511313422068164
1782515264.6901634,0.04753878863138689,0.005080174983480673
1782515325.0877175,0.047117698523164275,0.005034161348986199
1782515355.506005,0.04771875879089525,0.0050951816943635726
1782515415.9321616,0.04685272594863915,0.0049905824614066095
1782515446.3180072,0.04614368008896397,0.0049314409551270075
1782515506.7448978,0.04702392480776821,0.004982375923374437
1782515567.1413474,0.047522516380820896,0.00506302679249632
1782515597.5558457,0.047695049633945254,0.005082130709228655
1782515657.9496472,0.04617195320402082,0.0049157716476467715
1782515688.430675,0.04696294946407109,0.0050135442846611445
1782515749.1164289,0.047606423839920135,0.005039042464013599
1782515779.8739738,0.04907503260369206,0.005236295250168704
1782515840.4297686,0.04578907231620259,0.004882157544311689
1782515871.7081375,0.04819657677867275,0.005154727834495335
1782515932.1986854,0.0472253104103699,0.005016378505691642
1782515962.8094802,0.046016826903208456,0.0048976920105245885
1782516023.360572,0.04655662326273592,0.004968932167209852
1782516053.7561524,0.04819778385059882,0.005141963767546735
1782516114.1507125,0.04771182018098845,0.005076425621677345
1782516174.5769575,0.04694072774565026,0.0049956953959784094
1782516204.9938414,0.046750329255408146,0.004967924372093633
1782516265.443308,0.04933990775145677,0.005234623826290273
1782516295.874021,0.046436183375911225,0.004951228755748062
1782516356.275307,0.0480770145836473,0.005132100556290199
1782516386.6938367,0.04851069931397268,0.005153125918216762
1782516447.0963857,0.048230219002807086,0.005144968059080227
1782516477.4823923,0.04720964345304632,0.005036562333079683
1782516537.8573356,0.046723659348539316,0.004938122560561416
1782516598.228929,0.04690629124213899,0.004986238071724068
1782516628.6797426,0.047564713409631226,0.0050513890685434625
1782516689.098382,0.046693406577898,0.0049755498806685425
1782516719.4928079,0.04632052133859403,0.004938352721705992
1782516779.8937871,0.04666878478379405,0.004964102036730947
1782516810.3113186,0.04545467353765521,0.0048301871691611206
1782516870.728514,0.046307088038079355,0.00491003052548052
1782516901.1352093,0.047482653992364156,0.005077575958130379
1782516961.504715,0.04699293269485777,0.004989200015877326
1782517021.9214566,0.0489112589605226,0.005211940824078028
1782517052.32991,0.04793944731015739,0.005118414477244748
1782517112.7279332,0.04679588805356911,0.004964670949201887
1782517143.1231403,0.04689523708645385,0.004972849078348384
1782517203.4888413,0.046715426629591245,0.004962752742300181
1782517263.924692,0.04763686810336044,0.005059382055264197
1782517294.3790064,0.0486317754184067,0.005175949681604234
1782517354.7789533,0.04841316354957164,0.005166309768528485
1782517385.1501925,0.047386215063234205,0.005031954588295704
1782517445.553685,0.04772046045603896,0.00511332479614019
1782517475.9312658,0.04727910298901804,0.00503186344439439
1782517536.3140514,0.047976406134637696,0.005102226732043258
1782517566.7365897,0.04606091275000691,0.004903066841275631
1782517627.163373,0.04616276207495358,0.004908206733318205
1782517687.6175935,0.04822631991020588,0.005147959397439762
1782517718.2703094,0.04667787079197926,0.00497399253521528
1782517779.0893605,0.04591216599438069,0.004896132571605608
1782517810.4339073,0.04690947535771229,0.004985215385751177
1782517870.960605,0.045921780948002616,0.0048573187604094075
1782517901.6175587,0.04654035390521266,0.004956909016761537
1782517962.0912182,0.04683425553464548,0.00498221558011308
1782517992.601033,0.048255996934289794,0.005144534277358155
1782518053.064846,0.04765990036024703,0.005079961358759767
1782518083.4757724,0.04677880519785735,0.005002124007168891
1782518143.890341,0.04744458862764909,0.005040354066087719
1782518204.2750149,0.047981949878079945,0.005123300142180854
1782518234.6881418,0.046150262373064146,0.004918483838571483
1782518295.1115932,0.047132435349687696,0.005034648603322186
1782518325.5121303,0.04779299147053913,0.005066105346199583
1782518385.930962,0.04676554230481635,0.004990371672216858
1782518416.3513727,0.04818371043235003,0.005134274520023342
1782518476.8275597,0.047509452421315795,0.005058174280628391
1782518537.2758296,0.046585786320525235,0.004951645675936639
1782518567.746403,0.04780124826470272,0.005082622003233942
1782518628.134725,0.04786812936775987,0.005095505303553849
1782518658.5209372,0.0477304795884255,0.0050915970109285755
1782518718.960577,0.046537871895885756,0.004938025723718248
1782518749.4008386,0.0479746380851703,0.005118645247376891
1782518809.8393693,0.047559354016395536,0.005062154721692661
1782518840.2429807,0.04770314604796747,0.005083615069473653
1782518870.64016,0.047489021014796046,0.005082385287818461
1782518901.0259647,0.04726003793057609,0.00504147687485342
1782518961.4155676,0.046719719659571064,0.0049887806026888155
1782518991.8982563,0.04707420900866391,0.0050223042888242
1782519052.3233433,0.046356995444586616,0.004922486015651694
1782519082.73763,0.04723026767014414,0.005022601588100553
1782519143.128977,0.04754606311381159,0.005074542687472882
1782519173.5252864,0.04757945298820648,0.005068555765644019
1782519233.9197001,0.04813722990592211,0.005133265853487704
1782519294.264437,0.04689104780823448,0.004986775863346334
1782519324.645571,0.04798030548129281,0.005118848670137468
1782519385.0585248,0.0469906655072551,0.004991084842681803
1782519415.4424784,0.04630202676232256,0.00493593454084592
1782519475.8299325,0.04727044707445024,0.0050411996265702815
1782519506.250033,0.047058171128626036,0.0050078615477943
1782519566.6668043,0.04686255461058702,0.004974324535234697
1782519627.091526,0.04658634858038949,0.004949186226199872
1782519659.5507274,0.047119791100175855,0.0049998261670894
1782519720.1500852,0.0470141084063379,0.005012604441323602
1782519750.5555084,0.04660785735449128,0.00498618675724396
1782519811.1309187,0.04644603522422566,0.004940291920453673
1782519841.6574492,0.04777342921644651,0.0051025772043636
1782519872.1453583,0.047793835321127305,0.005103642665571623
1782519902.6693306,0.04553459834938533,0.004834333715886735
1782519963.0701747,0.04690200609259951,0.004996480936690546
1782519993.48584,0.047574021700999274,0.0050808292282205755
1782520053.9173596,0.04728891197420825,0.005026436436074164
1782520084.3341568,0.04784445616556776,0.005103533799422853
1782520114.7481024,0.04812768765549286,0.005132931956409924
1782520145.1608207,0.046716633081297754,0.004961279535607625
1782520205.602958,0.04663934937621999,0.004952329359006478
1782520236.002762,0.04729055150587846,0.005037956663241749
1782520296.4339607,0.04556309322307704,0.004850080815270274
1782520326.8617587,0.049685058979469426,0.005280678071120976
1782520387.280802,0.04681428126980122,0.004989298866758338
1782520447.7507133,0.049570579223126174,0.005288759247266049
1782520478.174229,0.04767512815877079,0.005083371361898579
1782520538.558916,0.0465908415552974,0.004963507761452509
1782520568.9744484,0.045602882937916554,0.004839873451426596
1782520629.3931515,0.04608388936531661,0.004919088931557563
1782520659.8343449,0.0474263942114531,0.00504683881003963
1782520720.257069,0.048459799888363866,0.005168358789773361
1782520750.6282663,0.0473433912347779,0.005032637290027514
1782520810.9808333,0.04755912339564717,0.0050717459540550475
1782520871.3865933,0.04704445728155416,0.005003209956391802
1782520901.798333,0.047360102877946286,0.005074681497023406
1782520962.1635237,0.046316467405061956,0.0049326810983164465
1782521022.548821,0.04661724881819914,0.004963064313671194
1782521052.9473996,0.04779613898892922,0.005076751444942685
1782521113.3286202,0.04702508344252018,0.005006002261986804
1782521143.7039702,0.04475615041227233,0.004762220483559294
1782521204.0729222,0.04560944224842115,0.004854300832390993
1782521234.4662392,0.0467467760697738,0.004985686842220186
1782521294.8941705,0.046091580966606774,0.004896595491817555
1782521325.3092122,0.04801886832481869,0.00511012285540428
1782521385.709674,0.048068028457696504,0.005128404668914383
1782521446.1469607,0.047383370915954966,0.005041322737155995
1782521477.0363798,0.04766574802185012,0.005077626267552441
1782521537.6857154,0.04829461308227421,0.005129975862122751
1782521598.1154008,0.04698815795662802,0.005007069343395388
1782521629.4551575,0.04576255316126756,0.004869581294879885
1782521689.99787,0.04640981373578097,0.004969818487802337
1782521720.546175,0.0463142261050063,0.004938767717974121
1782521780.9910147,0.04794178196739502,0.005127712752388085
1782521811.4329562,0.04748480394301064,0.005061016837795337
1782521871.8335376,0.044145344484921856,0.004707454671910342
1782521902.2176712,0.04706047196765611,0.005010874046193627
1782521962.583679,0.04675188800054513,0.004970614341420157
1782522022.9712882,0.04644708395591257,0.004943236737017049
1782522053.3564239,0.047303033263137464,0.005055324500904485
1782522113.8012476,0.04671760982679811,0.004949242622249108
1782522144.264131,0.04790470288880929,0.005115092526528814
1782522204.6315784,0.0468440034117376,0.004978007882718109
1782522235.0190873,0.04638923753498618,0.00492501238955148
1782522295.3951418,0.04767528486245087,0.005076047449049666
1782522325.8001556,0.047982801336335285,0.005114139849664446
1782522386.2555807,0.04707993064606508,0.005013424245643504
1782522446.6450615,0.04753661198819104,0.005060992159190528
1782522477.0373998,0.04771211630729812,0.005090346378774295
1782522537.4666235,0.04589530501862584,0.0048932829295458636
1782522567.9316475,0.046126595599513306,0.004919374959360314
1782522628.3422527,0.04636629879831024,0.004931507149678856
1782522658.7278998,0.04720670139197983,0.005033026346499517
1782522689.1181648,0.047180343477521425,0.0050302567012173675
1782522719.5210547,0.0490251067713978,0.005250595740310022
1782522779.8811822,0.0472617696497668,0.005050891546562509
1782522810.278024,0.04754409635737796,0.005064897671350883
1782522870.641934,0.04775038383314878,0.005085317268757893
1782522901.0207474,0.0464839705002731,0.00493386925286948
1782522961.4433615,0.048108645225329975,0.0051179105984147134
1782522991.85909,0.04632477666277546,0.004960090837811838
1782523052.2691555,0.04749330368463891,0.005076578296247485
1782523082.6851985,0.049300122496975934,0.005264093518915452
1782523143.0974085,0.04617410572941392,0.004926905172931653
1782523203.500501,0.04714320198889612,0.005022757254548903
1782523233.9135435,0.046633221366162866,0.004958804579017707
1782523264.3265164,0.048090083617026234,0.005092722115808871
1782523324.7124288,0.045731198415066475,0.004850682691041172
1782523355.1044226,0.047883329312330684,0.005115300218637643
1782523385.4855926,0.0479786000430014,0.005122771685967178
1782523415.9564269,0.04667254968565693,0.004951691827991019
1782523477.187492,0.04893058970477768,0.005208992664778
1782523507.9279313,0.046429579798050805,0.004954971115540292
1782523568.525041,0.0480354176214985,0.005121627387499137
1782523628.9540637,0.04677448144024732,0.0049880057195853915
1782523659.672411,0.04644135083614608,0.0049440520609790655
1782523720.2165222,0.04749379041258478,0.00505710964754955
1782523750.756778,0.04719991555927676,0.0050236424575117785
1782523811.2109747,0.04639726537973472,0.004956413934741153
1782523841.6231396,0.04720701304366915,0.0050223381295507715
1782523902.05048,0.04585727096940641,0.004902186289911701
1782523962.4894047,0.04678169632982329,0.004982613015168497
1782523992.9067907,0.047023806268606826,0.00500765471604746
1782524053.3672485,0.04716604769770469,0.005016387380272132
1782524083.8214595,0.04744308155433637,0.005082504109325035
1782524144.2561502,0.047032388818616495,0.004999929716473782
1782524204.6414864,0.04621480420124505,0.004919892334920481
1782524235.0783165,0.047587495498037785,0.005038005673378221
1782524295.5029755,0.04742402546237418,0.005037816760482913
1782524325.9242194,0.04703847913080139,0.005025393612248062
1782524386.3341365,0.04554394569994386,0.004843095805415985
1782524416.736385,0.045659824019065265,0.004865620578463282
1782524477.1640348,0.046526338490029115,0.0049554142369748295
1782524507.5560246,0.046692657907222344,0.004983787763779746
1782524537.9661117,0.04653461944731114,0.004966680033121551
1782524568.3583856,0.047589335922184305,0.005070461376541633
1782524628.7643428,0.04790813503278772,0.005102565416640907
1782524659.1416292,0.04765671116581184,0.005072078758094776
1782524719.5377545,0.048462301568208466,0.005180062558712819
1782524779.9048395,0.04795689971139774,0.0050990816339344215
1782524810.3483927,0.04821725542859545,0.005119928525963583
1782524870.7528896,0.04733337476088172,0.005027170565854616
1782524901.16997,0.046923800085168665,0.0049888536651204575
1782524961.5863583,0.04713146217325646,0.005014120189595607
1782524992.0182405,0.047544543331160864,0.005055779530360243
1782525052.425118,0.047161312461792754,0.0050279226512880545
1782525112.8445175,0.04787080255638371,0.005078458552241137
1782525143.2514222,0.04489630321240386,0.004765076766127134
1782525203.6613736,0.04790080285552544,0.0050997927241621535
1782525234.0682738,0.047603653299616557,0.005062002162398772
1782525294.4873657,0.048055315861704466,0.005130407990920943
1782525354.916608,0.04717187944491171,0.005005833459261115
1782525385.288571,0.047399945737652965,0.005043491767045716
1782525445.6618006,0.04671625204656753,0.004989036862883201
1782525476.3203733,0.04749390365366739,0.0050446210514119
1782525537.254977,0.047460249067696934,0.005070312927938592
1782525568.624151,0.04766162652794588,0.005075607628766802
1782525629.2589452,0.04671014532706525,0.004979404810550796
1782525689.7063973,0.04751407696797882,0.005052383558012885
1782525720.2625227,0.04711338016962533,0.005028181726789149
1782525780.7105548,0.0473723563528375,0.005059063104583278
1782525811.1284804,0.047261380742267566,0.005016801070746549
1782525871.5623136,0.045513567107150245,0.004848823227086856
1782525932.0307155,0.04721404936603236,0.005029054749988372
1782525962.479936,0.04716952563397401,0.005039441719736962
1782526022.9070106,0.04866997002996669,0.005178672392977544
1782526053.3223512,0.046077804229935536,0.0048903836428645054
1782526113.7153962,0.04967163455540506,0.005299606548603598
1782526144.1612952,0.04657198657365054,0.004944348759926044
1782526204.5605748,0.0470260611526766,0.005002926950795111
1782526234.9509723,0.047230576507381467,0.005026210385489105
1782526295.4172413,0.047283526413740236,0.0050224898200665336
1782526355.859689,0.04766563743611065,0.00506828191821203
1782526386.2988596,0.045914877199821874,0.004888740646181829
1782526446.7050252,0.04764304676972944,0.005077603866260081
1782526477.1168892,0.04786924326584878,0.0050993349128765865
1782526537.5414276,0.04681459839927024,0.004982189742720568
1782526567.9956403,0.045928246624066645,0.0048997549919368244
1782526628.4182608,0.04684645090472051,0.00497716603263339
1782526688.849942,0.0489197938349287,0.005235028841150113
1782526719.2424052,0.047507021324739586,0.005073596677891721
1782526779.654705,0.047377921186937434,0.005039998807825833
1782526810.0850475,0.0478336689669453,0.005110424249116688
1782526870.5211515,0.04671326783188527,0.004958259549833138
1782526900.967052,0.048355786639326555,0.005170695938868592
1782526931.3853688,0.0478963036014614,0.0051189170206471105
1782526961.7808564,0.0469725408193748,0.005001266376817378
1782526992.1852207,0.047941724809352895,0.005101850848480737
1782527052.5864422,0.047856014009398394,0.005084580739677931
1782527113.026813,0.04761589194023777,0.005075450373385732
1782527143.4090889,0.047208520710106616,0.005038574870429808
1782527203.8497875,0.04603617731294528,0.0049059106859341015
1782527234.3189611,0.04835295811909564,0.005124431489390255
1782527294.7144458,0.04606761739176749,0.004908128434717105
1782527325.1286318,0.046637365977287494,0.004969399166157341
1782527385.5530565,0.04599249963587078,0.004883597606581918
1782527446.1103482,0.046655630835879994,0.004983233597612605
1782527477.0713546,0.04639418068001105,0.004957425818798099
1782527537.776703,0.04706070605455946,0.0050240926478354936
1782527568.6975012,0.04690446167432941,0.005013100053683849
1782527629.218015,0.04658622182525248,0.004969800071419017
1782527659.6995018,0.045777917435922105,0.004873894201320988
1782527720.1491492,0.04732058750085525,0.00504411723382929
1782527750.56056,0.04746170474898615,0.005066321726540709
1782527780.9638891,0.047489750968257846,0.005069232354976675
1782527811.3793788,0.04699760235969635,0.0050074959283548095
1782527871.8509352,0.04591678735184429,0.0048784783538681036
1782527902.2397947,0.047209442378615116,0.005031244542818362
1782527962.6647856,0.04629023566583572,0.004929456932309031
1782527993.0790577,0.04579918133395706,0.004873789114612997
1782528053.5371444,0.046503834003409086,0.004944726819210906
1782528113.9561682,0.04802190037014672,0.0051047265340121665
1782528144.3561945,0.04645007762200889,0.004932491576173311
1782528204.7368245,0.047367480046168836,0.00504935305784275
1782528235.119314,0.046440862678119116,0.0049488452227029476
1782528295.4837914,0.04620533883339371,0.004906135423152063
1782528355.832321,0.04587805252533621,0.0048802713426262575
1782528386.2401378,0.046435211840485116,0.004942057789963797
1782528446.6378827,0.049503493212550355,0.005264304841834199
1782528477.0473642,0.046284722964635434,0.004917245673160257
1782528537.4547145,0.04714758707156632,0.005027168485687305
1782528567.8608506,0.04728655693468899,0.005051344327269016
1782528628.2763572,0.04582999108409283,0.004890989998231959
1782528688.6489804,0.047731574690501856,0.005084952878234577
1782528719.0881019,0.04809928826917192,0.005141893064285344
1782528779.52731,0.04615371982352682,0.004917336321775793
1782528809.964992,0.046254531851472616,0.004932355498669692
1782528870.4432905,0.04800297480635448,0.005104396412027706
1782528900.8650868,0.04661174368728628,0.004965478177965389
1782528961.288893,0.04617014490057374,0.004915371353180304
1782528991.7155466,0.047167887790266406,0.005030282750246992
1782529052.11193,0.04654082357359981,0.004952939965758544
1782529112.4653819,0.04760323869911843,0.005068779565590219
1782529142.8268702,0.04709350942203192,0.005005940821867978
1782529203.2106178,0.04736250904460772,0.005052027930626542
1782529233.618464,0.04785168192627202,0.0050876339402043174
1782529294.0761087,0.04834833730296965,0.005148421954054347
1782529324.5168443,0.04718802320271642,0.005016082841163562
1782529384.926201,0.04690048697247848,0.005006292374622409
1782529415.4329696,0.047209336821993256,0.005018898777645604
1782529476.6160939,0.047963044301221974,0.0051028679344739215
1782529507.726077,0.047992483339807705,0.005125067080375957
1782529568.2701554,0.04540240205270851,0.00484484315467322
1782529598.6874785,0.04703272805163261,0.005008071125575916
1782529659.1924458,0.04711050614715579,0.004994052112128358
1782529719.634603,0.046234406573903056,0.004912063003499818
1782529750.1475723,0.047449876596564314,0.0050262680114238475
1782529810.595382,0.04739684885584275,0.005069917134013193
1782529841.0323563,0.046647520388356546,0.004944432047890865
1782529901.4785814,0.04589582659817073,0.004883352776535122
1782529931.8692124,0.04901750559395786,0.005217369913443659
1782529992.2749805,0.0479254906750766,0.0050966536226692005
1782530022.6468785,0.04709748019886867,0.005001034881015943
1782530083.0098717,0.04783444554907156,0.0050858866905993325
1782530143.4592123,0.047044936057219565,0.00501203886154035
1782530173.8883042,0.04734681396530727,0.00503567954990174
1782530234.3393214,0.04784296638181409,0.005090789288640184
1782530264.7513514,0.047382504978717245,0.005060655754305255
1782530325.1245322,0.048078405434879706,0.005130102266909919
1782530385.5432572,0.048724000490393334,0.005203592960148031
1782530415.9466815,0.04797692027597882,0.00510846392385041
1782530476.3407738,0.04790445335042054,0.0050967373600549325
1782530506.7397788,0.04680920543816393,0.004961660917085261
1782530567.1602278,0.04858961656865939,0.005171909212897027
1782530597.594942,0.04582667090626101,0.004869521735494797
1782530658.0132904,0.046245249906827615,0.00491754196487251
1782530688.4400306,0.04664068063976893,0.0049568865181755135
1782530748.8795946,0.04772790554303413,0.005089184143044416
1782530779.3405056,0.04645502889684115,0.004954661526321926
1782530839.7955606,0.04693926676522759,0.005014748110833798
1782530900.1716523,0.04628123753640241,0.004916615228833765
1782530930.5532618,0.04690977291910091,0.0049937466282538295
1782530990.954203,0.04603315878600853,0.004907765377407794
1782531021.3237991,0.04680052164458407,0.004981944383233694
1782531081.7115326,0.04672981191928714,0.004961339486378832
1782531142.1067693,0.047085378796133365,0.005004992406463752
1782531172.4922872,0.047063896886169965,0.005013316883813729
1782531232.8913467,0.04759536587436583,0.005074331873810437
1782531263.2783928,0.047452023009325925,0.0050518654505751345
1782531323.6721456,0.04752851487286318,0.005052644916559305
1782531354.0504844,0.047521081718633035,0.005059519570359487
1782531414.4267626,0.009830066272964788,0.015329943764699372
1782531474.829031,0.04833934705779112,0.005133959041538302
1782531505.20095,0.04797618549860416,0.005120075855781839
1782531565.6641774,0.04736318360961704,0.005035274812325953
1782531596.9022098,0.04567035298740313,0.004867093511995161
1782531658.0443249,0.04768186345263774,0.005056723627382567
1782531688.8582044,0.04753518498992165,0.0050607037870961415
1782531749.3589041,0.047582093332455604,0.005070606389877252
1782531779.828811,0.047240865379100175,0.0050197226378090485
1782531840.2573953,0.046381165993250234,0.004954724107337956
1782531870.6554513,0.047730085779474775,0.005087259942314042
1782531931.0669887,0.04591475672309108,0.004891673922431035
1782531991.4483676,0.0480044389500216,0.00511650982615972
1782532021.8566034,0.0472109094541206,0.0050275761241374535
1782532082.2681541,0.047055429362296924,0.004987056375234497
1782532142.7076116,0.0487436385011271,0.005212486791516497
1782532173.1297743,0.047323131644864104,0.005038067530038021
1782532233.5430512,0.04628867808370628,0.004944785523411394
1782532264.006748,0.04649062866481021,0.0049449158632652555
1782532324.41395,0.047409311680974155,0.005073703508499784
1782532384.8637831,0.0454776581517475,0.004866647507533579
1782532415.3011527,0.04905910747554388,0.005247483560180695
1782532475.782394,0.04794024251237307,0.0051084110385413465
1782532506.1956522,0.04766573262852867,0.005063025639685505
1782532566.6069982,0.04661425722066209,0.004970774963722021
1782532597.0170166,0.04639703311489703,0.004932881652160412
1782532657.4817395,0.046916432158191426,0.0050139436956121025
1782532687.9132857,0.04642476122728969,0.0049551376371099395
1782532748.3397176,0.04823442524972391,0.005134974905486478
1782532778.760481,0.048192168608402745,0.005119272942515934
1782532839.1556315,0.04825879979563716,0.005147210897006189
1782532869.5615776,0.009821341403570657,0.015285737833568232
1782532899.9784722,0.009822868135170328,0.015287285319861036
1782532930.394021,0.04630746015363988,0.004911538862133909
1782532990.8342226,0.04716146178268456,0.005039825371458615
1782533021.2571642,0.04636616206435556,0.004934131877832752
1782533081.7051723,0.047211273907706755,0.0050172122281658404
1782533112.136887,0.04724808290092057,0.0050515568443551435
1782533172.5628886,0.046606863194086905,0.004967277906910616
1782533202.964892,0.04592140944097937,0.004884747750815668
1782533263.357684,0.048371834601054535,0.005141818981368521
1782533293.785375,0.04624836977824276,0.004938098306092695
1782533324.246574,0.04625216987040211,0.004939433321218813
1782533354.6800818,0.04711647249025266,0.005003797887255237
1782533385.1803641,0.04603349905479189,0.004910474903449683
1782533446.232549,0.046365990668216873,0.004910763690450193
1782533477.3159983,0.04694423731175176,0.005010849899852502
1782533538.2758555,0.04760260550529872,0.00506114516020552
1782533598.6909578,0.0457209123613946,0.004860166751023226
1782533629.1761878,0.046354445056950896,0.004941606180933812
1782533689.6216476,0.04790642947890658,0.005107794760084568
1782533720.0952055,0.047465518601739656,0.005064649861118836
1782533780.5487192,0.04795482337275413,0.005118460965872638
1782533810.966478,0.047968997216073984,0.005107553687988172
1782533871.3787022,0.047617604109798574,0.005069672143534808
1782533901.8101177,0.046984351007522906,0.0050046132328949436
1782533932.1906922,0.04697352975436527,0.005002915411358132
1782533962.6147926,0.04672197671085002,0.004973114901362872
1782534023.0538626,0.045874778836091076,0.004884466616578079
1782534053.4595368,0.04714235636859698,0.005022815045989562
1782534113.8600094,0.04635419018755183,0.004922743662942338
1782534144.2774916,0.04796224396979649,0.005094230518591958
1782534204.688237,0.04702513676464018,0.004982722976808156
1782534265.135808,0.04651409311375669,0.004954237368607691
1782534295.5283327,0.047883013311979,0.00509965907588194
1782534355.9656563,0.04765766537536876,0.005085052311696113
1782534386.4155571,0.04860277804149196,0.005179607421690065
1782534446.8275733,0.04815357442241286,0.005129689513348482
1782534477.2054296,0.04651364720359732,0.004965817782964608
1782534537.5788627,0.04780314088367596,0.005099864995773969
1782534598.0120814,0.04656793220437059,0.004954211604927641
1782534628.4527767,0.047637029372648694,0.005075134111761975
1782534688.8503618,0.04600332747112481,0.004879029542216653
1782534719.2422712,0.046892100067107825,0.004987739662183425
1782534779.6695056,0.04684052282545201,0.004997479287551026
1782534810.0772955,0.04746784385843258,0.005040614104019381
1782534870.5036137,0.04696938019639776,0.005017293363565752
1782534900.8979032,0.047299593670581314,0.005039966498305271
1782534961.3094287,0.046320427643395196,0.004918872429893685
1782534991.7529225,0.046212164255247566,0.004941128162126583
1782535052.1507816,0.047712780733462044,0.005059349739328918
1782535112.5409276,0.046772580636494636,0.0049600215260458946
1782535142.9155734,0.04734380108786439,0.0050286519570997825
1782535203.281733,0.046409174666053155,0.004948850673110982
1782535233.6831489,0.04689293522783135,0.0049937340480109525
1782535294.1478093,0.04824168778137336,0.005131823304720144
1782535324.572984,0.047760844973129254,0.005106914509118236
1782535355.0003016,0.04771799966483879,0.005101275837426461
1782535385.801663,0.047509918633552424,0.005057078226411166
1782535446.4818428,0.04803093771409986,0.005118620540498684
1782535477.5022519,0.046241218493570546,0.004917001768486262
1782535538.089517,0.04712147689504655,0.005009308077901661
1782535568.7082605,0.046201220843677705,0.004919354149935145
1782535629.2923996,0.04605842711976214,0.0048973467266688895
1782535659.7155097,0.046712646680461725,0.004958417916890304
1782535720.2062464,0.046819235594248124,0.004986331880153381
1782535750.645024,0.046937610764791554,0.004997975036863777
1782535781.0661874,0.04682184339826243,0.004985261026242136
1782535811.474331,0.046726956241407665,0.004978278605721127
1782535871.92011,0.048085472111489905,0.005138292183019155
1782535902.338526,0.04666112470561378,0.0049936742358451065
1782535962.7849061,0.04804620937354749,0.005114797044945274
1782535993.2298388,0.047423156220932815,0.005061321732607479
1782536023.612309,0.047424431177157944,0.005060394750886724
1782536054.0122948,0.04709899906302556,0.0050078046909063515
1782536114.4203053,0.04726463379173833,0.005034628657434799
1782536144.9010997,0.04706902520137995,0.005017187773958086
1782536205.3582215,0.04770897674757914,0.005094589480796962
1782536235.7987764,0.04757769542317727,0.005072611046659357
1782536266.1901112,0.04737960385526007,0.005051882015344903
1782536296.5893838,0.04602068427361441,0.004884351277891648
1782536356.99298,0.04647353646378932,0.004948420681481907
1782536387.41089,0.045871196669171485,0.004877060649661417
1782536447.8063006,0.04614577805514529,0.004900721857226974
1782536478.2135117,0.047009220940620405,0.004992816147545842
1782536538.6855285,0.04586516640647377,0.004885446180309364
1782536599.102262,0.0478700207326902,0.005073170253747636
1782536629.5545588,0.0463177050979186,0.0049345268470934525
1782536689.976887,0.046214335894648705,0.004871305475436871
1782536720.4027705,0.046613574190593705,0.004971523014481362
1782536780.866811,0.046298409411944394,0.0049227202923543606
1782536811.2712507,0.04831711968663312,0.0051454442311729435
1782536871.6633627,0.04647097607588093,0.00494965867970956
1782536902.0974722,0.04705530128131205,0.005017150014406526
1782536962.5088031,0.046139498495294196,0.00490658653480165
1782536992.8872635,0.047583661803971125,0.005087078294157096
1782537053.299288,0.046134288378996906,0.0049227104769163105
1782537113.7503953,0.04789721122983647,0.005101346553274476
1782537144.1665037,0.047104823969018106,0.0050235936418427975
1782537204.5593705,0.04831860066397332,0.005104673223315458
1782537235.0229816,0.045839930570103805,0.00486877091799752
1782537295.708009,0.046900095481711986,0.004993958185734085
1782537327.4993844,0.04714286125187783,0.00501875251741634
1782537388.045445,0.047836706941028505,0.005125344179139102
1782537418.4559283,0.04833739023066954,0.0051530393077361195
1782537478.9669483,0.048516992865422055,0.005159550686804631
1782537509.4759803,0.04733492017857458,0.00502786163331801
1782537569.9398625,0.04728869326573834,0.00502298623680996
1782537630.3333735,0.04769810592120422,0.005058704028950071
1782537660.7416735,0.04696646991374167,0.0050007377174712125
1782537721.169715,0.04713273765039402,0.005000675616379088
1782537751.6054604,0.04712256862760436,0.005022010891003961
1782537812.0231068,0.04768090321478628,0.0050707580337059355
1782537842.4382265,0.04568760894408767,0.004861089735475034
1782537902.8526766,0.047727943322665244,0.005085398186927983
1782537933.3010473,0.046525535400713545,0.004941254152729736
1782537993.727027,0.04681717377194712,0.0049874085161643765
1782538024.1423745,0.00981897826581336,0.015276851302912176
1782538054.5821874,0.04574273073453082,0.004870678704318352
1782538084.9377155,0.04788457578138558,0.005113855627011972
1782538145.3537772,0.04606756325009493,0.0049005820898295445
1782538175.7665398,0.04701027116405125,0.005014183077265894
1782538236.1583848,0.045953362295357916,0.004898176724089098
1782538266.546363,0.04651978027115432,0.004939633851761207
1782538326.9459503,0.046189084906215906,0.0049419609884469515
1782538357.3897827,0.04501848960955952,0.004775633573091858
1782538417.8083253,0.04637285820841851,0.004936379657927709
1782538478.2531145,0.04798153684352388,0.005107666026164129
1782538508.6626546,0.048749149522966925,0.00519552172211597
1782538569.1348977,0.04758545236525984,0.005067750915669835
1782538599.5570776,0.04780547515160178,0.005092263211243835
1782538659.9868052,0.045642914019998204,0.00484168103737495
1782538690.4080408,0.048320552096239595,0.005141256838193754
1782538750.8292778,0.0467889978982344,0.004989562473906757
1782538781.2438602,0.04792077109830553,0.005111419017453511
1782538841.6551466,0.046323354091666054,0.004930338282846179
1782538872.0639617,0.04794230571378291,0.005101331039080238
1782538932.4600413,0.047362537028835056,0.00504711569871885
1782538992.9155915,0.04754290722110466,0.005061425796689056
1782539023.3037696,0.04782239483523551,0.00508564589323705
1782539083.6852155,0.04801891294642112,0.00512358850155318
1782539114.084326,0.009803850440195092,0.015329512304776666
1782539174.4627619,0.04685121634143654,0.004992289224137415
1782539204.9710577,0.048007207498018546,0.005121904963141637
1782539265.7419927,0.046299627146572625,0.004933660888610166
1782539296.545957,0.04789386692305727,0.005123073053362881
1782539357.1044517,0.047210988008328916,0.005018939187732509
1782539388.260693,0.04799882320923337,0.005111389052353332
1782539448.8987608,0.048513722074265554,0.00517562237280861
1782539509.3922884,0.009826429157118823,0.015339063957707608
1782539539.880953,0.04709865930440935,0.00500834532969722
1782539600.3158922,0.04705275683929781,0.0050178627543998894
1782539630.7737617,0.04857312609047199,0.005189728793016886
1782539691.2181888,0.04765901410416625,0.005080015556355229
1782539721.6612766,0.0472661847052984,0.0050330010271552395
1782539782.0925107,0.047888198945916255,0.005115684647047871
1782539842.5705457,0.04742986579562567,0.005029928563218707
1782539873.0142221,0.0476213244862467,0.0050818790064052904
1782539933.4224577,0.046172551750079255,0.004913933428871525
1782539963.880482,0.04893814424264802,0.0051913561777496816
1782540024.3055794,0.04771021920192474,0.005078288138026434
1782540054.6786997,0.04762975160266423,0.005081417866712787
1782540115.079192,0.046189644315575554,0.004901157953811204
1782540175.466673,0.04772466054378326,0.005078521120543799
1782540205.9282448,0.04886348491105819,0.0052278024689023875
1782540266.3073392,0.04690694456004891,0.005010008437217084
1782540296.673522,0.047253500251426626,0.005026379487795191
1782540357.0707164,0.046824529479571955,0.004993349846378127
1782540387.4384654,0.046449697854390806,0.004935828546409855
1782540447.833518,0.045908976818790144,0.004886164451646215
1782540478.2027783,0.04589667365667604,0.004890669605141111
1782540508.5792665,0.04589762489559577,0.004890585998108765
1782540538.9756172,0.047091362360550094,0.0050111372540325855
1782540599.3867981,0.04616095568237902,0.004904951076879534
1782540629.8106658,0.04633900534004035,0.004938942279527889
1782540690.2045739,0.04887198214109128,0.005207122578942732
1782540720.5646918,0.04729091627960973,0.005028799998008284
1782540780.9561503,0.04607467810312552,0.004898956057279359
1782540811.3946295,0.04803535374539041,0.005131495855741726
1782540871.792222,0.04578153195546532,0.00489423835104187
1782540902.1397276,0.0464293820993333,0.004913700640344544
1782540962.5165238,0.04721144087585825,0.0050090152831127974
1782540992.880127,0.04736910579675905,0.005037854474872297
1782541023.2786255,0.04738142495194088,0.005039748401472737
1782541053.7052078,0.048050979470275965,0.005144643980145067
1782541114.1280046,0.04785296219419148,0.005087912751692869
1782541144.4964619,0.04713105306654111,0.005005045789843419
1782541204.9033475,0.04671243795328387,0.0049900155352247885
1782541235.3873494,0.04649097605024997,0.004969283636749794
1782541296.3941586,0.04662180205168466,0.004969167793988906
1782541328.149785,0.04637654859220591,0.004942947045205107
1782541388.6158276,0.04757158705813777,0.005072469818888204
1782541419.161091,0.04723785472278931,0.005032312284198555
1782541479.6539803,0.04630545872253037,0.0049372659023895794
1782541510.1537607,0.04631519988877358,0.004923358473588991
1782541570.6064453,0.046237559019326864,0.004913601585597778
1782541631.0756392,0.04642602147538291,0.004934409368385325
1782541661.5792067,0.04738106731613482,0.005042988073387155
1782541722.0313869,0.048047628640745306,0.005107605417600329
1782541752.4559102,0.04635609526006581,0.004915121868212335
1782541782.8758528,0.04631274300209404,0.004910215593017672
1782541813.31543,0.04698236384093993,0.005018735805564163
1782541873.737085,0.04716200808989547,0.005025165015870665
1782541904.1377435,0.04769080516149681,0.00508601209718855
1782541964.5351357,0.04783398144736517,0.005074859348735149
1782541994.9202845,0.0474008989176336,0.0050337018280913505
1782542055.3272574,0.045923447043538616,0.004879765015622061
1782542085.782655,0.04682338650531942,0.004987177988300755
1782542146.2068596,0.04651400260373809,0.0049757750058978195
1782542176.5996327,0.04758824759855092,0.005080334340713335
1782542236.993057,0.048290459690605914,0.005128745178874591
1782542267.4082158,0.04618897192150101,0.004899459314755371
1782542327.8270628,0.045315230465108915,0.004820412032412266
1782542358.221073,0.04829449238399632,0.00512661320260099
1782542418.615322,0.047483237263271305,0.005063981187167766
1782542449.0425727,0.04701444953895405,0.0050243017651318556
1782542509.454747,0.04644336441220407,0.004956074234223008
1782542539.866332,0.04558154346094529,0.00483698558597831
1782542600.2399344,0.04745668389918854,0.005055701544834899
1782542660.6363106,0.04715084344058037,0.00501935350561232
1782542691.066363,0.0461552419176154,0.004896039649576793
1782542751.4472816,0.04713364965823638,0.005000754013653912
1782542781.8494506,0.04799602014876675,0.005107096299196258
1782542842.2304487,0.046568963416929655,0.004961592966401405
1782542872.6158314,0.04789812445336219,0.0050843495794123846
1782542933.031565,0.0474594265824645,0.00505820485516087
1782542963.419163,0.0465565790936904,0.004949652388695337
1782542993.8075404,0.046625880477999836,0.004957138551126889
1782543024.1988103,0.046582316338530425,0.004965595398127466
1782543084.6145813,0.047706349610321074,0.00507141174700375
1782543115.0429125,0.04754730518104114,0.005055047721913101
1782543175.459464,0.047736637723629224,0.005083655916105748
1782543206.0117211,0.04694997295438647,0.005022806654951936
1782543266.6486964,0.04653173496395043,0.004948026051556928
1782543298.4026082,0.046670797329467655,0.004962560418697988
1782543358.9574385,0.04637397225089657,0.004948643132793142
1782543389.4967024,0.04850074232459543,0.005151921736339195
1782543450.075008,0.04629065777410371,0.004914134622869199
1782543480.5057633,0.04722251137672636,0.0050300045738923315
1782543510.952341,0.047152652728826495,0.005023890767502802
1782543541.4199824,0.0475435606897471,0.005064540573007477
1782543601.8614252,0.047674875448132766,0.005092389582640419
1782543632.3181136,0.04829232400136656,0.005164433324539456
1782543692.709557,0.0469850065619842,0.004990126369235882
1782543723.1766615,0.047835115246647505,0.005084892919792081
1782543783.5683289,0.04695497660181101,0.005005241858124683
1782543813.9445863,0.04590692294785343,0.004882533591873143
1782543874.3188949,0.0471591229766595,0.00502884641686888
1782543934.7122443,0.04784686973437039,0.005065809340668322
1782543965.1357417,0.04810838240967886,0.0051121400392175375
1782543995.554052,0.04736617301459031,0.005048203166601679
1782544025.965333,0.04733557584715188,0.005047316079223261
1782544056.3888674,0.046175647564677805,0.004898590581149886
1782544116.8275545,0.04644484417689085,0.004924980457477242
1782544147.2262414,0.046426312064526805,0.00494652066263925
1782544207.6364534,0.04839263103272828,0.005142099840285714
1782544238.0327172,0.046775467791018266,0.004980243442208372
1782544298.4713893,0.046192387670141215,0.004915957471068272
1782544328.8961093,0.04689079764324368,0.004985745041070915
1782544389.3441057,0.047174240253545247,0.005033731543804553
1782544419.7040844,0.04625557600868144,0.004922010938684312
1782544450.0885906,0.046366482470419725,0.0049324523445048295
1782544480.4445379,0.047443653715667264,0.005060369337518044
1782544540.8617785,0.0471524098357956,0.005003341299082022
1782544571.264353,0.04704494518477455,0.005009218547778188
1782544631.6820054,0.04587924404627513,0.004859981877535714
1782544662.0823734,0.04732497336379199,0.00502951219343768
1782544722.4891598,0.047983990144647416,0.005117748828500454
1782544752.9049315,0.047001649339795656,0.004993860444138912
1782544813.3179498,0.04627723591806261,0.004922341964920481
1782544843.7066607,0.04689340786952667,0.005001418803834229
1782544904.0872192,0.04773188868225741,0.0050839186261457895
1782544964.500317,0.009832064330331297,0.015273928946201214
1782544994.979265,0.04739400969858492,0.005052397561478999
1782545055.4734151,0.04673837133163246,0.004971023150520963
1782545087.8488774,0.04781841645795778,0.0051023241481747165
1782545148.4098306,0.047575045181568264,0.005072538061137898
1782545179.0497377,0.04721597137668237,0.005055680546991854
1782545239.5895002,0.045658913037978574,0.004866367789049132
1782545269.9986277,0.047059667436368906,0.00499368229517206
1782545330.4256864,0.047939080728963634,0.005106825550051899
1782545360.7998972,0.04604678597646795,0.004906450645881195
1782545391.1940043,0.04613675591233455,0.00491504438875537
1782545421.6271944,0.04667951320342165,0.004971562421314994
1782545482.0468652,0.04641652095623589,0.004943410038943165
1782545512.4541073,0.047397485130162446,0.005042822134399699
1782545572.847321,0.04646124494452583,0.004946903072774537
1782545603.2471032,0.04589474752878425,0.0048837795842817475
1782545663.6780758,0.0481630325999473,0.005123433501034526
1782545694.1043222,0.04685071329315749,0.004994772511284062
1782545754.5255501,0.046867841809927764,0.004988830749865275
1782545814.9462218,0.04815529320379248,0.00511976646504757
1782545845.4158273,0.046781793574504266,0.0049820876908356375
1782545905.8453846,0.04747381365853911,0.005038419875903792
1782545936.2477376,0.0481943417399826,0.005141246422364066
1782545996.6484387,0.04760447549961316,0.005075292637516194
1782546027.052383,0.04750721286975868,0.005041507438234933
1782546087.4190664,0.04757347443944512,0.005073020443626453
1782546117.8084955,0.046053740968907936,0.004891696456510344
1782546178.2101102,0.046926847948319556,0.005010120141666392
1782546208.5967739,0.04773011428487886,0.005077877594019493
1782546268.97338,0.04748479858001225,0.005062155394375693
1782546299.340464,0.045867985419615204,0.004889508607348785
1782546359.6998472,0.0456005052121776,0.004878539219731179
1782546390.0903971,0.0484131621428638,0.005138096363799424
1782546450.4792552,0.04590171773412198,0.004895515405884291
1782546480.874742,0.04786253682870739,0.005080481381068719
1782546541.2842293,0.04774018571069897,0.00507439407510037
1782546601.7417426,0.04770694996871548,0.005072397106165616
1782546632.1313715,0.04712950831897148,0.005015663398767842
1782546692.5648794,0.04935888235652216,0.005249654282483054
1782546722.9530702,0.046274115048615956,0.004915746873985515
1782546783.3239868,0.047488373383858425,0.005055530669270804
1782546843.74789,0.04619550567736659,0.00492787466201245
1782546874.160046,0.009842920994995072,0.015281525135822656
1782546934.5615091,0.04754894246874798,0.0050552357128545
1782546965.0486307,0.04745243076020515,0.005044708409089141
1782547025.609235,0.04731447901764025,0.0050284615354321905
1782547057.4742548,0.04721507468852599,0.005041292139464695
1782547118.3446815,0.047559046579452646,0.005079099789262754
1782547148.8182056,0.0475197119406167,0.005066988194215044
1782547209.319672,0.009831522001340758,0.015304325347790424
1782547269.784863,0.047138628483621894,0.005006611962637799
1782547300.28411,0.04782361295670288,0.005100507754625611
1782547360.6864653,0.046642432653754624,0.004963976877491198
1782547391.0806034,0.046671137225111826,0.004981508010731173
1782547451.4748962,0.04710378630898058,0.005015664805252175
1782547481.8739586,0.04745161594956358,0.005042925123027397
1782547512.2748022,0.04746127491239424,0.005044726375678356
1782547542.6837351,0.047826900697490925,0.005097543281575705
1782547573.1124792,0.047204613370790294,0.005034240361920802
1782547603.5042815,0.047127018505812315,0.005025988927729702
1782547633.9402928,0.049049594528553564,0.00525302057517901
1782547694.3320086,0.0464086086400473,0.004952079163257661
1782547724.800729,0.046964952262882456,0.005008833129589026
1782547785.2284715,0.04764998843925273,0.005058992807220407
1782547815.6548047,0.04796898245121233,0.005118935698806455
1782547876.0600717,0.047319220633396074,0.005074473711789609
1782547906.461338,0.04658205849267839,0.004973567817990505
1782547966.9126146,0.04654609420955614,0.0049773650042136625
1782547997.320457,0.04698137345947193,0.005006661343782779
1782548057.686865,0.046127888623323954,0.004923426432543513
1782548088.0385017,0.04710099982897899,0.005022465131253179
1782548148.456089,0.04555799061217892,0.004843318504258549
1782548208.8538826,0.04608485586937814,0.004922150834403935
1782548239.2315967,0.04741377048413613,0.005057571251749857
1782548299.694849,0.046208437544269225,0.0048921088170753605
1782548330.090195,0.04550809100847772,0.004840565981281464
1782548390.5046842,0.04628724911289315,0.004927637801373318
1782548420.9068508,0.047544550969718165,0.005048481899824945
1782548481.3301902,0.046644785299731116,0.0049662331609491945
1782548511.748427,0.04671318891277612,0.004986713361270284
1782548572.170277,0.04728557667643063,0.005053812643242085
1782548632.568602,0.04658742886143502,0.004940829630456317
1782548663.0232625,0.0474794396125267,0.005033295714465227
1782548723.4735682,0.04604559846665027,0.004876774156341458
1782548753.905669,0.048368686289491286,0.005137554515453395
1782548814.3147328,0.04524755595886403,0.004823669876615506
1782548844.7442994,0.04763869263410342,0.005051782189872137
1782548875.233464,0.04733165200025498,0.005018715765736762
1782548906.3283377,0.04725602256205491,0.005024194018166573
1782548936.9251876,0.0468613248730821,0.00498972432002318
1782548998.495748,0.045827789247308404,0.00488384152665599
1782549058.9219332,0.04870721129008517,0.005208144550030249
1782549089.4412885,0.04714986025478227,0.005011689458701762
1782549149.9637845,0.04575510282109639,0.004863603405047276
1782549180.4271271,0.046237494612597574,0.004935722176847102
1782549210.8554542,0.047013414564806455,0.0050112002415024105
1782549241.254806,0.04553514591302257,0.004836602239174185
1782549301.716723,0.04840351539949215,0.005153296091595235
1782549332.1616669,0.04887180751420305,0.005215804066961427
1782549392.5897713,0.009831510640964112,0.015324402697911993
1782549423.0336845,0.04591583285797414,0.004887590565987309
1782549483.4313402,0.04667418192306647,0.0049707677370525016
1782549513.8197386,0.04756504440949339,0.005056362201879763
1782549574.2775378,0.046483870649956405,0.004938319919891498
1782549604.6903293,0.04721597985519429,0.005021357986926586
1782549665.1096914,0.04749112297263592,0.005054815407738257
1782549725.4930108,0.04671040606552058,0.004969543958851888
1782549755.9051735,0.047372059087725245,0.005041324478816946
1782549816.3013656,0.04579984071707367,0.004877435092559452
1782549846.7618072,0.046181974682792906,0.004929633241187245
1782549907.1218483,0.048055874676846605,0.005115883797797526
1782549937.5150366,0.04728803339493857,0.005032043123206669
1782549997.903289,0.047494573733181195,0.00505870150119019
1782550028.2869172,0.04669510612166908,0.004978990778930838
1782550058.7095313,0.046571474462241136,0.004964284716947488
1782550089.1419983,0.0483347404037386,0.005166884134522194
1782550149.5224035,0.045395226538770116,0.004816476603099762
1782550179.9268157,0.047829898928647994,0.005107981986706745
1782550240.3619883,0.04796975372389441,0.00511438024920924
1782550270.8397293,0.04741013952891338,0.005064463214422818
1782550331.2888763,0.047049674019912786,0.005016042686691009
1782550391.6824212,0.04728252878193809,0.005042206741445163
1782550422.0813687,0.04929504592359651,0.005237624543013105
1782550482.4875085,0.04623833162819931,0.00492628768199829
1782550512.8959668,0.04671283294200997,0.004959851729108494
1782550573.2745934,0.046709189194555086,0.004993112178002333
1782550633.7153838,0.04643357408623017,0.004945144743110834
1782550664.1428125,0.047531616400897946,0.0050515205337972715
1782550724.5397108,0.009839227458052519,0.015365459769488936
1782550754.9270024,0.04643358072679017,0.004951186765428132
1782550815.5946174,0.04827232978176965,0.00514802627131304
1782550846.0993674,0.048261610805416015,0.005142838348566076
1782550908.4300666,0.047821660848467555,0.005100658692371743
1782550968.8802762,0.04686757189550843,0.004985531289478229
1782550999.3845317,0.049553677836775264,0.005286012144332928
1782551059.830175,0.04813814111942185,0.005127772720257961
1782551090.3001287,0.049186863218487455,0.005236851955284089
1782551150.726027,0.04635974804338137,0.004936705923094987
1782551181.1525254,0.04781590359008558,0.0051140933672654725
1782551241.5495765,0.04727933376202619,0.005033715138457618
1782551271.9867017,0.047769260031380927,0.005090318871672939
1782551332.406196,0.04624778900120749,0.004925608043281603
1782551392.8013806,0.04734084471260804,0.005024121023218441
1782551423.2257462,0.04669404196360757,0.004967601851105395
1782551483.6907382,0.04803253707682429,0.005101678124664076
1782551514.1126878,0.047058082505273026,0.005001111432788038
1782551574.5554466,0.04707410123113698,0.005008360762681723
1782551604.9358373,0.048728658828096016,0.005205328108537721
1782551665.3088055,0.04664338070629156,0.004939956698506697
1782551695.6937025,0.04618931803933612,0.004916075385979791
1782551756.0547464,0.046399879402683315,0.004946910747584288
1782551786.442636,0.045407719228836775,0.0048411719177974735
1782551846.8069863,0.009819390386462158,0.015311948576381568
1782551907.2114089,0.04783073954153246,0.005103771915996668
1782551937.6728437,0.048514656355569105,0.005173924827449563
1782551998.0762973,0.009852287060708318,0.015287130708882995
1782552028.4877493,0.04796685036154979,0.005114174435871785
1782552088.930379,0.047648560075099905,0.0050944054920211935
1782552119.3500028,0.04852083953231644,0.00515270797114853
1782552149.7477117,0.049244758372926634,0.00523120026434035
1782552180.1777298,0.045306571339433985,0.00481491228116383
1782552240.5781925,0.04770439878307742,0.00506500079911301
1782552270.9399683,0.04786964060438932,0.005089673554725966
1782552331.3472586,0.046828577881905524,0.0049904909859334835
1782552361.7573316,0.048961545326220504,0.005208805166615679
1782552422.1505702,0.04743234077659501,0.005051147149092768
1782552452.5612261,0.04700448939335397,0.005003610732048266
1782552512.9686606,0.04640264704506025,0.0049217343900282515
1782552543.350805,0.046769255520374114,0.004982867516942247
1782552603.7380385,0.04777039692718317,0.005096231747886051
1782552664.206342,0.046745616451953347,0.004969722351616213
1782552694.7190814,0.046226796406673744,0.0049098288519141536
1782552755.6019666,0.04870002709161644,0.005177949741441261
1782552787.369795,0.04621740440548548,0.004919321976415491
1782552847.937909,0.04709712493212303,0.005038508740678085
1782552878.406007,0.04800821343188011,0.0050937009783105155
1782552938.9552937,0.046257097008337675,0.004924368854674184
1782552969.3847888,0.046525821120836336,0.0049541267136378585
1782552999.8185287,0.04657926136353519,0.004957873779035911
1782553030.253959,0.04640818460859326,0.0049365075789525115
1782553090.696887,0.04750208166924067,0.0050728593795582935
1782553121.156824,0.047477354389010996,0.005048896705898016
1782553181.5892196,0.04970252207715983,0.005304234487011426
1782553212.016659,0.04603857628815841,0.0049049899800646165
1782553272.408637,0.04654100617574557,0.00495151330460703
1782553332.8121986,0.046970370561390765,0.004994600114765901
1782553363.2079818,0.047308573276687936,0.005018546319255134
1782553423.5985317,0.048652194775764795,0.005172485030251701
1782553453.99643,0.04649125122927048,0.004947356592735977
1782553484.462156,0.0465198016508094,0.004952203468918275
1782553514.9103389,0.04804382312739945,0.005141356748680665
1782553575.3391852,0.04810487051230808,0.005129002837511033
1782553605.7727566,0.04816604575146439,0.005114363246596967
1782553666.1765726,0.04804623222843593,0.005137398674608575
1782553696.589228,0.047179855994326586,0.005012707067436379
1782553757.020244,0.04751092676098123,0.005056808814495914
1782553787.453216,0.049062781753626564,0.005225567443863506
1782553847.861781,0.04642621684080218,0.004945140117467038
1782553878.279556,0.04853686722385019,0.005165695649296526
1782553938.6795173,0.04816426096766074,0.00512708218196951
1782553969.0777256,0.04646802579043247,0.004948792544502327
1782553999.4851627,0.046139316215433296,0.004914782632298133
1782554029.9236233,0.04790637942113907,0.005114729946894199
1782554090.337287,0.04578218559726426,0.0048918610197667195
1782554120.7180583,0.04728369156596018,0.005043643685097887
1782554181.1315749,0.048113499737333455,0.005114953172603214
1782554211.5289612,0.046369583203619974,0.00494593283740861
1782554271.9687512,0.045877208869550344,0.004886484586073811
1782554302.381573,0.04587818052142909,0.0048665456989295435
1782554362.7739556,0.04779203330052814,0.005079863790562442
1782554393.1565623,0.048954728606214776,0.0051971257971620485
1782554453.5870693,0.0464291148792954,0.004938739802987686
1782554514.0231671,0.04703363538838749,0.004968346681404029
1782554544.4339302,0.04804012178995904,0.005115001788606102
1782554604.9012341,0.04697975006154534,0.005008019890130082
1782554637.6729608,0.047327378032000246,0.0050426455564285206
1782554698.1001487,0.04559448503585478,0.004837987668921083
1782554728.6025975,0.04622262975527192,0.004942619910613084
1782554789.0944915,0.04741725891362599,0.0050660050434307
1782554819.5032103,0.04714717629540632,0.005043089193524133
1782554849.927221,0.04713421218890461,0.005042013189473486
1782554880.3762393,0.04554650567358704,0.004863310103332703
1782554940.7769299,0.04813292203223048,0.005110764566573769
1782554971.1952147,0.04676886753795493,0.004976652933511293
1782555031.561712,0.045923636040310585,0.004858935326786671
1782555061.948565,0.045731125080668164,0.004866602198187967
1782555122.3789291,0.04633948798975361,0.004902472890307965
1782555152.7491186,0.04757781192493502,0.005070027514830999
1782555213.1273158,0.04664351980897868,0.004974045947205619
1782555243.5351336,0.04602729832006974,0.004899805074507676
1782555303.937557,0.04789721606565083,0.005119791445624023
1782555334.3383198,0.047474585475497044,0.005055813645278677
1782555394.7405903,0.0469536603804,0.005010293610879968
1782555425.108072,0.04717862196669346,0.0050299054703840055
1782555485.521408,0.048328322118391595,0.005157254067270379
1782555515.9653409,0.04658587893315118,0.004959985486672172
1782555576.412636,0.046229702835734306,0.004914234246022482
1782555636.8931081,0.04599028775615911,0.004897610674248958
1782555667.3111322,0.04642102727665696,0.004941241587515944
1782555727.7376254,0.04506773724418545,0.004789673158434348
1782555758.1155467,0.046761533246298156,0.004979074624458586
1782555818.548902,0.04707379640722464,0.00499381037066835
1782555879.330278,0.04757038315902072,0.005043467857167426
1782555910.1901248,0.04627893400532647,0.004930490931401719
1782555970.6441476,0.04674020453353806,0.004962594546381149
1782556001.06859,0.046571706544692885,0.004952599947945055
1782556061.4709642,0.04677605503404103,0.004985172942017544
1782556091.8992302,0.04724090508947639,0.005013880929022438
1782556152.3030312,0.04590241317254323,0.0048885241173979
1782556182.695436,0.047691957739310765,0.005085617779654914
1782556243.0667899,0.046839157626196073,0.004995588235476887
1782556273.4099712,0.009830392494379479,0.01531971841868313
1782556303.7651827,0.04563843716343668,0.004854379185979446
1782556334.1316342,0.047551286135543006,0.005052659565103417
1782556394.5390253,0.04767048781068051,0.005103296418912272
1782556426.1945565,0.04715975515324895,0.005041174976223942
1782556487.6442103,0.04602498764096244,0.004891683228017565
1782556518.1190648,0.04608036839585055,0.0049149682286457625
1782556578.5772593,0.045825803750922385,0.0048777563210000785
1782556609.094129,0.047266176117061985,0.00502504192903575
1782556669.5530555,0.04702424265523002,0.004989486163341805
1782556700.0799263,0.04725493013909085,0.005043252575218449
1782556760.5046647,0.047237982015730554,0.005001832231539827
1782556790.905721,0.04703549683665007,0.005029003092905914
1782556851.3539834,0.04774908722072812,0.005093820907779097
1782556881.8126173,0.04600976379357007,0.004894914869536805
1782556942.21875,0.04727361313842581,0.005041407346771836
1782557002.639747,0.04626952231892377,0.004932254221320591
1782557033.0451539,0.04664980383347552,0.004994352677561726
1782557063.515888,0.04986529281608579,0.0053207927529884515
1782557123.9539857,0.046024412660576164,0.004895178336172184
1782557184.315697,0.045856105421635394,0.004880062748419894
1782557214.756543,0.04640580971446288,0.004953046298835531
1782557275.1776245,0.04712287161390109,0.005022724614996132
1782557305.6472282,0.0462081078904158,0.004913010134757983
1782557366.082417,0.046613981150026206,0.004952234434922956
1782557396.4940703,0.04748800140311956,0.005100338943580867
1782557456.9057074,0.04673256878226959,0.004973894439582065
1782557487.3747249,0.04575223329887631,0.004881212688427073
1782557547.7691233,0.046629703559130285,0.004951541795333558
1782557578.182414,0.04766761938291639,0.005063128022341024
1782557608.5720224,0.0475223935310997,0.005049019037232271
1782557638.9898322,0.04777626606354045,0.00509876215965388
1782557699.4178798,0.04685270427500316,0.004990730871218691
1782557729.8517792,0.04638666169692564,0.0049423912746250805
1782557790.270723,0.04670958589321058,0.004963649732816174
1782557820.7038555,0.04663545456559994,0.004966521737662544
1782557881.1225133,0.04765035296795471,0.005080656520257448
1782557941.5095067,0.04694644627922011,0.004987990172478413
1782557971.904702,0.0483120598310034,0.00515126529865549
1782558032.2655458,0.04723687003180583,0.005040030670414945
1782558062.655487,0.04523815950960485,0.004824785957413348
1782558123.0470803,0.04586033520656515,0.004855619880849007
1782558183.5044553,0.04715023644294337,0.005023829797549285
1782558213.9115076,0.04782887875817939,0.005092151207995393
1782558274.3720324,0.0482894698038965,0.0051184560241182755
1782558304.8040018,0.04709601844290254,0.005010285888262196
1782558367.7028613,0.047236682686566334,0.005026796634946054
1782558398.1381497,0.04637135023983328,0.004917919839768437
1782558458.7698007,0.04684505536603331,0.004977345636057723
1782558519.290185,0.04637684757320512,0.004936177994157212
1782558549.80172,0.047927208137197794,0.005100795229980234
1782558580.1969001,0.047128665127917406,0.0050022767750005585
1782558610.5970786,0.04708416123940548,0.004997380346386959
1782558640.9797177,0.04786427681803246,0.005101527992131361
1782558701.3981853,0.046100263761905846,0.004910899844672645
1782558731.8482065,0.04599518527640792,0.004875362787320631
1782558792.277065,0.04657820252314538,0.004949371349320298
1782558822.6815326,0.047001047741742234,0.005001975236266296
1782558883.029683,0.0454600166971471,0.004846813314802355
1782558913.4139988,0.04692051820279036,0.004993169649899559
1782558943.803873,0.046930304308194226,0.00499635024202905
1782558974.213134,0.047295037367490404,0.005039053405914751
1782559034.5992641,0.046570653459225,0.004974094960821894
1782559064.9876025,0.04681683084887081,0.004981525609472702
1782559125.3659692,0.047858208031762134,0.0050955112169563475
1782559155.7650065,0.0462426183126278,0.004902313067538574
1782559216.1817188,0.047213011373255,0.005046298080473713
1782559246.5468285,0.04614542265258117,0.004920733093386923
1782559306.9231749,0.04590201851637757,0.004911402321366339
1782559367.357793,0.04791382366720261,0.005115022812508998
1782559397.7316055,0.009822567413443116,0.015215181055029564
1782559428.0987184,0.04619278604540103,0.004927866545320281
1782559488.483764,0.04683133056898476,0.004980642463203334
1782559548.8964152,0.047436863721620426,0.005053525505433405
1782559579.3370354,0.0460484374477058,0.0049081461735367765
1782559639.7620203,0.047283099447519794,0.005030761826610598
1782559670.1541345,0.04633035871056257,0.004942643965336155
1782559730.5261986,0.04732344914617516,0.005060346320651046
1782559760.9591107,0.04878857232693017,0.005207291409969039
1782559821.3239474,0.047603371548615624,0.005073999597460018
1782559881.6954575,0.046454559915961244,0.0049307771755082355
1782559912.0739117,0.046542678386131096,0.004965537806028842
1782559972.455519,0.04668100383950193,0.004958118607615398
1782560002.8822296,0.04801294183878764,0.0051355974551774404
1782560063.2999728,0.04852036048045566,0.005179963714706795
1782560093.7152874,0.046546867585679635,0.004950403515809147
1782560154.119916,0.046656155910289425,0.00496723281878724
1782560184.4940107,0.047033317928388094,0.005020033900889131
1782560244.9371092,0.04819778850412604,0.005148677449709443
1782560305.8022122,0.046751307911050116,0.004965053466481849
1782560337.4697943,0.04701097186509801,0.0049928667967908905
1782560398.0566294,0.047331379823543504,0.00505810042522291
1782560428.6105657,0.046584501914034446,0.004946767892036263
1782560489.1242638,0.04796532009511366,0.005112598594295133
1782560519.651781,0.04617849862677702,0.004923809143246585
1782560580.0991285,0.04691114241198352,0.00499121355288289
1782560610.6079473,0.0472177732791302,0.005019389090267728
1782560671.0378911,0.04679961538762692,0.004988605193136167
1782560701.4588037,0.046891504161707905,0.004972725906300806
1782560761.8631122,0.009834463077418285,0.015316485714602554
1782560792.2710276,0.047961958764700684,0.005113221980566927
1782560822.684917,0.048048577185376265,0.005121820181495903
1782560853.1698527,0.047167314065296194,0.005029814347110389
1782560913.5884762,0.04623235484413903,0.00491194853751811
1782560944.0080547,0.047694952566495925,0.005086812673100457
1782561004.3976552,0.045333869277431195,0.0048182443900070164
1782561034.8108265,0.047344422097482824,0.0050446835109271585
1782561095.2224896,0.048115397419313304,0.0051175463590611035
1782561125.6609519,0.0480065096884549,0.005094272329976093
1782561186.0881817,0.04658477694925921,0.0049563628255544605
1782561216.579323,0.04814767495535275,0.005105815959805973
1782561277.0619464,0.04725270595543719,0.005036517567385231
1782561307.4817705,0.04571335120037632,0.004860827832813278
1782561367.8775094,0.046167484158803805,0.004909783621987047
1782561398.3001997,0.047451111140946446,0.005062832454728963
1782561458.7407184,0.046771936997265735,0.004976694844289759
1782561519.1303673,0.04657234309942849,0.004986435094571566
1782561549.512207,0.04640276376400254,0.004925455311204115
1782561609.9677467,0.04565949227525426,0.00487890103271005
1782561640.3912835,0.04696036378326835,0.005009213393767663
1782561700.785704,0.04670689959234197,0.004953050016642882
1782561731.1634603,0.04652515626481895,0.0049626950413834475
1782561791.5801182,0.045299476311287404,0.004813582348914681
1782561822.0175474,0.04722265600130887,0.005014586664470916
1782561882.4290612,0.048248635433812755,0.005136802947040374
1782561912.8601658,0.047051278116497466,0.005020925949352647
1782561973.3121808,0.04764698743728493,0.00505910422692704
1782562003.7368758,0.046771500344709616,0.004980999400234601
1782562064.1544883,0.045301770826757994,0.004810426354902896
1782562124.5741992,0.047340131205640755,0.005036303002273658
1782562155.0779946,0.04755760759701703,0.005065017244402507
1782562216.054975,0.047587772248629194,0.005066260511826322
1782562247.909842,0.04760979117499264,0.005082711869334648
1782562308.468321,0.045676425187188376,0.004890427602320305
1782562339.0390248,0.04761711177519518,0.0050551584137155225
1782562399.6180325,0.04690472614354956,0.005010493951306844
1782562460.0494604,0.04737471080447233,0.005034632382039775
1782562490.5032818,0.047632866402097226,0.00509801196828621
1782562550.9130204,0.04741751778354317,0.005036673609574297
1782562581.3506422,0.04761739412728201,0.005056252551585351
1782562641.743859,0.047390218731734886,0.00504903009498337
1782562672.1270359,0.047624405458410055,0.005063275945245664
1782562732.537068,0.04736249049654238,0.005036835134112804
1782562762.9432309,0.047545705908355836,0.00504822426336526
1782562823.3746037,0.04542469757753711,0.004825903080162051
1782562853.8177803,0.04916914365244445,0.005244994493020132
1782562914.2406895,0.04715148398978919,0.0050056040128434905
1782562944.698606,0.04631161479890584,0.004918453976438248
1782563005.1214855,0.047228819060375245,0.0050151660573953954
1782563035.595274,0.04748314505695174,0.005043893456090424
1782563096.0680594,0.0483543207983347,0.005160030614155409
1782563156.4717581,0.04772329883680337,0.005106527100262719
1782563186.9136286,0.047518391514744594,0.005087478489977993
1782563247.31568,0.04702614208159907,0.004987534291150425
1782563277.7695427,0.04783955196677244,0.005097292850923041
1782563338.2248003,0.04584598089047875,0.004882143657595629
1782563368.6164768,0.04677012956925097,0.0049591677470017
1782563428.9950595,0.047138406790189664,0.005015633538774385
1782563459.4094715,0.047101268647982586,0.005016204470366808
1782563519.8009667,0.04600573701901657,0.004899376048277022
1782563550.1983843,0.04668211693976525,0.004970950017043429
1782563610.6075861,0.0466171514885014,0.004951852509949213
1782563641.007004,0.04643733922810333,0.0049538985874850805
1782563701.40762,0.04712010684585941,0.004977688400840613
1782563761.7697976,0.04816796772537289,0.0051314993404417185
1782563792.17066,0.047036804878626,0.0050081088757458455
1782563852.583612,0.04743650117990394,0.005036715885790219
1782563883.0170841,0.0468761970358649,0.004972772485979705
1782563943.4206057,0.04776125102676717,0.005083751419678322
1782563973.8011253,0.04788720203881009,0.005124151086342496
1782564034.2101586,0.046546524562852354,0.004949663309165141
1782564064.625474,0.046089947726499825,0.004909229181928294
1782564125.0380793,0.04658497752239312,0.004964172082956032
1782564155.4842653,0.04624849635912235,0.004911733047100113
1782564218.116549,0.04727155450285138,0.005035332755756754
1782564278.6398273,0.048861870151944,0.005205603092310083
1782564309.1893601,0.04664200942121018,0.0049485004778283105
1782564369.6650956,0.04726934729592472,0.005008819490296023
1782564400.1878188,0.04785804916312668,0.005100698886080169
1782564460.6349173,0.045127511528875966,0.004817720432423827
1782564491.1035964,0.04540267752240824,0.004835546787852803
1782564551.5081918,0.04700711952774495,0.00499923464039962
1782564581.9273024,0.045363561105667236,0.004838585225700844
1782564642.3518717,0.046653401242917905,0.004970159093570748
1782564702.7850766,0.04562547160239377,0.004857296855401961
1782564733.2461553,0.046373929922150656,0.00493758491622563
1782564793.697063,0.009835423159086677,0.015344520370142346
1782564824.1067476,0.04783343721405822,0.005098099877386739
1782564884.5801482,0.04812312667546189,0.005108435204920459
1782564915.0467026,0.0475325300996755,0.005062765862518145
1782564945.4811733,0.04741667536129888,0.005050393931521999
1782564975.935749,0.04749686735276622,0.005043374407624707
1782565036.3331351,0.047239455548970126,0.005055466495816096
1782565066.7673953,0.04677426373899719,0.004979990851242959
1782565127.2682934,0.04709789197120468,0.004999858246221068
1782565157.702718,0.04652992145745518,0.004978908234992581
1782565218.176051,0.047930399255265405,0.005106206539263643
1782565278.5343344,0.047290567841921774,0.005047646030966483
1782565308.9313123,0.046862977723649,0.004989077905648683
1782565369.3603036,0.047864817065195964,0.005118945111383108
1782565399.7323346,0.04770124083677968,0.005078013524276039
1782565460.1565008,0.04813981709415381,0.005135258536057832
1782565490.5436995,0.04707333858002144,0.004994306581206655
1782565551.0271208,0.04797049276860876,0.00511113902968447
1782565611.4606798,0.04749753732590615,0.005060941913631394
1782565641.8500779,0.04761566133312588,0.005081756918389872
1782565702.2282286,0.04632604154075328,0.004929867024144296
1782565762.6448467,0.045614074262862035,0.00484808219012626
1782565793.0507464,0.046566417927829305,0.004951513698141605
1782565853.4530458,0.04754027448081678,0.005047063242931489
1782565883.8667128,0.04784802064361196,0.005107654667479828
1782565944.3108616,0.04606636476860892,0.0049110036733414075
1782565974.6960545,0.04713697957088599,0.005025396028181632
1782566035.103008,0.047368326957361886,0.0050512094793917625
1782566095.4681833,0.045514505315832524,0.004833506046521165
1782566128.1638165,0.04688976646447377,0.004987689910158413
1782566188.6351306,0.046210698504231935,0.004927498962706662
1782566219.1256506,0.04666266619161789,0.004963136553424617
1782566279.5963435,0.04681129419951072,0.004991063264414521
1782566310.1121438,0.046710203146049026,0.004990321135608701
1782566370.6109543,0.04832783576969673,0.005148210800625092
1782566401.0542974,0.04845788384663666,0.005171600250734762
1782566461.4797997,0.04825079495869103,0.005148005402247707
1782566491.92704,0.048451381370829195,0.005167563011871169
1782566552.3615685,0.04757798401380771,0.005048131371211613
1782566612.7641187,0.04521787453711302,0.004798718489758603
1782566643.173832,0.04750857333797379,0.005055790310700821
1782566703.6352842,0.04730416394119948,0.005044099289514005
1782566734.068795,0.04628278262032302,0.0049241623476932485
1782566794.4685583,0.047836864514405913,0.005085582149296853
1782566824.8790624,0.046728351425798335,0.004973513989214508
1782566885.291846,0.046685979191754136,0.004957969423683298
1782566915.7324014,0.04499980725717958,0.004797024461815111
1782566976.1349077,0.04609311744797158,0.0049076125335798535
1782567006.5026393,0.046507360210919016,0.004952021805556853
1782567066.8931854,0.04637529540476731,0.004937283753956177
1782567097.3276508,0.0466515558282519,0.00498685390160698
1782567157.7932851,0.0462522524138176,0.004892265925974439
1782567218.2083843,0.04795328152341604,0.0051279435792374135
1782567248.6331549,0.04733341594847687,0.005042757533783552
1782567309.0797377,0.047770955875737604,0.005078127554164014
1782567339.5282853,0.04667310187710058,0.004994953984705391
1782567400.001099,0.046995607847347735,0.005022768616424665
1782567430.4561443,0.04797051592601032,0.005096569164680689
1782567490.8424914,0.0475778492998126,0.005064410867864781
1782567551.282665,0.04679235213895739,0.004977995375894391
1782567581.7134974,0.04653243018061964,0.004965990902497448
1782567642.1495395,0.04616133605261248,0.004917681080176587
1782567672.5698876,0.04624778265779129,0.004921351658218969
1782567732.9873846,0.04588740889299478,0.0048841545135005745
1782567763.4126174,0.046734312977434966,0.004972068731381332
1782567823.831189,0.047386293582935356,0.005056761318267688
1782567854.2258005,0.04652014381545723,0.004948526086942007
1782567914.6258273,0.048135815125318004,0.005106498874767013
1782567945.0307727,0.048273697090052435,0.005149310875808281
1782567975.4391592,0.04823876475896025,0.005145391633985401
1782568005.8917267,0.04805542376283006,0.0051071110716958724
1782568038.4079282,0.04712164921248371,0.005037422275748557
1782568098.9387515,0.04612805044028135,0.004929899290954784
1782568159.4177098,0.04710363049109457,0.00500499572878642
1782568190.0062585,0.04743392303733894,0.005056771791790718
1782568250.478417,0.048329784736348955,0.0051481861080270456
1782568280.963274,0.04693236478784478,0.005017368683806498
1782568341.3650136,0.046304052149086304,0.004933317164894812
1782568371.749273,0.04542400292762035,0.004857286097845397
1782568432.167473,0.04578544470016208,0.004868589124873684
1782568462.650818,0.0469972808395529,0.005012452423472949
1782568523.0885608,0.04853879163825599,0.005168041582566301
1782568553.490377,0.047027219147653926,0.004994988644553167
1782568583.9125533,0.0469966605539711,0.004990415841276974
1782568614.3556492,0.04641398096065281,0.004948303597211706
1782568674.7656229,0.045432060126682126,0.004831751579976713
1782568705.1703746,0.0459030683133339,0.0049019030730433726
1782568765.5755098,0.04608706831042193,0.004917005499905015
1782568795.966418,0.047892638084793895,0.005103951929706175
1782568856.3648803,0.04843653319416947,0.005153542096951501
1782568886.8077266,0.04798422314816831,0.005096191123351081
1782568947.2167516,0.04791164061939661,0.005099232842077648
1782569007.630766,0.04645939572153144,0.004931830579842057
1782569038.0858855,0.04690768818127163,0.004981959334074573
1782569098.5165567,0.046157312141745434,0.004890154279934987
1782569128.9326403,0.04729275478297115,0.005044266054274264
1782569189.321436,0.04798790677770097,0.005105675925701689
1782569219.7692997,0.04848053177570531,0.0051569856099177415
1782569280.1799066,0.047869908830257935,0.0050974504151844995
1782569340.5931258,0.04692425569897178,0.004993147407169034
1782569371.0198987,0.04556793478547534,0.004851567019341137
1782569431.4355319,0.04561537997450098,0.004845117981513331
1782569461.8923836,0.048243250053049844,0.005134345379519396
1782569522.3132892,0.04709454835534684,0.005004070051829903
1782569552.7291014,0.04693057529100442,0.004994280903838956
1782569613.174335,0.04662456016335783,0.004968814776343878
1782569643.59073,0.0476630130740148,0.005076561789894404
1782569703.9910042,0.04763025943769367,0.00507541150359101
1782569734.414014,0.046914088708642686,0.004982602952867722
1782569794.836487,0.04725058746580078,0.005036787593334854
1782569855.2404685,0.04763371363757209,0.005097625306642043
1782569885.6451519,0.04720104143799957,0.005005038479385081
1782569946.108664,0.04656109535956059,0.004967965901524227
1782569978.7710145,0.04697675577469491,0.004997734252868609
1782570039.4274926,0.04811223464152069,0.005115435136701063
1782570069.8680632,0.04823883820705819,0.005146399706923469
1782570130.4890764,0.04840699978649563,0.005138846512220734
1782570190.945664,0.0468083969979583,0.0049768289330717
1782570221.5015454,0.04551557878424601,0.004849264751178814
1782570281.9772656,0.04669875100720943,0.004956367487193894
1782570312.4667437,0.046339827047726136,0.004943985855251008
1782570372.8782601,0.04788445735380582,0.0051081410765029265
1782570403.3126962,0.04784519326786085,0.005087909942898054
1782570463.9430869,0.04647901498395768,0.00494427944701813
1782570524.389199,0.047537280206643405,0.005059962234842258
1782570554.7916985,0.04566311616560545,0.0048586936353564565
1782570615.1362498,0.04653122888262649,0.0049535864733895076
1782570645.5520575,0.04799233522028004,0.005108851063483651
1782570705.9842675,0.046364113609707845,0.004931835935004284
1782570736.3874803,0.04663769537140912,0.004958951273282579
1782570796.7746108,0.047686466504635185,0.005085872913987378
1782570857.21415,0.0476011954949097,0.005083209518239412
1782570887.6557508,0.04833836865610622,0.00514961174988563
1782570948.1000674,0.049751182064476776,0.0053140842480597205
1782570978.4924707,0.04742262274429689,0.0050403139361969735
1782571038.909976,0.04767348525280547,0.005083781353599271
1782571069.3737814,0.04538363021837748,0.0048242702228186215
1782571129.8128903,0.048256924556794756,0.005144275925634417
1782571160.2050128,0.04685045217175066,0.004986398550052522
1782571220.6293795,0.04546821933480666,0.004830049559689673
1782571281.0673397,0.04820409208565846,0.0051324875839607225
1782571311.4457462,0.04697124977213061,0.005006848851631911
1782571371.827004,0.046519620184527585,0.004955704206345956
1782571402.2245092,0.04771572224386224,0.005092808828762507
1782571462.599006,0.04663485909166291,0.004961956573346267
1782571523.0481,0.048328053175857824,0.005162200995410989
1782571553.4842722,0.047478451553375545,0.005065265229262891
1782571583.9219918,0.047077536463027425,0.005035045009486221
1782571614.351455,0.046921090217015085,0.0050191312184297635
1782571644.7595072,0.047033572536260275,0.004995470862099293
1782571705.2023585,0.047694920853553015,0.005081484168846977
1782571735.6419055,0.04626975782387158,0.0049206634070082505
1782571796.0700986,0.047858860032762504,0.005078306930764507
1782571826.7154164,0.046261592777972156,0.0049376829360042885
1782571889.2088995,0.04600845136503796,0.004883045744347057
1782571919.873335,0.0475604818183234,0.005069245835719158
1782571980.3299725,0.04771424791671032,0.005071614612621954
1782572010.9110453,0.04629153714142242,0.0049521744116370675
1782572071.3850424,0.04732324482747196,0.00502910210658526
1782572101.8289719,0.04616545592699857,0.004925258143363372
1782572162.2113175,0.04710731645113924,0.005033095262055279
1782572222.6327474,0.04710412624661842,0.005001741416447033
1782572253.1052344,0.046650417960702815,0.004961533354760857
1782572313.5412004,0.04574992942186871,0.004872300073908387
1782572343.962399,0.047657185662451404,0.005072932135675888
1782572404.413528,0.049212366350087425,0.005260604793372375
1782572434.8497238,0.047680451360021185,0.005073739523503685
1782572495.2888682,0.047840188337344595,0.005104093902132259
1782572555.6818202,0.04626827222418419,0.004931549505626932
1782572586.1044738,0.04753901735277906,0.005082887649242082
1782572646.5083718,0.04700758791861876,0.00502437303456193
1782572676.915755,0.04708615695495004,0.0050192425616304714
1782572737.3424,0.0473321858805096,0.005054499751971839
1782572767.7537982,0.04573355477841304,0.004854618858241884
1782572828.203087,0.04607805593847661,0.004904069483317949
1782572858.6140587,0.04745340691039088,0.0050646193298177974
1782572918.998442,0.04710433320326797,0.005017206065107013
1782572949.4013202,0.04706233717491698,0.005030736104748879
1782573009.819402,0.045729502449637964,0.004867260097306698
1782573040.2806532,0.04739415372762478,0.005035016219112851
1782573100.7047095,0.04797154598031823,0.005123423234830185
1782573161.1103446,0.046356461224334365,0.004917576216061823
1782573191.4927006,0.0480198809577087,0.0051157616957403125
1782573251.954834,0.046873465702444134,0.00499263398167033
1782573282.3850641,0.04685961657443439,0.00499585019766929
1782573342.7582607,0.0474056591644255,0.0050272752865567535
1782573373.1808558,0.046459902849422134,0.004938948552099164
1782573433.5880115,0.0476170865736305,0.005074728350953061
1782573494.00581,0.047387595511107605,0.005034470138936537
1782573524.4736423,0.04677307323663276,0.0049730391894969184
1782573584.8694427,0.04741943345804452,0.005055414586077296
1782573615.2675173,0.04681274207390187,0.004967919137434946
1782573675.6775997,0.04712267221845228,0.00502575787582787
1782573706.073448,0.04675612148741413,0.004969719719788402
1782573766.4855099,0.04575166523013749,0.004878063160760464
1782573796.9824731,0.048359008352842466,0.005144176596714341
1782573857.9900599,0.04719707861507074,0.005018821905472154
1782573889.9251254,0.04770544710098611,0.005080419844873449
1782573950.4848316,0.04708942629906671,0.005006807567548886
1782573980.9191926,0.050247487834802256,0.005324704249114047
1782574041.575066,0.04668620976228144,0.004965125478219591
1782574072.0954206,0.04799161132047894,0.00510993016866406
1782574132.6653986,0.046953729577526124,0.0049993752117883285
1782574193.1378992,0.04629094657248701,0.004930211683122894
1782574223.5817628,0.04724963435238762,0.005038764510822719
1782574284.0202823,0.04696519066069333,0.004998123111432965
1782574314.4525132,0.0478259236324995,0.005112959197739533
1782574374.8337288,0.04632086265880226,0.004910353365302579
1782574405.2641292,0.04624482279821487,0.00490973175105558
1782574465.72251,0.04820668166764958,0.005122016591640536
1782574496.1587641,0.04698681226890832,0.004985549824660136
1782574526.5748887,0.04735027237052053,0.005033101842247032
1782574556.9712725,0.0467467073984402,0.00497948383856095
1782574617.4097292,0.009833164449277095,0.015272524970167465
1782574647.906495,0.047203764375685374,0.005016120204750083
1782574708.3057508,0.046676572993798314,0.004978931343526144
1782574738.74275,0.047301136521353364,0.005036909213547442
1782574799.1665525,0.04713695764709095,0.005008492559826769
1782574829.597038,0.04677744110987252,0.004977850992426147
1782574890.0564616,0.045409670616959705,0.004826132517448142
1782574920.4526663,0.04613066778843536,0.004927309513796045
1782574980.8807578,0.04655800362687307,0.00492877278017335
1782575011.3248627,0.04777663049554694,0.005102947407664738
1782575071.70336,0.04656597371611688,0.0049347770645217035
1782575102.137524,0.04739606656167973,0.005020637836672359
1782575132.5491319,0.047320729168230685,0.005011357824414349
1782575162.973271,0.047729445399518095,0.0050731025985956335
1782575193.382119,0.0479485315074986,0.005099116647052677
1782575253.770255,0.048080145034063444,0.005126130954056459
1782575314.1947384,0.0497123098736131,0.005297774325040462
1782575344.5778792,0.04666752245806666,0.00497583882085093
1782575404.9818888,0.04637126350779939,0.004933952760055235
1782575435.418037,0.04745929213352135,0.005044765612440603
1782575495.869238,0.047322662797946315,0.005038207581329664
1782575556.2477446,0.046468756960814615,0.004925993914795001
1782575586.659454,0.04568321141302127,0.004872427423730811
1782575647.0906734,0.049622006946959375,0.005280665725247178
1782575677.496684,0.04678583777708551,0.004973322214414398
1782575737.9374492,0.046404564346699,0.004939458341402749
1782575768.352309,0.04758273655229683,0.005081663449714562
1782575828.756351,0.04710837019994963,0.005027084315146886
1782575859.2207286,0.04809737825321673,0.005129245943285801
1782575919.7689412,0.04709320822476491,0.005025618011318496
1782575980.3180783,0.04745449722009863,0.005063508836523845
1782576012.653059,0.046874276341358684,0.004980740818432887
1782576073.2659757,0.04774161508611799,0.005085635494144902
1782576104.7900167,0.0475447173872752,0.005059895018916604
1782576165.2026458,0.04802870162743546,0.005113788691061654
1782576195.7436597,0.0465690020757671,0.004941623187409209
1782576256.1764524,0.04686770500961157,0.004988864431618381
1782576286.6808364,0.0492871206761641,0.005265058022500252
1782576347.1229942,0.0481159013550399,0.0051010661445776385
1782576377.6954396,0.046389093223548436,0.004970073223581754
1782576438.2103605,0.04611488891737189,0.004922020059312262
1782576468.6268892,0.047654413474000824,0.00509067266714144
1782576529.0706127,0.0471942516772774,0.005014997517755988
1782576589.476121,0.04761628712180592,0.005042406190747855
1782576620.0410542,0.047700964937756475,0.0050860940504092135
1782576680.5717013,0.047806198629752106,0.005081021287913493
1782576710.9411905,0.04580502775954145,0.004875114273978476
1782576771.5250335,0.04698703617402918,0.0050046761520243545
1782576802.2369752,0.046609280400252355,0.004951312019119779
1782576862.7560525,0.047705412018982304,0.005084699772024272
1782576923.1965475,0.04664528939353525,0.004973348998566846
1782576953.8121903,0.04741768758363746,0.005042195610206636
1782576984.2232916,0.048354849817507504,0.005151316324344318
1782577044.7055314,0.047591381203469126,0.005079722601273186
1782577105.1446013,0.04745541262558837,0.0050647139025847485
1782577135.602588,0.04692376513551214,0.0049867836533219224
1782577196.1268444,0.04776685366231427,0.0051101079973251895
1782577226.5927105,0.04604174109958354,0.004906677973204817
1782577287.022228,0.04731614378461871,0.005033301792105436
1782577347.422824,0.045812429306427566,0.0048831106313144655
1782577377.849623,0.049700432130808894,0.005328894270895309
1782577438.306047,0.04753274872969588,0.005062189435548668
1782577468.7223115,0.047488079249676546,0.005058441185441706
1782577529.1931372,0.04615733411700259,0.0049125661435760306
1782577559.6136265,0.04747653245667274,0.005047475505195585
1782577620.06619,0.04676008570384832,0.004985781106442247
1782577680.549703,0.04626415248111324,0.004925575084608194
1782577711.014708,0.048225243278255385,0.00515443692664504
1782577771.458031,0.04644961533133566,0.004944066580515459
1782577831.9433124,0.04775775584548193,0.00508274146760779
1782577862.3516955,0.04858446939529081,0.005175123591998768
1782577922.7600486,0.047254528071836575,0.0050505723664938315
1782577953.147425,0.04635937114369827,0.00493667308060736
1782578013.522513,0.04707288128010565,0.005009347237764914
1782578073.9168575,0.04833335041251737,0.005161782485069164
1782578104.318796,0.047031629189911474,0.005021441057175523
1782578164.72893,0.04750867822892414,0.005062404213411347
1782578195.0985274,0.04699365425548006,0.005000246624582309
1782578255.510966,0.0472850089905967,0.005031128516933204
1782578285.9285944,0.0475836846824759,0.005060281889480443
1782578316.3646457,0.047703216446137134,0.005073323511607572
1782578346.8039052,0.04671080728711693,0.004956038349507219
1782578407.2089722,0.046001075880476354,0.004903498682496361
1782578437.6358042,0.046078336418919355,0.004885674350511976
1782578498.0759676,0.047272111767691354,0.005030886332102953
1782578528.5173068,0.0471163476591317,0.004998245227054018
1782578588.9434462,0.04683922328931594,0.005001831036767328
1782578619.3487663,0.04643480995406805,0.004924139662010591
1782578679.7960868,0.0464352190518955,0.004961563683099187
1782578710.1920037,0.009821828207129499,0.015298859445601231
1782578740.6663647,0.045750806982643374,0.004868853136546206
1782578773.2113862,0.04585158208960935,0.004884968664059228
1782578834.1422107,0.04578100555236749,0.004874811025365989
1782578865.8210404,0.04545186615546777,0.004835345124293903
1782578927.7524233,0.047179047182348326,0.005006540254013326
1782578958.881887,0.04605144449474106,0.004897060345215451
1782579019.5252492,0.04804921612909303,0.005131041993712778
1782579050.7852097,0.04689330786500958,0.004983224367551168
1782579112.4353342,0.047788062336509854,0.005070743136100229
1782579173.544153,0.009824062226129322,0.01531331037625471
1782579203.9418764,0.04609732954621384,0.00491927474732325
1782579264.3014622,0.046884117690655015,0.00500911738910002
1782579294.66021,0.04625344356488331,0.004893880955448179
1782579325.034983,0.04601050443049788,0.004866884998220905
1782579355.3977234,0.04713654391978671,0.005023444184288718
1782579415.7486162,0.04830869834216226,0.005147584586537378
1782579446.308004,0.04596860877421519,0.004916672504499115
1782579507.7948482,0.04579808863649467,0.004879827154890867
1782579538.5786734,0.04794944245444075,0.005107337858258618
1782579598.9231505,0.04775386676860653,0.005074813813856692
1782579629.2675438,0.047533671872126294,0.005055811260397804
1782579659.6189103,0.047533671872126294,0.005055811260397804
1782579689.9848816,0.04687609886106398,0.004968149230415505
1782579720.3601124,0.046746434298903544,0.005009223340726215
1782579780.7424517,0.04702252955896242,0.00499433059930845
1782579841.142056,0.047153460272346036,0.005006647017607174
1782579871.516728,0.047023448541077116,0.005024098619945787
1782579931.8686574,0.04778512300993457,0.005096525834367792
1782579962.2264555,0.04786808765549508,0.005089619678311608
1782580023.1083238,0.046493403720666376,0.004941596317249564
1782580053.569224,0.04643002749792576,0.004937513045840697
1782580113.9192812,0.047397956765670345,0.005046659793579357
1782580144.305817,0.04731330561303195,0.005033274940129422
1782580204.704603,0.04726140539770169,0.005025611864685867
1782580235.1004634,0.049734753935061694,0.005310928306565852
1782580295.4681609,0.046917427175600136,0.004994136586888121
1782580325.829329,0.04714348305319716,0.0050330200530388025
1782580386.1896355,0.04626274149696376,0.004909737505295158
1782580416.7446325,0.047180323469485266,0.0050177188857331205
1782580449.1872146,0.04714112599213494,0.005013966187051316
1782580479.6741,0.04647125763413382,0.004952361473096338
1782580540.0611517,0.04553588571458143,0.004826542332069326
1782580570.4225078,0.04678722745356973,0.004993007711767202
1782580630.758789,0.047328924306097656,0.005023556478571489
1782580661.1143072,0.046328591948303584,0.00494358580912924
1782580721.4809024,0.047004408353647845,0.004994117435791652
1782580751.8619182,0.04734561306646093,0.005022580878852145
1782580812.3122957,0.047332969100926735,0.0050662855326340205
1782580842.716027,0.047389656005630026,0.005069584145007979
1782580903.1094413,0.045732181452128165,0.004864601323650708
1782580933.4858649,0.04678810663795926,0.004986887867631377
1782580964.2198768,0.04699596804390047,0.005009943051058683
1782580994.7659965,0.04664665493388155,0.004972428300308508
1782581055.1887715,0.047798940300197004,0.005102865786972861
1782581085.5912585,0.046817894145290306,0.00496706925712666
1782581145.951683,0.04683293381454564,0.004984073126856782
1782581176.3530333,0.045605375642681724,0.00486400749218609
1782581236.8153455,0.048056002733742116,0.005128168870215143
1782581297.3116665,0.0479128908572519,0.005082036520331156
1782581327.7233622,0.0469714931622305,0.004993421187261422
1782581388.097425,0.047434028144143554,0.005053779048780121
1782581418.4990735,0.046697525002613566,0.00496187950398605
1782581478.8963637,0.04700314513825504,0.005008564495368673
1782581509.2781806,0.04620165144069759,0.004935699983753518
1782581569.6863647,0.04864110258593798,0.005163741947753338
1782581600.094791,0.046911333618416345,0.0049999958059140336
1782581660.541462,0.04666949879994788,0.004954756318833402
1782581720.9171443,0.0463358818055215,0.004925487147600221
1782581751.3081179,0.04604391913975764,0.004882887444630023
1782581811.7128828,0.04736174473474621,0.005066659652646244
1782581842.075006,0.04601280120968169,0.004909178047692893
1782581902.4479094,0.04718749952697764,0.005035098820809317
1782581932.850243,0.04822855804938753,0.005151250188576062
1782581993.257338,0.046458730275331976,0.004944410970625474
1782582053.6152089,0.046228305377665244,0.004922563139827509
1782582084.0096574,0.047773793340782446,0.005093499123738163
1782582144.3996623,0.04616842864538156,0.004915484004439171
1782582174.809782,0.047487556263474576,0.005076272136920382
1782582235.16999,0.04656054495725732,0.004972965044608452
1782582295.6024373,0.04675379142552026,0.004960415900175286
1782582326.0119166,0.047030813466344676,0.005012084914130488
1782582356.3918622,0.047155956789377666,0.0050308158898967415
1782582416.7649772,0.04781499597263005,0.005088412548523248
1782582447.1394029,0.04760822775234487,0.0050731035430586395
1782582507.5402207,0.04691258832870722,0.0049832864158091
1782582537.9079816,0.046109980657174726,0.004908349123672246
1782582598.295971,0.047171023853325764,0.00504102065241695
1782582628.6557987,0.04769671376352371,0.005081316659100729
1782582689.0602577,0.04772500658496129,0.005080421818736807
1782582719.4946852,0.04762479129118974,0.005068715301086717
1782582749.855946,0.047601258564891585,0.005066363497508216
1782582780.2660668,0.04643571691764386,0.0049418393451746605
1782582840.6390955,0.046269802705216315,0.004920028930971072
1782582871.0244043,0.047994897704697614,0.005107697336482193
1782582931.390501,0.04697042025283,0.005009686696372508
1782582961.7829647,0.04796442943574678,0.005130542557089602
1782583022.1782575,0.046927016208382806,0.004999568423767693
1782583052.5900662,0.04989176119025846,0.005317602697822604
1782583112.9693112,0.046245647420794365,0.004940326235507721
1782583173.37594,0.04771972103984631,0.005079430776049139
1782583203.7776341,0.04681546762432533,0.004969981765832914
1782583264.1769907,0.045664030029546505,0.004855266982256211
1782583294.5230455,0.04720493603467092,0.005020403671208091
1782583355.0251794,0.04572646248820696,0.004864094558107453
1782583386.3375766,0.04749752050427032,0.005042735231305292
1782583447.4935014,0.046478001845376316,0.00494989321790808
1782583477.840586,0.04745895829688888,0.00504708418561648
1782583538.9923475,0.0472973685268663,0.005015797267150453
1782583590.8151522,0.047786947425878155,0.005089567023937279
1782583621.1596406,0.04689525722871971,0.004993880725426054
1782583681.4943562,0.047342782080550025,0.005039653563416875
1782583711.9931269,0.047481451859274215,0.005049881680695662
1782583772.577621,0.047995988232947116,0.005105956606347559
1782583834.2150493,0.047020897361992754,0.005014221550806238
1782583865.0882473,0.04660067133016348,0.004953318676625012
1782583925.7184286,0.046251843015550104,0.0049398978106731115
1782583956.3711002,0.04789725278570111,0.00511227826891888
1782584018.1990795,0.049207843508841345,0.005261501338540809
1782584048.6557913,0.04642075963603708,0.004939528652409243
1782584109.852032,0.047254454869265064,0.005021376679964118
1782584140.2930179,0.04729381189783999,0.005027170991821695
1782584201.1604216,0.04691943021397232,0.004988286426234433
1782584263.355599,0.04817635216533165,0.005143607400008112
1782584294.2540147,0.04725806017436632,0.0050218455517988415
1782584354.7652915,0.047757093798697366,0.005081061437433607
1782584385.194408,0.047085491292836144,0.005011569578749522
1782584446.6387007,0.04597926929545925,0.004888799527857896
1782584477.7616744,0.045967502935291824,0.0048991431819957985
1782584538.8024673,0.04590441263289633,0.0048789653362866
1782584569.2092364,0.04727790742277007,0.005020815004269663
1782584630.2278533,0.04781197294519696,0.005114742142230022
1782584662.2600372,0.04768078525633264,0.005089553141517671
1782584723.1477737,0.04750126613765965,0.005085335151690443
1782584783.9622958,0.04616315498851719,0.004921001666943518
1782584814.7975721,0.047654781295507764,0.005063840858969804
1782584875.3371696,0.046963324146168654,0.005001520772269937
1782584905.7149112,0.04747848843822738,0.0050493642976285995
1782584966.0907164,0.04619093202838581,0.00491877424907583
1782584996.448327,0.04669655824833404,0.004955220550024582
1782585027.365697,0.046755033345768054,0.004959142836859703
1782585058.8755155,0.04794442147418237,0.0050999849569303875
1782585119.2402716,0.04628420126322025,0.004932020223679936
1782585149.723611,0.04738418876963836,0.005048699041949542
1782585210.1460748,0.047033615499954474,0.005005728439188444
1782585240.5344522,0.04847319135822579,0.005184633193082848
1782585270.9192202,0.04848643069014834,0.0051869695370495425
1782585301.2881446,0.048010904827196645,0.005117263749336517
1782585361.7070248,0.046726054956727346,0.004981217739997608
1782585392.0906525,0.048206599912400096,0.005141283773255187
1782585452.5122585,0.046068938104632945,0.004908782252452865
1782585512.9299273,0.04798741640386927,0.005101842820562432
1782585543.405657,0.0463912826230806,0.004937239735746565
1782585603.8700855,0.0455497884924239,0.004851258357332062
1782585634.272715,0.0477249740348082,0.00505931896494888
1782585694.670234,0.04707813117051251,0.005008533026319491
1782585725.1052742,0.04580859239726586,0.0048691410815473206
1782585785.486304,0.04737283069806873,0.005069572650227386
1782585815.8976948,0.04767725439199436,0.005085995163474171
1782585846.2696953,0.04769829405575469,0.005089250137269126
1782585876.6567068,0.04857504435669797,0.0051590989771702215
1782585937.077888,0.04751467405057581,0.005063866021441325
1782585967.4629176,0.047382417061824014,0.005043398137994387
1782586027.9414768,0.0470640056728586,0.005004281077397861
1782586058.391016,0.04768984547084052,0.005074560079689978
1782586118.8208492,0.0471945031593907,0.005019128965152571
1782586179.2587757,0.04854233628422478,0.005167656746591929
1782586209.675214,0.04631352529663609,0.00494660853896931
1782586270.085954,0.047369468425071025,0.005044514402636689
1782586300.4793403,0.04816844644218885,0.005143334495048136
1782586360.9231575,0.046207693009531176,0.004922497143625882
1782586391.3354948,0.04751784338648466,0.005048310703247667
1782586454.9037035,0.046475787272851544,0.004953187902163022
1782586515.3994265,0.04721436505583492,0.005012157388171178
1782586546.1873934,0.04907811885215514,0.005245136123641367
1782586606.7379107,0.04655991414722575,0.004956799341750223
1782586637.3168688,0.04864142621775008,0.005166151312758766
1782586697.7444327,0.04636745162918149,0.004924432106907629
1782586728.129203,0.047846419991750835,0.005079601637348366
1782586788.5123513,0.046687728424796494,0.004972676920934313
1782586818.941156,0.0488889352174096,0.005229963087706119
1782586879.3658981,0.0493063286174449,0.0052487459216482854
1782586909.940523,0.046457633120529494,0.004938757094138947
1782586970.4031842,0.04814284913577286,0.005130361859141757
1782587030.831552,0.0467188675701135,0.004967028541802217
1782587061.5235362,0.0473797834276123,0.005058285780040346
1782587122.1292336,0.04757568642332168,0.0050608694754171275
1782587153.3290687,0.04712033648483528,0.005016656742347112
1782587213.836858,0.046658900300452846,0.004981089219031802
1782587244.3235075,0.04768008743991708,0.005075961658244605
1782587304.7238536,0.046816338175609755,0.004998273543031166
1782587336.4160964,0.04625556738904455,0.00492082453531794
1782587397.1020522,0.04703486440698802,0.004994352565639023
1782587457.7645087,0.04696328842562016,0.005018648049142737
1782587488.6352215,0.04805721430825912,0.00511169136423243
1782587551.7249677,0.046380285080249585,0.00493335316654193
1782587582.3133771,0.047305048268816347,0.005053753221456109
1782587642.9233809,0.04764078996030296,0.005054889885611526
1782587673.4832494,0.0467245643295732,0.004992895269083584
1782587733.988737,0.047243241286489455,0.005022548542902525
1782587765.1990447,0.04702750640310314,0.005008504349290651
1782587827.4041734,0.048157838992972574,0.005129714310297689
1782587857.8115742,0.04639368433342383,0.004947715040695628
1782587918.18511,0.04768901109928745,0.005086372768481704
1782587979.3559158,0.04775496842471514,0.005099526613677425
1782588010.0047245,0.0461255648520893,0.004935545482660149
1782588070.3578448,0.04755376487148498,0.005055504303222995
1782588130.6983912,0.04665590315697067,0.004970160349756885
1782588161.0424838,0.044620030607795125,0.004750933642275118
1782588221.3774314,0.048188599773188956,0.0051333066147433775
1782588251.7104464,0.0473365907203945,0.005047316841194948
1782588312.0837018,0.04788778221302768,0.005101653210827303
1782588342.4399269,0.04796553204298827,0.005096309578060713
1782588402.8021414,0.0482107788439364,0.005112628243402345
1782588433.1657927,0.04649993330719493,0.004952826301650166
1782588493.941386,0.0462011962370725,0.004919945626019129
1782588524.4238262,0.04788567574245222,0.005090116659380246
1782588584.973502,0.045958137356799274,0.004883048484568846
1782588646.6246307,0.04572393425600717,0.0048658970107232115
1782588677.0489988,0.04803229861903924,0.005111379778137821
1782588737.4664133,0.04778106614278171,0.005085238113211666
1782588767.8107326,0.04645575764484177,0.004948685817409567
1782588828.187061,0.048008508549914876,0.005094381401913081
1782588888.600413,0.04698885741264563,0.004997456513377738
1782588918.9833856,0.04764159925603864,0.005096107774944632
1782588979.3934097,0.046582368128909715,0.004951821495096731
1782589009.781053,0.04559663886968411,0.004858963768698964
1782589070.1723704,0.04644331436144026,0.004932753271406049
1782589100.573209,0.047995603646488964,0.005115513962717154
1782589161.025248,0.047842154316591896,0.005093507710345767
1782589191.4910858,0.04671576433518699,0.004977432158995202
1782589221.9636028,0.046685417403218174,0.004975778631252662
1782589252.403426,0.04815828457757261,0.005101136040961469
1782589312.7813847,0.04655194225423731,0.004950113615902637
1782589343.1398706,0.04669808714647143,0.004990062759278619
1782589403.4797616,0.04703080512520103,0.0050020869621985485
1782589433.809052,0.04698131670515854,0.005002439673619085
1782589494.45571,0.047150973753086876,0.005022927002001093
1782589555.0091887,0.04764109736156727,0.005082583052078724
1782589585.6246731,0.04846023874985594,0.00515591554685938
1782589646.9557621,0.047829315756619015,0.005108056093932167
1782589677.399983,0.0470062380962723,0.005000716954813532
1782589739.4190218,0.047912072984904276,0.005095795625892915
1782589800.6243687,0.047503052748847606,0.005067697439299301
1782589831.5006173,0.04631540975956858,0.004924448950139338
1782589892.0504942,0.04833992884709379,0.00512894800490866
1782589923.9190133,0.04565253489815288,0.004839208368568044
1782589984.8131337,0.047399717914298055,0.0050550011408469955
1782590015.5017076,0.04728432269396788,0.0050193574300833625
1782590075.9354782,0.04711748137415941,0.005034029213083552
1782590108.0445235,0.047701491911491076,0.0050828979375538005
1782590169.3285203,0.04750317904632248,0.005035055888327855
1782590230.2820673,0.04670725810373008,0.004971787636307963
1782590260.6621718,0.046818720745637116,0.004988402822147045
1782590321.0006733,0.047769742540518266,0.005100785451915777
1782590351.872131,0.04917405735881485,0.005245330947847316
1782590413.2276735,0.046966462626693684,0.004997079782470768
1782590443.5893443,0.04813644374020889,0.005123516646383834
1782590503.9214487,0.04631422789599394,0.004933536193988658
1782590565.277441,0.04717018786914431,0.005018698196501534
1782590595.6631837,0.046018863733329855,0.004896244639789449
1782590656.0015762,0.046610536006359705,0.004950320800403154
1782590686.329846,0.04557809689205247,0.004876832219791596
1782590746.6698291,0.04782655136470915,0.005117240422422458
1782590807.0019803,0.04627722354399969,0.004921551549116852
1782590837.3994985,0.047616143003809286,0.005073826196008547
1782590897.804132,0.047545630085561834,0.005048738456076332
1782590928.181497,0.048561165435570444,0.00517589359131419
1782590988.7117069,0.04773940574298455,0.005075735187800918
1782591049.1900249,0.04695201833953828,0.004994480733740388
1782591079.7794867,0.04860273510112067,0.0051729087863144774
1782591140.207014,0.04748863759145962,0.005064151736373008
1782591170.5488925,0.047381101949676006,0.005054311293750583
1782591231.2065005,0.04656926856751253,0.004940595655381789
1782591262.6854835,0.047063858900063774,0.004995195180734324
1782591323.2284975,0.04648464587706763,0.004951153040312683
1782591353.9472044,0.0478820963295369,0.005088140499172338
1782591414.417695,0.045569637484248623,0.004853028892929556
1782591445.0040886,0.04685787744312006,0.0050025593643411815
1782591505.6154218,0.04623085613016264,0.004915771931387947
1782591536.0262623,0.04646577284739367,0.0049579276463826575
1782591596.427603,0.046774351316719545,0.004998477001678188
1782591627.514861,0.04789185815397361,0.005083536097073505
1782591689.6187396,0.050110968265542816,0.005364118159977621
1782591750.1170473,0.04799658923736288,0.005143174184655866
1782591780.4631383,0.0483359144289279,0.0051447909862685675
1782591842.0942566,0.04752069533431321,0.005045245859005079
1782591874.1481242,0.04827837608018382,0.005140759226940279
1782591935.056511,0.04635436118494596,0.004957729407833633
1782591965.5771458,0.04636745880961004,0.004927342162719466
1782592025.9745004,0.047093323119873555,0.005020642145905119
1782592057.429733,0.04816996025353706,0.005133783233329091
1782592119.4412186,0.04770970774905218,0.005089034774521212
1782592149.7849376,0.04626000529327717,0.00492527959631985
1782592210.1445715,0.04742327103857432,0.005009450709351858
1782592240.524831,0.04810825722492677,0.005130064423628156
1782592301.0837376,0.046166753666116035,0.004912880115185826
1782592331.548456,0.04692433530337132,0.00497603140256202
1782592392.0888214,0.046999648702626275,0.0050132834138798274
1782592452.581091,0.04734014962235829,0.005048797474604723
1782592483.2671456,0.04759283785904923,0.00508820959957006
1782592543.780668,0.04725707884981874,0.005057153310031573
1782592574.5212708,0.04731184671554229,0.005046627019122016
1782592635.04686,0.009827869354867532,0.015304556909112787
1782592665.5224342,0.047792783727375325,0.005089955570853595
1782592726.3631182,0.045971706979392755,0.004904761649150068
1782592756.9108834,0.04745221025087011,0.005060536213299157
1782592787.3475063,0.04741867495821165,0.005057023955276161
1782592817.8115845,0.04787686383399641,0.005106364111668302
1782592878.2399142,0.04767663146059775,0.005085009921590543
1782592908.6948042,0.04649643957194372,0.004963763895811452
1782592969.187287,0.047564842087568046,0.005070307657704653
1782592999.6251404,0.04763838274069789,0.005053451711256327
1782593060.0482895,0.0477100916520654,0.005079226232990188
1782593090.5262275,0.04627383426866769,0.004929570114328526
1782593150.9353404,0.04638517895302577,0.004942401409757917
1782593211.4086,0.04685649646961506,0.00498174423019692
1782593241.8969262,0.047084901518542104,0.005012097098558165
1782593302.3600826,0.04674463924595042,0.005000330416574389
1782593362.8642118,0.04766535806695166,0.005073185191473142
1782593393.3120825,0.0471623869842899,0.005031366221943275
1782593453.7392201,0.04613535004622118,0.004914258116393797
1782593485.0777485,0.046317269919048,0.00495261326484355
1782593548.643599,0.047646436231615324,0.005069605316728708
1782593609.2583187,0.046537743125645896,0.0049735908754544545
1782593640.2102451,0.04732539625465841,0.005017073471648544
1782593700.8087318,0.046663498775679914,0.004996320565882808
1782593731.2257423,0.04702078316773406,0.0050034711673269125
1782593791.8995452,0.04768180604809146,0.005090449547239852
1782593822.5661128,0.04638486919271651,0.004942880278180209
1782593883.4125035,0.04778222711027798,0.005090031509256016
1782593943.9474385,0.047620537245087434,0.005079804817553879
1782593974.3613825,0.04681410280360043,0.004996705655761364
1782594034.925681,0.0467962096850741,0.004998213124167755
1782594065.3912957,0.046817035460746295,0.004971618073870533
1782594095.8645697,0.046763192451351784,0.004966014433930954
1782594126.3523643,0.04713181638976822,0.005018291052249394
1782594186.812278,0.047353971015967784,0.0050563762840618205
1782594217.2576768,0.04713578632590402,0.005003161366802613
1782594277.7260165,0.04684402260975188,0.004996989208883914
1782594338.159147,0.0468742544048802,0.004982487895676044
1782594368.5379937,0.04719529993652337,0.0050501648625369015
1782594428.9475374,0.04640192085851027,0.004940597474614536
1782594459.3389804,0.044991011300470986,0.004778160665023272
1782594519.7810214,0.04652188786892249,0.004951086952989211
1782594550.216434,0.04697401118870088,0.004962319313997732
1782594610.6435869,0.046393890266202754,0.004918657853471721
1782594641.0623147,0.046130719352241424,0.004914727894743992
1782594701.4807453,0.046213929673382136,0.004898210576283951
1782594731.9649553,0.04745894936590561,0.005061465414598268
1782594792.402755,0.048193227016407186,0.005111520368601692
1782594822.809943,0.04762807279382255,0.005090082074943967
1782594853.3553736,0.04768418684973547,0.00509377188037351
1782594887.885706,0.047348135364174204,0.005054931757729159
1782594919.400533,0.04658591107104324,0.004956481190815218
1782594980.3402617,0.047893472890063404,0.005106910422560194
1782595010.877425,0.04620994151400141,0.004918152386673729
1782595071.6899273,0.04663116557087099,0.00496850325343743
1782595132.2669096,0.047389072234190845,0.005040007669047435
1782595163.0644054,0.04730007722172395,0.00504026776577255
1782595223.6709223,0.04770423642356948,0.0051060093847364995
1782595254.072172,0.046150208158315706,0.004904517477850313
1782595314.5304358,0.046461147568866656,0.004937965458837602
1782595344.954345,0.047104478261060366,0.0050201149933129345
1782595405.4146035,0.04831299180483748,0.005148877672424379
1782595435.873539,0.04669944287673502,0.0049806692553190385
1782595466.3078902,0.04669764530372591,0.004980589607400362
1782595496.726308,0.04549339673843831,0.00482875442021427
1782595557.1468027,0.04635392475813817,0.004953430631285427
1782595587.5313926,0.0473100689241321,0.005018266507461947
1782595648.0061126,0.047364995362500856,0.005033263405856338
1782595678.4274886,0.047826120240673425,0.0050933815764360344
1782595738.8106961,0.04900988489423234,0.005252660560979615
1782595769.226195,0.04916764777890029,0.005263080430431726
1782595829.5843108,0.0480465060816344,0.005091767842223954
1782595889.933291,0.047618200325610115,0.00507402331164903
1782595920.299367,0.04840140354684131,0.005157415826019048
1782595980.672277,0.04615338222280469,0.004907362405973277
1782596011.0539875,0.0481622772549132,0.0051208414788830965
1782596071.3978546,0.04625403601204542,0.0049294869548287285
1782596101.7670555,0.04798655563503389,0.005110919080845488
1782596132.1744018,0.04800959468973296,0.005113189784696108
1782596162.5775466,0.0461742041528894,0.004907147240949716
1782596222.9988234,0.047681004505423896,0.005089245695824139
1782596253.476278,0.0486271153808172,0.005174100192544948
1782596313.9797442,0.049091484832074206,0.005223764997062605
1782596374.5630434,0.04606854338069435,0.004916868920615193
1782596406.82839,0.047544140186339796,0.00505268237354621
1782596467.6863081,0.047776006559686404,0.005076451663595258
1782596504.233763,0.0469691551483974,0.005005499327639056
1782596565.3574667,0.04685309382503252,0.004980933630306183
1782596596.9464648,0.047475962995095114,0.00505062881316288
1782596657.7368925,0.04744046090778375,0.005049486493204691
1782596688.661262,0.04805423522118942,0.00511855544913289
1782596749.613148,0.04757652348386216,0.005058128608482261
1782596780.4614599,0.04770089434175737,0.005084485597004552
1782596841.2980509,0.009814722455591385,0.015304657371100046
1782596872.0744882,0.04858067004469111,0.0051856941940253394
1782596932.5136535,0.0479745643392419,0.0050950147118620035
1782596964.625239,0.04754574165783414,0.005063915871852094
1782597026.8029637,0.047451170326152016,0.005064853663850243
1782597057.1498892,0.047641326001661544,0.005032834727486914
1782597117.5223103,0.049951672227980894,0.005326960395576235
1782597147.8714397,0.04632510117592253,0.0049254040687146255
1782597178.2526188,0.04614426027253099,0.004906475821358508
1782597210.7077498,0.0477402214770676,0.005077031757237204
1782597241.3319726,0.045998746221539454,0.004896053081926248
1782597302.0734994,0.046632481244607275,0.004972511162169813
1782597332.7384925,0.04604640357056698,0.004911701189559344
1782597393.1897864,0.048305492098980975,0.005136664988568553
1782597453.5376,0.04742072256599064,0.00502131204157181
1782597483.8805418,0.046922940026425095,0.004985749043799565
1782597544.2312272,0.04814208939539999,0.005128153685689979
1782597574.585902,0.047147788212921475,0.005046747669108548
1782597635.069759,0.047443095259198396,0.0050501973333211825
1782597668.4686255,0.04771456347817187,0.005100995210120248
1782597728.960097,0.04622611021152217,0.004911556509130748
1782597759.373814,0.045372863381650134,0.0047977426014808415
1782597819.8560758,0.046452176166618966,0.004964662372432744
1782597880.3029902,0.04728507408362723,0.005028552706042669
1782597910.9319355,0.04633122596452263,0.004937085364559602
1782597971.4175131,0.04883450412697556,0.005164133146642695
1782598001.8841906,0.04678533588918342,0.004994164400089422
1782598062.3493612,0.047114492215072364,0.0050128863973316175
1782598122.7328994,0.04804577988673439,0.005131413182406109
1782598153.2094102,0.048081778801327246,0.005119143827696309
1782598213.6674263,0.04758223621443002,0.005061781799803217
1782598244.0809884,0.04886976740449726,0.005219503981515689
1782598304.5066578,0.04822577021080522,0.005162074229352828
1782598334.972447,0.04684759398171069,0.004992765353243521
1782598395.431859,0.04900663991128829,0.005197499481756166
1782598425.8395348,0.04855947352329614,0.005198270618525403
1782598486.255496,0.047812647379166955,0.005100030622773658
1782598516.6878633,0.04650929377613295,0.004964177244208079
1782598577.0963693,0.04682890438089057,0.0050004872695171695
1782598637.4994,0.047784335183278424,0.005082043196662545
1782598667.872826,0.04751214385359681,0.005061583943525023
1782598728.2745829,0.04660435528180143,0.004972002116146297
1782598758.7065961,0.04523518285504905,0.004823237321432002
1782598819.123447,0.046482652994656364,0.004947755461379378
1782598879.5043406,0.04645513435613777,0.004931003502733807
1782598909.926809,0.04675010863103372,0.004969359446339418
1782598940.373247,0.04661438829052617,0.004947708639000359
1782598970.756322,0.04667722816433434,0.004957565038946831
1782599001.1624734,0.04792194221927308,0.00509186340868373
1782599061.5707595,0.04825535675134312,0.005133976902281668
1782599094.7119622,0.04690192492969587,0.004973943975763529
1782599156.5593174,0.047233633383795055,0.005037263235619022
1782599186.9870768,0.04767653823385819,0.005074099859479537
1782599247.4660232,0.04595640150697229,0.004900788277889936
1782599277.9124475,0.047938489381370554,0.005107338124748605
1782599338.4166853,0.04679226434833267,0.005010684204235098
1782599398.7968297,0.046322157901602726,0.004939401732464757
1782599429.21611,0.046518032412497516,0.004948032466324194
1782599489.6181679,0.04765014969231694,0.005074042354480302
1782599520.0768855,0.04706100360886396,0.004998485042902838
1782599580.5166972,0.04789126176160198,0.005092398913950508
1782599610.952583,0.04782309939263129,0.005085258451225423
1782599671.3385098,0.04641136259171744,0.004937804162056943
1782599701.8003461,0.0465840871586597,0.004942445576545659
1782599732.2062032,0.04624428143501391,0.004915930685501491
1782599762.587601,0.04751395037231822,0.005062363603085738
1782599822.98319,0.04655909382142773,0.004969803446825231
1782599853.4294116,0.046754376768227905,0.004980323277224337
1782599913.896615,0.04730582031910911,0.0050108163542733584
1782599944.2733614,0.04735763086376103,0.00504738821756809
1782599974.651265,0.04744737240874111,0.005057015502990615
1782600005.0202928,0.00982817860116297,0.015249439386509599
1782600065.4101272,0.045908457532151316,0.0048939785180222945
1782600095.8038218,0.04716176049981421,0.0050380945952398755
1782600156.1872873,0.04813087723450751,0.005121073390792673
1782600186.5690873,0.04731152992388576,0.005030769306288988
1782600246.9556398,0.04604514174543681,0.004901335847742407
1782600277.3923116,0.04737954353200411,0.005032922172901605
1782600337.7725828,0.047154057723615285,0.005002141841231641
1782600368.2312958,0.046733713830994686,0.004974871458020034
1782600430.964431,0.046740500761244634,0.004969307734907067
1782600492.440838,0.045686325497811694,0.0048549733330920455
1782600523.0008345,0.046412990191644875,0.004931662700794059
1782600583.4821956,0.047690567695381554,0.005074138665636817
1782600613.843975,0.047231940601015064,0.005033317836270992
1782600674.310317,0.04820858886882426,0.005137694376340665
1782600734.7077882,0.04670788492984228,0.004972484683573167
1782600765.0954592,0.04717931732755005,0.005007283815764409
1782600825.521206,0.04872405114233316,0.005178071072857631
1782600855.922325,0.045690704537790075,0.004879670385457086
1782600886.323658,0.045818328781142066,0.004892116357779776
1782600916.7698562,0.04653557441961392,0.004940870254320493
1782600977.1801705,0.04791122549968793,0.005114737454770767
1782601007.576907,0.04724906052522901,0.005037700127673651
1782601067.9714303,0.04692712747516853,0.004993235552071591
1782601128.3665226,0.04752349288867062,0.005060275661827782
1782601158.7562099,0.0489324149054123,0.005206294150690405
1782601219.1160843,0.04688982693837728,0.004999681730893629
1782601249.5079353,0.04778607939776322,0.005107236149419707
1782601309.9464436,0.04669503071062541,0.004962374553222013
1782601340.3568177,0.048064896490298895,0.005098570229959301
1782601400.7674506,0.04643708096311239,0.004945158389745258
1782601461.1647801,0.047003831275041236,0.0050211651695076555
1782601491.6479154,0.04620447119193878,0.004916184341394342
1782601552.0913985,0.0483983965676451,0.005158971110280204
1782601582.545892,0.045538007775507386,0.004872483487509293
1782601642.936311,0.04702164916021324,0.005015113324781665
1782601673.3783557,0.04603995811189835,0.004926447698791173
1782601733.766297,0.047320187692760224,0.005020544288228242
1782601764.1578846,0.04698448801139435,0.005008097745452164
1782601794.562404,0.04697223811741727,0.005008378069406129
1782601824.9787278,0.045778409633994814,0.0048756044801603945
1782601855.6790555,0.048415448072154615,0.005161066923688627
1782601886.1608787,0.0484243748686181,0.00516214139599339
1782601917.585109,0.04610246373825383,0.004928735958434846
1782601979.3441315,0.0452201402648211,0.004804669870199689
1782602009.885479,0.009826316475601986,0.015254977009881548
1782602070.377743,0.04625818849484609,0.0049158262465340006
1782602100.880129,0.04731647419385916,0.005045036806571667
1782602161.3455305,0.0466413185398991,0.004956366958525521
1782602191.7821267,0.04790892435355682,0.005098715239372811
1782602252.2221887,0.04877022592426479,0.005181041188681771
1782602282.6535318,0.046467055466578734,0.0049357543423126345
1782602343.055323,0.04803842684915009,0.005120688755206744
1782602403.4613848,0.047734818056079015,0.0050868693394610495
1782602433.8756595,0.047105292283918306,0.004962792190745131
1782602494.2701652,0.046962794216883624,0.0050068656131514845
1782602524.7121682,0.047065792129651514,0.005011749838984267
1782602585.1024685,0.0459565222350392,0.004929082627999286
1782602615.517646,0.0461864712140151,0.004915235744551834
1782602645.8984556,0.04632264444104654,0.00492933495203075
1782602676.273938,0.04721146337050839,0.005019565532705631
1782602736.6457405,0.046727075491046516,0.004997847372610355
1782602767.033567,0.04815171152924242,0.005111939701575674
1782602827.4178243,0.04797654553064144,0.0050839283895178925
1782602857.8343275,0.04728919499026362,0.005057754723638079
1782602918.2305808,0.04678947361978763,0.004969125542936387
1782602948.658382,0.04733805191092449,0.005031794648437832
1782603009.0777454,0.0467369512774178,0.004969661114831887
1782603069.5073872,0.049702920963533105,0.00531211583267314
1782603099.8883953,0.04639986190691577,0.0049490007654358435
1782603160.3045692,0.048005322092748874,0.005120845709636651
1782603190.7756941,0.04779245640327886,0.005091349498880814
1782603251.1852686,0.04835391573690001,0.0051449794044911516
1782603281.628451,0.04820689393606067,0.005138365384689914
1782603343.8489826,0.04662389959887694,0.004958451250913988
1782603406.0313714,0.047454771407459115,0.005026500016735847
1782603436.660102,0.04814947636482813,0.005121439526409917
1782603497.1853545,0.04779948429001198,0.005081036980667946
1782603527.6589403,0.046730968662515145,0.0049966848996221185
1782603588.1406438,0.04662682672984159,0.004969633272154935
1782603648.559261,0.04556481109784674,0.004850869957749342
1782603679.087394,0.04616924117065874,0.004917544704335539
1782603739.545591,0.0466881417215969,0.004972059680863412
1782603769.9331746,0.04697768310954621,0.0050085121224833305
1782603830.370081,0.04721099515764479,0.005025851688801874
1782603890.7855222,0.04763614725405585,0.005070229936442487
1782603921.201455,0.04764068422837435,0.005077315371507169
1782603981.6200497,0.04772091994724285,0.005074948862359663
1782604042.041208,0.046343266299594794,0.0049339778731501555
1782604072.4380543,0.04681778462997649,0.004992811617878514
1782604132.861673,0.046787615939948644,0.004985027430087058
1782604163.3028212,0.049250999083928056,0.00524134301119743
1782604223.7071776,0.046905794860002105,0.004993965634906972
1782604254.0843062,0.047891151268946386,0.00510164935401835
1782604314.4929147,0.047621719888048294,0.005063459510601781
1782604344.8860433,0.04706732835361368,0.005002063488352448
1782604405.28713,0.04774795367551264,0.005086214403946177
1782604435.6865819,0.0460532139481891,0.004905259675279562
1782604496.0751948,0.04617902353016855,0.00490480072515991
1782604556.490859,0.05001871847726342,0.005335655687814166
1782604586.8904867,0.04739794690041325,0.005048184086098093
1782604647.2619615,0.0467009718793794,0.004973349867310788
1782604677.6479294,0.04743825719743621,0.0050469787120323364
1782604738.0508425,0.04750692938442364,0.005048786083238093
1782604768.4333565,0.04683219806656075,0.004996546100935045
1782604832.348149,0.046901134943531105,0.004984611360549013
1782604864.5316617,0.04787488474137104,0.005081924796732483
1782604924.9767332,0.04625952424744678,0.004941768525629157
1782604955.4286737,0.04728044133249381,0.0050438762410409685
1782605015.8924701,0.04789281429706225,0.005110134888778888
1782605076.3233733,0.047829352516533044,0.005093533382661549
1782605106.7400923,0.04668191437457323,0.00498422280891101
1782605167.1735787,0.04710879528122404,0.005010943318949607
1782605197.607987,0.04633943000421238,0.004913253001871168
1782605258.0061483,0.04713732523205998,0.005016827186316084
1782605288.444206,0.04646299960531102,0.004935150157102846
1782605348.8654516,0.04902791039242781,0.005214691223317514
1782605379.2575116,0.048499282192108646,0.0051472238314715976
1782605439.63688,0.046053510370405906,0.004894503684905236
1782605470.0309772,0.046180380842527145,0.0049260934786307005
1782605500.424285,0.04654537634649401,0.00496353940569574
1782605530.8265195,0.04734721309441078,0.005032637877407593
1782605591.2239347,0.048181217553546915,0.005110501810239984
1782605621.663592,0.04669794346229582,0.004961678013122797
1782605682.0899322,0.04725578462944923,0.005035562648187774
1782605712.5580945,0.04732363055326139,0.005053359929408273
1782605772.9873533,0.04716272077317669,0.005018781763343755
1782605803.4591327,0.04774636220588425,0.005083945875961227
1782605863.906683,0.04583328154693427,0.004886544731874177
1782605924.3240378,0.04642816886310894,0.004956430521368623
1782605954.7410767,0.046799264887352046,0.004985634603727558
1782606015.2359033,0.04579255153293691,0.004872620097677307
1782606048.1993988,0.048018182267931,0.00511368309409318
1782606108.8114624,0.04665734147177194,0.004960947143829301
1782606139.6854305,0.0473340498705899,0.005038029949963344
1782606200.2102654,0.046677744703870275,0.0049345840171934295
1782606230.6224947,0.046646436774996136,0.00498110591126783
1782606291.0765724,0.046669310186670934,0.00496764416462466
1782606321.4795823,0.0472864817420239,0.005001833640155791
1782606381.9258022,0.04741935528313365,0.0050299399221091865
1782606412.364193,0.046516186725008304,0.00494625247909811
1782606472.822048,0.04763778743539786,0.005061978058124356
1782606533.254529,0.048103199347715425,0.005111978682433412
1782606563.6973765,0.046540306927629845,0.0049613941614675685
1782606624.1513221,0.04840077537171802,0.005173280600155183
1782606654.5731325,0.047539233299856674,0.005053559480074906
1782606685.0099008,0.04735151979225227,0.0050353263939720595
1782606715.509129,0.047718536163389697,0.005070776123485735
1782606775.977685,0.04696263231220041,0.005010351075019703
1782606806.3878608,0.04666787674639549,0.004941136385181116
1782606866.8059013,0.04684773041974069,0.00497103311647471
1782606927.2277231,0.04684630443431422,0.004987117354890597
1782606957.6176414,0.047710629905746496,0.005077165878990363
1782607018.0183089,0.04735625338054321,0.005049911478103623
1782607048.454991,0.04707009354163689,0.005002019953834424
1782607108.863133,0.04761429181964301,0.0050730087558574985
1782607169.2886102,0.047470368551585686,0.005055224123727424
1782607199.7195907,0.04828038487915503,0.005144880052073906
1782607260.1974814,0.04589428774690586,0.004893129260049255
1782607290.600255,0.0468121245608557,0.0049807124886989745
1782607321.0017188,0.04678799303953474,0.004977695906723933
1782607351.4056509,0.047242700223302556,0.0050408581714531915
1782607411.807775,0.04541204016979068,0.004820280426115306
1782607443.6589603,0.046143163959320645,0.0049062229987966
1782607506.5472727,0.047435886318528214,0.005052022080144398
1782607537.004498,0.04624997195034666,0.004927957662146533
1782607597.5000703,0.047272678824684514,0.005034215676284275
1782607628.0117638,0.048221664367942264,0.005133387922459384
1782607688.533524,0.04745610864532613,0.005045315465683442
1782607718.9993045,0.047694310146711986,0.005086978897360963
1782607779.5294366,0.046189925357230065,0.004921723941425782
1782607840.0146132,0.0472972736245917,0.005054427875794
1782607870.4502172,0.0477603245952809,0.005114206130080096
1782607930.896296,0.04623154073587036,0.004937936564545524
1782607961.349587,0.0469614777695432,0.005015128011335598
1782608021.756871,0.04610742658907667,0.0048956822868367784
1782608052.1794193,0.04645293739233126,0.004935658120540802
1782608082.5875032,0.0464112611108491,0.004931192880627401
1782608113.016692,0.04755869143751697,0.005061735749535884
1782608173.4505374,0.04754320050455139,0.005064714734069393
1782608203.9144776,0.04670328825418396,0.004969825877656994
1782608264.3357434,0.04668780426042572,0.004953544067298032
1782608294.7830186,0.04774108853704877,0.005070149484990014
1782608355.2109594,0.04717306977838173,0.00501682806864741
1782608385.6161005,0.047640869025967356,0.005078587855679346
1782608446.0120678,0.04845201017613624,0.00514799753064229
1782608506.4241502,0.047555713780642266,0.005082298802974206
1782608536.8450682,0.04744728974464313,0.005081632230111089
1782608597.268018,0.04674067463149805,0.004982207939441564
1782608627.7641902,0.0477288843738994,0.0050934209894478565
1782608688.226936,0.046852690947881484,0.004981378074504922
1782608718.7206059,0.04649741340643905,0.004950693333580067
1782608779.649761,0.047554709922471836,0.00505420556957931
1782608810.1463864,0.04762672987293384,0.005071994409822205
1782608872.6819868,0.04771891045323934,0.005085517730394911
1782608903.3945546,0.04697378010009712,0.005012880853570005
1782608964.031583,0.04837020727580221,0.0051469276065138295
1782608994.466676,0.04718908700084428,0.00502212530765704
1782609054.9620218,0.04603969090461831,0.004910678276809514
1782609115.3977685,0.04821838576179984,0.005137228731942906
1782609145.8905923,0.04738643649018607,0.005063095829568659
1782609206.3850105,0.04603286741004456,0.004899282837993306
1782609236.8109767,0.04777482366516779,0.005080528433372242
1782609297.255314,0.047309931087359085,0.00502541268877378
1782609327.6633577,0.04685608830491024,0.004989612442356295
1782609388.0891473,0.04772846542758173,0.005092717645867551
1782609418.5027325,0.04735994783412368,0.0050357625780866385
1782609448.8868039,0.04733400956630953,0.005030790134317767
1782609479.3667352,0.04640560592561741,0.004929065916702255
1782609539.8249216,0.046296279346882505,0.0049282220490042255
1782609570.374801,0.047328853067885236,0.005033327292909068
1782609630.8188078,0.04640998477296604,0.0049455928895727344
1782609661.263105,0.046972970091216946,0.0050090506891970294
1782609721.6880405,0.04703395090719368,0.005019729785910353
1782609782.076104,0.046743869557064464,0.004998355409279316
1782609812.4670062,0.0474214988518826,0.005057581407821376
1782609872.8516133,0.04694023492473219,0.005010582696200951
1782609903.2945266,0.048760997774987186,0.005192169388279988
1782609963.7351356,0.04652867830762801,0.004908596527178589
1782609994.1576734,0.04776191602472878,0.005073452304453196
1782610054.5889432,0.047752139664839675,0.005092647075315117
1782610114.9935367,0.04747292482945508,0.005046851572459301
1782610145.4255145,0.045964004666735954,0.004880759277723025
1782610205.9825943,0.0462094041175937,0.004911184261003353
1782610266.5904374,0.04794277464185669,0.0050736406944190526
1782610299.9167066,0.045479532493330956,0.0048421467068340855
1782610330.5004997,0.04726749131483707,0.005051610354650074
1782610390.988082,0.04792862283109115,0.00510250782097381
1782610421.4553175,0.047100484068987605,0.005027742790676705
1782610481.9608643,0.0473159904300373,0.005014148090947484
1782610542.4508388,0.04691438121932176,0.004984272210119581
1782610572.9401853,0.04694842480732582,0.004975151010629507
1782610633.3560505,0.04782202913007667,0.005074809912831921
1782610663.76891,0.04759569562717472,0.00507207460827944
1782610724.200495,0.04647499153287816,0.0049377436931640015
1782610754.6394053,0.048443067295878425,0.005142939817251899
1782610815.060099,0.04744621239297105,0.005057596885457033
1782610875.434431,0.04811976058089294,0.005136033908430506
1782610905.8637447,0.009820503829625937,0.015275568287504019
1782610966.2920465,0.048122782714527565,0.005138560737846083
1782610996.7272034,0.047391297094123874,0.005035620805602493
1782611057.1847138,0.046968682942279724,0.004994190990517036
1782611087.6441984,0.04742930415689644,0.005060457969333042
1782611148.0576627,0.046657827357867804,0.004975721250947521
1782611178.5360918,0.04682029137127868,0.004971334887380462
1782611239.02053,0.046228107362747434,0.004925253185788878
1782611299.4599931,0.046582469638258565,0.0049481481125318106
1782611329.932833,0.0482851819925667,0.0051470804546561635
1782611390.3475728,0.04713241413132285,0.005019312268884709
1782611420.7979136,0.04811328594749812,0.0051303882860866895
1782611481.2400904,0.0469555370815704,0.005011559471921388
1782611541.6061788,0.009785872229314737,0.015343662760730318
1782611572.0005984,0.04680995091950883,0.004987392074911311
1782611632.4059808,0.046643157299011445,0.00497965153522885
1782611666.4780416,0.04715308610939326,0.00502478109021782
1782611727.3597426,0.04770769774245552,0.005097575664597355
1782611757.780189,0.04714096494587777,0.0050127297217083325
1782611788.195814,0.04711187060237768,0.005009531707613693
1782611818.7315276,0.04643903269446068,0.00495686197090337
1782611879.2184253,0.04751239111413186,0.0050709904498038106
1782611909.656518,0.048302473198563976,0.005134521218520909
1782611970.1898124,0.04918758061127923,0.005239819904747092
1782612000.6432984,0.04672638428946481,0.004962657090850515
1782612061.0963705,0.04758844363101243,0.005069854666445319
1782612121.4875424,0.04750024566910209,0.005052584370548991
1782612152.0086293,0.04606374440117169,0.004893713531964507
1782612212.487251,0.04690515140515929,0.004996604606854835
1782612242.894521,0.04536231350790732,0.004823424602547999
1782612303.3429282,0.047800286312672885,0.005112387089783544
1782612363.7567744,0.04743188990472463,0.005031781110692815
1782612394.1602218,0.04783886776538122,0.0050909863769250194
1782612454.5711503,0.04645306829942227,0.0049408386741971125
1782612485.0154839,0.047834364593928355,0.005072701527341974
1782612545.439224,0.04617460677362693,0.004914902623067775
1782612575.8076391,0.04668224543548108,0.004974411443258539
1782612606.2183273,0.04670972605910497,0.004978742464146971
1782612636.605774,0.04819316103331746,0.005137054582740932
1782612696.9900184,0.046154854434622035,0.004914584789934495
1782612727.410778,0.04618342349201057,0.00490200440175196
1782612787.810923,0.04859905689926934,0.005174061469408375
1782612818.2081196,0.04597138964869489,0.004910777325861942
1782612878.6383104,0.04641980674665595,0.0049254208008118
1782612909.0337374,0.04728133523296132,0.005026564387620697
1782612939.6071463,0.04723547669583276,0.005019849266696135
1782612973.1464467,0.04741769470682761,0.005054273452080481
1782613003.758727,0.04731968288835801,0.005034654589940742
1782613064.2483783,0.04711337881369538,0.005023416528772215
1782613124.648513,0.048900982668167316,0.005211065896958667
1782613155.1441326,0.04607772524228188,0.004882946710765851
1782613185.6009798,0.04740595579704001,0.005059457519326893
1782613216.0000768,0.04741993953679679,0.005059826993057784
1782613246.5116289,0.04778987161637204,0.00506510251276171
1782613306.9767814,0.04636531053963042,0.004930190612429416
1782613337.527307,0.04678026771897293,0.004949950955679465
1782613398.0115783,0.049469164793473394,0.005293251088493907
1782613428.4492452,0.0470167114971744,0.004999995078859258
1782613488.8802316,0.04756073929473643,0.005068111735532399
1782613519.3757625,0.04647208783972686,0.004953681213433312
1782613579.839051,0.04722104694380743,0.00502305280241254
1782613610.3456979,0.04783718168454019,0.00509223531725729
1782613670.8011158,0.047231250113100115,0.005018534854769071
1782613701.2305055,0.04742457405142508,0.005042244954969538
1782613731.6738245,0.04723862724264927,0.005021007925274071
1782613762.0873039,0.048443539238962496,0.005163939529034804
1782613822.5401871,0.04723869603134439,0.005027493055522037
1782613852.9738185,0.04692442202658193,0.0049908804052488185
1782613913.3800478,0.04828191046416481,0.0051652730204554305
1782613943.813482,0.04713457203635068,0.005008939587087678
1782614004.2560644,0.04621050740294916,0.004926926719118525
1782614034.6815636,0.046307681760671515,0.004944638208024924
1782614095.0907965,0.04804345999413867,0.0051097076649282355
1782614125.5188184,0.04783374173974948,0.0050813737658104855
1782614156.1345196,0.047952686006312674,0.005093913331487459
1782614189.2309837,0.047509305880681085,0.005055293534863187
1782614249.9543967,0.046533661586047805,0.004971889786969481
1782614280.6944273,0.04731616578956922,0.0050342281962557
1782614341.2099576,0.04677404366752793,0.004997401727274013
1782614371.7429435,0.046209904944075036,0.004892808642080731
1782614432.3321266,0.04665940498806795,0.00495302439524888
1782614462.7898943,0.047325749575503895,0.005038693341981349
1782614523.295003,0.046623439539276085,0.0049510462878451945
1782614583.7551289,0.04952202316433974,0.005293319309769166
1782614614.299176,0.04720915696008123,0.005041289316291057
1782614674.7877073,0.04766330660086538,0.00508873517118819
1782614705.2272325,0.047352747523186516,0.005023160691275349
1782614765.6823995,0.047245690422235836,0.005030228935988376
1782614826.0897994,0.047406497471020444,0.005037087414662961
1782614856.522406,0.04788163396042666,0.005097898631171565
1782614916.9173117,0.047364079412018055,0.0050462067829282805
1782614947.3474388,0.04734283354366076,0.0050356637590136
1782615007.766898,0.04674090053503255,0.0049856660085208235
1782615038.1953745,0.04737941312435558,0.005053162973203273
1782615098.6754675,0.046975631838402046,0.004994434879104269
1782615129.1551764,0.04632289764261634,0.004923414323453073
1782615189.5709379,0.04791734664246777,0.0051090019445329685
1782615249.9728699,0.04707344500791855,0.005015131448782481
1782615280.3948636,0.04618824378327022,0.004914794492366028
1782615340.828405,0.04670040661246762,0.004962642865883347
1782615371.2636802,0.04801604648576076,0.005129269722559498
1782615431.7238739,0.04865465015429754,0.005168409722901069
1782615492.1343477,0.04577029565556366,0.004876301846519333
1782615523.5819068,0.04594964211201401,0.004895152208448814
1782615584.7978213,0.04681130537025902,0.005019733959970907
1782615616.605259,0.04756394919800372,0.005074861341575869
1782615677.3460684,0.04728861918550551,0.005025302437592765
1782615707.8439455,0.04519443108698736,0.004815563332787017
1782615768.3156207,0.04730233821283303,0.005071691540549717
1782615828.8160648,0.04691532224883386,0.004987362667741885
1782615859.359584,0.0465349319234731,0.0049551854901871036
1782615919.8763936,0.049251820335222685,0.005231113104299049
1782615950.4957418,0.047369809094652646,0.005070318360268908
1782616011.0127566,0.04770303534231021,0.005057288837284831
1782616041.4508326,0.047452593074262625,0.005064065421042954
1782616101.8535562,0.048015143520241124,0.005101985471860021
1782616132.3305516,0.04585318894325906,0.004885909780027138
1782616192.748239,0.04808012161868936,0.005140256916504221
1782616253.1702693,0.04750318706625818,0.005065192947985823
1782616283.5624173,0.0470191781938,0.005004823668647814
1782616343.9913757,0.04712726486801595,0.005009983619996888
1782616374.4435594,0.046823309984791006,0.004984819532640414
1782616434.8946724,0.048404816899248096,0.005162410513444063
1782616465.3587136,0.047163530198844845,0.005035695355865534
1782616525.7858627,0.04689936993296255,0.005013669756179193
1782616586.1864038,0.04634211154979748,0.004933247952610793
1782616616.619402,0.04690978682887557,0.004985665393820734
1782616677.0491323,0.045969212388188026,0.004882009592847166
1782616707.5756485,0.04643980293391109,0.0049538651497626285
1782616768.0105755,0.047101069118562024,0.005012174244937134
1782616798.431866,0.046214310287984284,0.0048978164176212815
1782616858.848351,0.0469382952213288,0.004986876163567286
1782616919.3332047,0.044757347951377584,0.0047607915747049255
1782616953.2051275,0.009833087043635514,0.015252709530644067
1782616983.8872292,0.047397094128022496,0.005030155085659483
1782617044.3876734,0.04872147322082045,0.005183464598121915
1782617104.7973351,0.04839838038907823,0.005151456972215409
1782617135.277743,0.04818223679349272,0.005124257392206056
1782617195.833842,0.047794749513321785,0.005076060526634474
1782617226.2827702,0.04779495568296407,0.005081622884055386
1782617286.7851934,0.047347809248250855,0.005036689827625591
1782617317.3066573,0.04500717426353623,0.004801380547557305
1782617377.7383306,0.047422640653037904,0.005035314351021397
1782617438.154139,0.04653080972746754,0.004952560391050259
1782617468.6083453,0.04519812406740683,0.004796326927993981
1782617529.0541363,0.0485536794493589,0.005165653907085111
1782617559.498885,0.04705875156295758,0.005018425801357537
1782617619.9091587,0.04652672314270748,0.004953624051626515
1782617650.381135,0.0469336296444238,0.0049982123940913725
1782617710.7988586,0.04750215248859931,0.0050667098119521895
1782617771.187548,0.04710884273093383,0.005009124585527182
1782617801.5885046,0.04582886117426613,0.004870098916351211
1782617862.0472722,0.047042593086085674,0.005039905659335848
1782617892.4744842,0.047923440633642456,0.0050960121147487145
1782617952.8632727,0.04777591255416024,0.0051082246014852225
1782617983.2617862,0.045732366703494814,0.004869942550457814
1782618043.63713,0.047467254267574095,0.005057541605548191
1782618074.072071,0.047068479280319035,0.005009372602182288
1782618134.4382744,0.04780348533522519,0.0051031325945578325
1782618164.8325465,0.04690360316087303,0.005003150458111151
1782618225.239472,0.047312963812354156,0.005052795200720747
1782618255.6965342,0.04701140909183514,0.005009031574358202
1782618316.2501614,0.04787519927259922,0.0050777570270709145
1782618349.7018793,0.04700012914710622,0.005015610788914233
1782618411.064267,0.04712732750789165,0.005031131369812359
1782618441.611576,0.04660593239053672,0.004970518285152747
1782618502.0996554,0.047244369243965835,0.00504565379112637
1782618562.5548031,0.04816216869379585,0.005132173698240667
1782618593.0401893,0.047294719361667535,0.005027143179440517
1782618653.5355952,0.04647071072308613,0.004957392896197536
1782618684.1414852,0.046506322080620735,0.004953186585793562
1782618744.6539161,0.04690744453916921,0.004969082964289495
1782618775.095728,0.04760747354862435,0.005093143421646758
1782618835.6025922,0.046684013607333125,0.004974746157429531
1782618896.0026517,0.04626318314802036,0.004901407372967731
1782618926.43646,0.04631771213642075,0.004947744078043522
1782618986.8605814,0.045921167656299916,0.004885591391428086
1782619017.2991867,0.04633791665108486,0.0049280599234167765
1782619077.7638633,0.047333517804145776,0.005024749313919293
1782619108.223156,0.048179669744547605,0.005126637435664607
1782619168.6322176,0.04660606970116886,0.004955389718927258
1782619199.0821161,0.04713637065226203,0.00502331105097823
1782619259.4966588,0.04576470431529371,0.004878237690631915
1782619289.9313853,0.04669329752922807,0.004960671591211619
1782619350.3558116,0.04701696374182072,0.0050142900148165
1782619410.7643166,0.04722417678155856,0.005023368253305431
1782619441.2129898,0.04750093180941849,0.005054238693704658
1782619501.656792,0.04715676006414314,0.0050152826023992835
1782619532.1069286,0.046443616793949156,0.004950764349220794
1782619592.533377,0.046587707002975876,0.004964336173918218
1782619653.1493394,0.04605993762451954,0.004902237021125387
1782619685.9283054,0.04685857641476244,0.004994974733247621
1782619747.1712525,0.047448774995270095,0.005054905280157332
1782619777.9389353,0.04834124580165132,0.0051405485991785045
1782619838.4345367,0.04774113489394034,0.005085025300862327
1782619869.0318239,0.04603918538985375,0.004921501091312818
1782619929.5194924,0.047544232021302285,0.00504752289182815
1782619960.0072925,0.047082354914672296,0.005022366838124701
1782620020.5482175,0.04702744844517622,0.005019124557677023
1782620050.9921973,0.04802955122340439,0.005102116809616483
1782620081.4386084,0.047994479757342313,0.005097254438093994
1782620111.8685477,0.009797636999290291,0.015279991860310801
1782620172.3339446,0.047852136688892453,0.005098098509486254
1782620202.7992208,0.04672732268538221,0.004960969283910428
1782620263.237223,0.04656626397595889,0.0049641268184987455
1782620293.680812,0.04614346586775467,0.00491257197269406
1782620354.105359,0.04771545474379739,0.005089702186233781
1782620414.5009518,0.04621715047377556,0.0049217544176421955
1782620444.9179277,0.047211591618754954,0.005022561320066672
1782620505.3460898,0.047088076619816926,0.005019463011268418
1782620535.8151689,0.04669308544723343,0.004976301027619842
1782620596.2373416,0.046735699211759685,0.004962376419467295
1782620626.607113,0.046760764294192785,0.0049872669181704275
1782620687.0104434,0.04605769812927126,0.004920521807294451
1782620747.3887398,0.04665635020697197,0.004965432248906813
1782620777.754492,0.04781946248124503,0.005110686530543401
1782620838.2686787,0.04851401730854176,0.005146453206286474
1782620868.7117445,0.04782273252840123,0.005086679961555569
1782620929.1301343,0.04719640009345504,0.005028500105221761
1782620961.3862135,0.04638523084759686,0.004936143659436571
1782621023.9204698,0.04792485069798386,0.005093435911661524
1782621054.816039,0.04600539623644229,0.004901221842848329
1782621115.4451313,0.048443807270313846,0.005169521423843099
1782621145.9055738,0.04820488822277203,0.0051395056510809625
1782621206.4708076,0.047428434700190085,0.0050527224671511875
1782621267.135637,0.0480825249801734,0.005120511038439563
1782621297.6450937,0.04742265117685549,0.005033810850955523
1782621358.2812324,0.048325481151721084,0.00513766602643751
1782621388.796354,0.047272926564428885,0.005043120373386299
1782621449.3510935,0.04772850384524637,0.005056895663255353
1782621479.8563187,0.04822482811220702,0.005153406605944833
1782621540.2934453,0.04693293521363859,0.005008445204013905
1782621600.6989646,0.04747508194378704,0.005061568341905975
1782621631.1783133,0.04752623342764177,0.005063587759803379
1782621691.6669161,0.04786291810684109,0.0051140799521616626
1782621722.0612864,0.04484399213161957,0.004766279437765532
1782621782.4878848,0.0474928358443015,0.005079398884829416
1782621812.9403229,0.04750077547609661,0.005062413844861724
1782621873.3622243,0.04742408511296434,0.005056658552862292
1782621933.7604432,0.048170078625300726,0.005132524259270614
1782621964.22992,0.04788084722894864,0.005118461820979341
1782622024.6775663,0.04588056822430175,0.004888403912146959
1782622055.0797045,0.04699576556727407,0.0050016102624598465
1782622115.4756403,0.04697432362947339,0.00499516697109876
1782622145.871933,0.04621083211411248,0.004914581027878243
1782622176.698063,0.046115805855922266,0.004903371687410876
1782622208.343021,0.048247413166332964,0.005157004687965533
1782622241.9428961,0.046570802236156214,0.004958192988930075
1782622302.5266988,0.04556578146268223,0.004851110762462776
1782622362.9645298,0.047717046798192456,0.005130048942821679
1782622393.8561573,0.04671178422998685,0.004970471587294547
1782622454.4951003,0.046277877882418564,0.004933931729155515
1782622485.000528,0.047912191808293016,0.005086261787935884
1782622545.440598,0.045658102689162657,0.0048447125580274465
1782622575.9195983,0.048106956917654514,0.005082306365447776
1782622636.4960873,0.04657602101782025,0.0049590875117828965
1782622667.0239189,0.04770470542015608,0.005076602979293867
1782622727.5435297,0.047261082986410394,0.005056042525581034
1782622788.039571,0.04718979151479632,0.005018336785040218
1782622818.4469724,0.04700463369436553,0.005019808457424745
1782622879.1439767,0.04709627337678977,0.005031915792961592
1782622909.6255763,0.04630650194205691,0.004930989575070738
1782622970.2255726,0.04834636377215778,0.005148920213504778
1782623030.7601001,0.04662616459440691,0.004963512755026697
1782623061.1609662,0.04581184410011618,0.004873475598320181
1782623121.7309852,0.04786502104917873,0.005111281656202817
1782623152.516568,0.0462307442520876,0.004943150213074795
1782623215.0023458,0.04732329679505474,0.005031537588827056
1782623248.5452678,0.04774629451556882,0.005087547186613877
1782623311.6940343,0.04715124168577878,0.005025453515563965
1782623343.0181832,0.04765770165182232,0.00508221709755758
1782623404.9334092,0.048410645916326364,0.005161115227080723
1782623435.8170302,0.0478042934530707,0.0050858775924854625
1782623497.9179993,0.0476549105940554,0.005089772368011557
1782623528.7267292,0.04645509759354141,0.004949243431209673
1782623590.1839073,0.0469743794374383,0.004997367729505899
1782623621.6928117,0.048265277161682024,0.005147615877097713
1782623683.4063797,0.04723419371228197,0.005023109188746161
1782623714.7813559,0.04681519855390616,0.005002824517079325
1782623777.3053668,0.04706591360215555,0.005035949139487156
1782623840.5650957,0.04937584241843413,0.0052540791169198905
1782623871.8373163,0.046538106029419435,0.004953141613752238
1782623936.4717703,0.047171912155799044,0.005030420495286293
1782623967.313308,0.047683131509731,0.005082585874020613
1782624028.706527,0.04724827709786433,0.005013707588043508
1782624060.586537,0.0455946085755905,0.004835907755298093
1782624123.2353714,0.047646230974523335,0.005063330132216692
1782624154.5347228,0.04755612349095941,0.005060843511730112
1782624215.846574,0.04764611448566385,0.005078590166499577
1782624246.981226,0.04663368798742813,0.0049817778585201835
1782624309.2123432,0.047671834558880063,0.005078472134108551
1782624340.1826563,0.04483569606695819,0.004766226387347204
1782624402.4086428,0.04612589610919597,0.004900343244516271
1782624434.3379464,0.047294177908829955,0.005017199923177833
1782624496.2792056,0.0482737030332666,0.005143049000634486
1782624528.2078888,0.047002420238609885,0.00500312422365708
1782624590.0194337,0.047977881434912474,0.005076105121439864
1782624621.780718,0.04616545764751617,0.004909312493544153
1782624685.6575954,0.04856725093663719,0.005210283161724841
1782624716.830771,0.04728936556643569,0.005068189358912648
1782624779.6433225,0.04581045173287334,0.004899013278479214
1782624811.2534528,0.046872870158792705,0.004987913153171605
1782624872.700382,0.04655724976626975,0.004968216762551921
1782624903.9678388,0.04752841435989461,0.005070045207172885
1782624965.8194764,0.047736499175704,0.005078157848356891
1782624997.6551967,0.047280832213244715,0.005045795176255519
1782625059.5157104,0.047417685789139664,0.005065295261056189
1782625091.185697,0.046738626647013365,0.004983969192113645
1782625152.6524885,0.0475402493814748,0.005064915636181937
1782625184.2857068,0.046763448270399105,0.004983854797277986
1782625245.833815,0.04791226521247635,0.005083611715025743
1782625277.778795,0.047357181648162515,0.005035447778688675
1782625339.165831,0.04543505230581346,0.004841260347461712
1782625370.526655,0.04635809778190581,0.004918414970373364
1782625432.0183437,0.047260989945005515,0.005023280824192533
1782625493.818638,0.046676316764376585,0.004975495425140831
1782625525.0799775,0.048100272996654946,0.005105827130470919
1782625587.1802242,0.047571317845725235,0.005085335750681202
1782625618.9206371,0.049126102465571655,0.005261118716112213
1782625680.6892679,0.04718325559574226,0.005044338686167881
1782625712.2781847,0.04619956983650381,0.004902757047073825
1782625774.4549243,0.047705710269451466,0.00509464726579363
1782625835.7563586,0.046210913277791185,0.004916796011372332
1782625868.0354097,0.045596177583975266,0.004868405286455561
1782625929.6947844,0.04604812169294688,0.00490389828612147
1782625961.3123534,0.04810826275593114,0.005108373607434681
1782626023.517749,0.046318970924786595,0.004934956712849298
1782626054.8002954,0.046551539973396214,0.00495182712518143
1782626116.6118572,0.04774537990336695,0.005080752330736944
1782626148.4519491,0.04636254523720521,0.00494743402233164
1782626209.8626413,0.04655347825139833,0.004990170338827048
1782626271.3775322,0.04638682290758848,0.004949062838410095
1782626302.7444644,0.048174241599901975,0.005122840519433825
1782626364.326957,0.045724214683133,0.0048780184566747965
1782626395.7502034,0.04558651547585172,0.004860101505084554
1782626456.8524652,0.04638252195237119,0.004949102033043428
1782626488.4663844,0.046831748291653895,0.004990294436233787
1782626550.512822,0.048049791970717876,0.005133792623761705
1782626582.2173789,0.04635710519879109,0.004946594750544409
1782626643.661611,0.046322640136224946,0.004928254241064768
1782626705.5422268,0.047484628853089766,0.005051960837704104
1782626737.008565,0.04834306177599026,0.005115157583532694
1782626799.3060594,0.04889701210156889,0.005209612794173764
1782626830.6294882,0.04776042904384529,0.005077539098064674
1782626892.0285645,0.046851606237631134,0.004984115179943032
1782626923.7478971,0.04907110041377978,0.0051970066292656965
1782626985.060425,0.04730412495924891,0.005022679321075427
1782627016.307295,0.04727457783522497,0.005028400253215202
1782627077.900337,0.04611845344263598,0.004903226654936476
1782627109.4909992,0.009838693719980212,0.015317057182484547
1782627171.16926,0.0474926089618533,0.005102489558805624
1782627233.33491,0.04712381819079688,0.005013317662463921
1782627264.8835933,0.04811362427564461,0.005144150708990344
1782627326.0374198,0.04606454986647175,0.004879209161095917
1782627357.1975276,0.04752648555377411,0.005057116171810735
1782627418.3193557,0.04656942942946939,0.004955090576245202
1782627449.3172932,0.047115352545678696,0.0050413696628629915
1782627510.8774192,0.04818458530246264,0.0051079868763787666
1782627542.5210955,0.04784457458311324,0.0051166561359679225
1782627603.6466515,0.04612136164478688,0.004892226259017116
1782627635.029703,0.049491309143639965,0.005286991779151656
1782627695.8380063,0.04621830271083261,0.004910615069440012
1782627727.28537,0.048472291997851316,0.005160195175544922
1782627788.2709973,0.04753978999465297,0.005056938656505334
1782627850.0492592,0.047275521248365975,0.0050295520027010526
1782627882.0270588,0.04656922420758972,0.004970642444013652
1782627943.9469438,0.046612334752000696,0.004960160542968695
1782627975.2341518,0.04662041020310808,0.00496495542263017
1782628036.522561,0.0466815073280696,0.004980545413465074
1782628067.6588907,0.04778733434774142,0.005106316252944325
1782628128.987067,0.0464312579442089,0.0049560014828202254
1782628160.199654,0.04736178679836011,0.005051742305605694
1782628221.6055574,0.04635381869393575,0.004933393695679543
1782628253.310225,0.047651626544373785,0.005086360130768728
1782628314.676534,0.04729646304670009,0.005065309024865
1782628377.223593,0.04627834189901303,0.004913820146365436
1782628409.086286,0.04818740294773256,0.005137292741801784
1782628471.1326382,0.04751042168027176,0.005050366508247083
1782628502.8424358,0.045605376322718154,0.004866161190528334
1782628564.2093663,0.04765618712270899,0.005080750194472585
1782628595.894614,0.046948221178164856,0.005003554115649767
1782628657.9106188,0.046407891425762605,0.004945957961711023
1782628689.301075,0.04782972288193767,0.005096479174606901
1782628750.628055,0.04728081859094853,0.005037489429595924
1782628782.0656812,0.04725845385259323,0.00503459121852256
1782628843.5695355,0.0472304070227817,0.005030374646903236
1782628874.7074099,0.04930850692357609,0.005253996895502164
1782628936.3186266,0.04640981436451094,0.004951913870770305
1782628967.0930932,0.0454883013209747,0.00484767237665668
1782629028.75631,0.04798069029183606,0.005090702828175431
1782629090.1718864,0.04809255402314254,0.00511525675797951
1782629121.7802355,0.04606376666381099,0.004902839772516577
1782629183.3202615,0.047250455023594144,0.005065220509196493
1782629214.251176,0.048956379898762885,0.005230899100415156
1782629245.858559,0.049142132084278534,0.005236000611770063
1782629307.2388997,0.04812327249456048,0.005138574009741269
1782629338.619678,0.04701915259884955,0.004995789879614469
1782629400.8189075,0.045597759818712016,0.004866455276291177
1782629462.7861788,0.009803131611314122,0.015262940107040168
1782629494.9962797,0.049621000563162,0.005276449448422062
1782629556.713817,0.04878180313321035,0.005208418960656425
1782629588.0311599,0.04748542292678532,0.005071934009663319
1782629649.8956861,0.04628274229309101,0.004940014918605965
1782629681.4749737,0.04626230800932733,0.004930512487972884
1782629743.2717857,0.047267255950419314,0.005022871389154321
1782629804.7375517,0.04778236821201419,0.005111234978119817
1782629836.2914422,0.0460878793885025,0.00490502597122867
1782629898.2253919,0.04607696190124902,0.004906137387975331
1782629930.0693207,0.04783107122603352,0.005100092695107753
1782629991.8757007,0.04835644755543468,0.005136875553235349
1782630023.244747,0.047597932581311786,0.005068898370683263
1782630084.6937885,0.048563221855026026,0.005171667999625525
1782630116.8375337,0.04585718280718407,0.004876194375832249
1782630178.4111118,0.048130384572305056,0.005093825303552126
1782630209.8640459,0.047543975724202776,0.005069338152485825
1782630271.4597666,0.04704630142996831,0.005009019578596569
1782630302.7519639,0.04728822289635687,0.005031002049161811
1782630364.1118937,0.04717682730012353,0.005023125582145832
1782630396.0285835,0.046340674223098954,0.004952724521352044
1782630457.665993,0.04764527192968695,0.005064695011022791
1782630519.544132,0.04711201670933997,0.005013675503841578
1782630551.465137,0.04791257515296933,0.005136718311768431
1782630613.7306998,0.04637735174805769,0.004943671677354415
1782630644.82904,0.04862800540172171,0.005165733464726786
1782630705.8957837,0.04630952161972116,0.004932644522278474
1782630737.047633,0.04641058167166337,0.004949169611272318
1782630798.3382475,0.04818196454352145,0.005134281062714953
1782630830.2106588,0.046884713346649065,0.004990547703034477
1782630892.1835773,0.047682134124384164,0.005085571213442398
1782630953.969703,0.04564057173386808,0.00487509190871455
1782630985.5410845,0.046908206425059,0.004985799444148913
1782631046.9750323,0.04797081321831237,0.005102786179042802
1782631078.1204436,0.04888003621364252,0.00521856928412115
1782631139.9624434,0.047480133073985305,0.005062601184177862
1782631202.3756926,0.04660368660538163,0.004969727560594472
1782631234.333684,0.04815256829338305,0.005121088450281375
1782631296.2481048,0.045930362517117226,0.0048854296246018045
1782631327.9317293,0.045428754198665634,0.004847115590330465
1782631389.7425163,0.046423095780492266,0.004965150605806996
1782631421.1991167,0.04624051717297073,0.004920053036491969
1782631482.3650403,0.04659913128906945,0.004953921817432144
1782631513.3442583,0.009807361341509774,0.015256419243040312
1782631574.5891216,0.047468845316463545,0.0050383266530973836
1782631606.227777,0.047671414285609906,0.005054927196910833
1782631667.8892105,0.04756000390251656,0.005069012925289058
1782631729.4016745,0.04787437911950423,0.005097643843667893
1782631760.8890054,0.046905258172390586,0.0049894424541490085
1782631822.5197344,0.04734651445684101,0.0050430196410881055
1782631854.0851903,0.046302571811638514,0.004934084694988487
1782631916.2524066,0.045736771954582145,0.004870130106653522
1782631947.9654477,0.04547443886692652,0.004830521764955828
1782632009.3671997,0.04663214366046505,0.004980061857731609
1782632041.0656433,0.0483878460869858,0.005142773473662141
1782632102.742149,0.04813091949225075,0.005110707256939541
1782632134.3487568,0.047070874888650284,0.0050103865505351855
1782632196.2087433,0.04795576603396439,0.005087500211134594
1782632228.1680093,0.045697551313571325,0.004852522546919175
1782632290.085771,0.048131542679497784,0.005141829055208596
1782632351.4264102,0.04804132183882349,0.005117500694885618
1782632382.62855,0.04821670706952646,0.005136500017932536
1782632444.363816,0.047450873032288024,0.005073465879526305
1782632475.304068,0.04709753770821333,0.005023203546817995
1782632537.1879656,0.0464830235838683,0.004949926946342643
1782632569.1918905,0.047602682921370994,0.0050739314525847555
1782632631.3361948,0.04671905039384622,0.004957167387580324
1782632662.78267,0.04826741007232509,0.005163997043861046
1782632723.916409,0.04782628982747854,0.005078124583582137
1782632786.06811,0.04762278513063294,0.005067843359453396
1782632817.2495117,0.04788757792925247,0.005082201830180207
1782632878.2928548,0.047194581057080756,0.00506300766117082
1782632909.4675486,0.046229499659143296,0.004908166402755663
1782632970.898564,0.04767070792630675,0.0050857059116266685
1782633002.7756455,0.048289567513320204,0.005149366649227328
1782633064.4368048,0.04743902645724769,0.00506074723400146
1782633095.776757,0.04740286214078611,0.005072448247017848
1782633157.2222016,0.047508861667676,0.005058722518873969
1782633189.3070886,0.046560870723744395,0.004958151937826797
1782633251.3434951,0.04754722814640291,0.005059386748922975
1782633283.0043936,0.047294238994691255,0.005031829629564394
1782633344.2980287,0.046708464300610736,0.00495403759679718
1782633406.2081585,0.04717831079251248,0.005019653162878712
1782633437.6877747,0.047357201843660754,0.005039896879438047
1782633500.303796,0.04621915389604461,0.00493694908789567
1782633532.6500633,0.04710288139471566,0.005006709152253539
1782633594.1157424,0.04760285204772283,0.005084030296655725
1782633625.7100465,0.047759551339063205,0.005077869538326073
1782633686.8201632,0.0462760285597504,0.0049110642109724024
1782633718.6309621,0.04696658549950953,0.004998614224505713
1782633781.0361156,0.048378332715631224,0.005146537049485343
1782633812.352242,0.04767971347555071,0.005072430151843229
1782633873.8474755,0.04689956910350857,0.0049843247790228515
1782633905.196506,0.04842965590701029,0.005188824418048553
1782633936.5812137,0.04636819299492482,0.004929297616614255
1782633998.1338336,0.04683532004376253,0.004998278883028512
1782634059.85678,0.04715179103024247,0.005010285252931298
1782634091.273963,0.04647311227555794,0.004939444728259846
1782634152.8394456,0.045793759677574465,0.004880887713584504
1782634184.7304113,0.0468157657182155,0.0049865546379201636
1782634246.2820783,0.04739853760289709,0.005040258204896852
1782634277.5449376,0.047678560978986775,0.005085814870621755
1782634338.6886406,0.047507894067041145,0.005057498982877459
1782634370.3133068,0.04626309838989105,0.004924814149549215
1782634431.5831523,0.046631664740300956,0.004964467186087689
1782634493.2773266,0.04780496911919844,0.005122745970939411
1782634524.9522626,0.04644859297623368,0.004937690306769477
1782634586.7023885,0.04763082800846822,0.005072656304387596
1782634617.7965505,0.04758650090972495,0.00505653399782147
1782634679.7121284,0.04641781167516321,0.004948466486258756
1782634711.2581794,0.0478969190874101,0.005091556979872516
1782634773.0270784,0.04715809440334563,0.005010932211459145
1782634804.1557758,0.048257413066926276,0.005147247331694468
1782634866.2505426,0.04633339586269849,0.004933308648365838
1782634928.361294,0.0472447314015946,0.005032205758414526
1782634960.0401287,0.04673319175847757,0.004991403971539975
1782635021.57384,0.0461833126960146,0.004922277604991146
1782635053.579458,0.04844163901631455,0.005176021984237937
1782635114.7347972,0.04726132061066534,0.005029685732423735
1782635146.3768332,0.04667116079985161,0.0049523785243622545
1782635207.4995203,0.04738789909758051,0.005079185755310587
1782635239.8000867,0.04812302046690259,0.00509999838722019
1782635301.7474153,0.04724630394469924,0.005024547506705313
1782635333.0759768,0.04857171267862573,0.0051793120929099715
1782635394.8780508,0.046050426743402595,0.004901877124121373
1782635426.9225464,0.04818487044544119,0.005132241091879077
1782635488.1439989,0.04713071407779299,0.004983709811624074
1782635519.4498785,0.047063752883399985,0.0049910882784089845
1782635581.5766034,0.04605557880305743,0.0049215429140832935
1782635613.3787227,0.047825068102694254,0.0050830341503708435
1782635674.7656486,0.04774858684391419,0.005069366713252117
1782635706.1603856,0.047223673352317475,0.005025611243976579
1782635767.6946409,0.04709834439356364,0.0050039273395461855
1782635799.0789182,0.04681772688114109,0.004971484886534951
1782635860.9550629,0.04642256575304147,0.0049489186405955255
1782635892.8032033,0.04898008866137944,0.00520065585281797
1782635954.8077018,0.04578399160594797,0.004876369830689232
1782635986.1382074,0.04606194206909338,0.004906044390019586
1782636047.9081798,0.0471521249151686,0.005014182368039797
1782636079.2862911,0.04741608442681581,0.005040966321221984
1782636141.184183,0.048013645143030824,0.005112151069646947
1782636173.1910546,0.04828457623886877,0.005161088989732495
1782636234.3773177,0.045996280994010943,0.004886896214326022
1782636266.2138767,0.04695233440706841,0.004993849240102984
1782636328.1584637,0.04586863206884332,0.004893855848592632
1782636389.2525923,0.04637452007680999,0.004928201549025229
1782636420.652224,0.04699258830497039,0.005017497294853642
1782636481.9504478,0.04785617169679207,0.005104638946980634
1782636513.2056324,0.046213139615690575,0.004929955924102075
1782636575.0085394,0.04637484707687999,0.004925987606262449
1782636606.1162388,0.04726533168495443,0.005024938170589114
1782636667.7132003,0.045555496943040695,0.004847303548463526
1782636729.373733,0.0466161215112982,0.0049579054859974206
1782636761.0356266,0.04685859241680575,0.004990060740981575
1782636822.7905517,0.0461595313060768,0.004903278068246918
1782636853.9381163,0.04607221550567284,0.0049019953485658525
1782636915.4421573,0.048829285044626435,0.0051838289584199585
1782636946.9532127,0.04624629797438478,0.004928599706521473
1782637008.4094255,0.0490067085497499,0.005199594947059501
1782637039.8757288,0.04729074941631513,0.005062975945131077
1782637100.9291096,0.04840715022681454,0.005145144672414444
1782637132.2706897,0.04720334233321667,0.005043753484349848
1782637193.3534477,0.047440384852989854,0.00502798052905964
1782637255.355871,0.04738613670321965,0.005063615121935651
1782637286.3262043,0.046975809892916484,0.0050052402889023025
1782637347.8076305,0.0489453708339711,0.005194261205843085
1782637379.3056018,0.049101408690596364,0.005241873500173079
1782637440.653735,0.047783515998813475,0.00506756096668682
1782637502.6924686,0.048353714648489234,0.005163915808230996
1782637534.2686346,0.047652871456149805,0.005079448350857874
1782637595.9597676,0.04730886662906093,0.005018759824226761
1782637627.213869,0.046074039585189894,0.004891807333233531
1782637688.2279882,0.04644834768574736,0.004941846143853705
1782637720.109618,0.04748441882818242,0.005080312324100027
1782637781.7837315,0.04633623952934163,0.004936541423857875
1782637813.2456088,0.04621003734931763,0.004923690402688903
1782637875.1028602,0.0479291994585506,0.005076618183508307
1782637906.5977798,0.04795241569532036,0.005089722484447507
1782637967.9260216,0.046641895138950465,0.004957189151543667
1782637999.9809508,0.048213747882678334,0.005145348604383768
1782638062.5967145,0.046387634823599457,0.004929051693649494
1782638124.456203,0.0468426635693826,0.004979046116114614
1782638156.0106194,0.04730631127101826,0.005035325035090409
1782638217.847574,0.04612297126775489,0.004919814509925079
1782638249.599414,0.047114603906269155,0.0050161749670118915
1782638311.1221313,0.04633305602613492,0.004938662378015166
1782638342.453526,0.04727141898052757,0.005057943650656297
1782638403.7140234,0.04715417223297231,0.004998445653791841
1782638435.251214,0.04648899354916041,0.004941455595256912
1782638496.9087315,0.04626785304385706,0.004927044080489905
1782638529.004288,0.04666045368609783,0.004970382323698998
1782638590.7192962,0.0481931089414181,0.005103359694654412
1782638621.8702016,0.04723710452911397,0.005038422142520392
1782638683.2961175,0.04754981418819852,0.00506742142677012
1782638714.8180478,0.04633858589956488,0.004929977496549086
1782638776.5849288,0.04770334620663298,0.005072101808923837
1782638808.5692523,0.04785475658183006,0.005100359164000695
1782638870.1942637,0.046855290781118886,0.004989504629583387
1782638902.1569247,0.048048265426325634,0.005111271194504146
1782638963.5603995,0.04664724841230856,0.00497046966935472
1782638994.81217,0.04604491887064638,0.00491246261901336
1782639056.669489,0.048359796234023804,0.005124026465941358
1782639088.2393339,0.04628734491679787,0.00490707002053
1782639149.3566184,0.04709162963050541,0.005010742658069582
1782639180.9246032,0.04726923219269844,0.0050524206769731956
1782639242.3526793,0.048244235138434254,0.005141129723247839
1782639273.4802995,0.0463156084548515,0.004954847365596074
1782639335.0183754,0.04792710964243729,0.0051214231534833215
1782639366.5875406,0.04821683495495402,0.00513667915804855
1782639428.0941286,0.04774538923834908,0.005062588245617058
1782639489.616141,0.047112267610513514,0.004996702776733649
1782639521.179952,0.0465733115752487,0.004945044456903264
1782639582.2488008,0.04761073534759206,0.005066695072851161
1782639613.9356668,0.048075967530822515,0.005117094919665002
1782639675.2391748,0.0490079140679999,0.005188850363921477
1782639706.3265386,0.04620319891934515,0.004918437041964904
1782639737.341644,0.04609102008027611,0.004906612815105463
1782639768.6940958,0.04667038059264351,0.0049654496433487755
1782639800.3017564,0.04771249071509908,0.005098559156678651
1782639861.973775,0.04737499711612553,0.005049637757693968
1782639893.4966416,0.04841007080717406,0.005168012609629783
1782639954.7662995,0.04819039184251345,0.00514087441833774
1782640016.5204103,0.047483828844457864,0.00507867047609958
1782640047.634009,0.045192687704535266,0.00482691829374115
1782640109.1094859,0.04698270327795778,0.005028692250457493
1782640140.3640773,0.04706810007624954,0.005003776256819317
1782640202.451727,0.04764723376641443,0.005086994247893086
1782640234.2273436,0.04766616788464759,0.00504622356691588
1782640296.2268453,0.047331731283269764,0.005036620255540592
1782640328.0579782,0.04688690509114068,0.004986097716962966
1782640389.8179967,0.04809372170265427,0.005111727146228301
1782640421.3740766,0.04690264673402089,0.00500141423227749
1782640482.8244298,0.04646436376917845,0.004949098221944137
1782640514.0381875,0.047577438791699594,0.005077580078900113
1782640575.7270527,0.04681159364496314,0.00500412971665143
1782640637.6587427,0.046888806531475834,0.004997269526609201
1782640669.19562,0.04672364073369377,0.004970596344511242
1782640730.3887396,0.04640703968695346,0.004952165181559525
1782640762.321866,0.045281407580441434,0.0048028193774168875
1782640824.1616883,0.04726287172468229,0.005052505222715746
1782667492.86774,0.048176092940789596,0.005131728847319622
1782667523.6392827,0.04678995729273478,0.004951833518755171
1782667554.6256053,0.04641494706675255,0.00495124764264068
1782667585.7678072,0.050644758401338696,0.005418656991765169
1782667646.292498,0.04727293369055664,0.005031581444050923
1782667676.6283574,0.046291020517099914,0.004942306492927685
1782667736.9750574,0.04664367579092977,0.004944628986120892
1782667767.3858216,0.046596764444705265,0.0049699051115926094
1782667828.3433301,0.048049556506554965,0.005126610729461108
1782667890.8159366,0.04707964195025406,0.005004185170503331
1782667921.252057,0.04708656304457852,0.005008597526154628
1782667983.9152856,0.04713957123892915,0.005008185048833564
1782668015.6017456,0.048635791498871664,0.00520456859342609
1782668076.1567967,0.04696081421798622,0.005028286063703268
1782668106.5008967,0.046651235551297986,0.0049570649300921
1782668166.8427823,0.04634158771229203,0.004951051259200886
1782668197.9653401,0.047237028058264255,0.005038419887438715
1782668258.4682212,0.04759510144875989,0.005080084130938412
1782668288.9837153,0.04747248347403101,0.00504562264210622
1782668319.8058712,0.047599671931815205,0.005059528739195583
1782668350.6876686,0.04683583519255072,0.004970148651893262
1782668411.8326468,0.0499445259970607,0.005322716434367067
1782668442.2281227,0.04609905182492189,0.004893176434155258
1782668502.5991163,0.04824650989757998,0.00512941143138407
1782668534.43778,0.0469508336211546,0.005009135074690073
1782668596.174419,0.048197107938537445,0.005141082850517561
1782668628.6262062,0.04759071022026032,0.005073925530969989
1782668689.4394135,0.047591627593638684,0.005081582119289243
1782668750.0855043,0.04817877472527271,0.005138165982364359
1782668781.2593355,0.046609670753556896,0.0049472273128528775
1782668843.0290053,0.04633174851027782,0.004942939385920049
1782668903.5610328,0.04761162895325674,0.0050716396738550475
1782668934.3464844,0.047682217623366725,0.005082625813613659
1782668995.2581172,0.0455792026860023,0.004843536814629916
1782669025.9348123,0.04533055988704404,0.004841164448315582
1782669086.9658635,0.04534050818097935,0.004834095823335771
1782669117.4881904,0.04719697667271923,0.005038637653437478
1782669178.1118193,0.045665476884305695,0.004865620623705234
1782669208.5277207,0.04791137959959519,0.0051273044700180515
1782669269.1509628,0.04786253598470958,0.005088931661104941
1782669329.9256845,0.04750297646697278,0.005051978550483921
1782669360.475118,0.04719972038170366,0.005050326421580013
1782669421.1104076,0.04843830580360778,0.0051395363349732515
1782669451.6743183,0.047480183388736545,0.0050731958322519765
1782669512.2252474,0.047421699421059775,0.005055765925798845
1782669572.6617427,0.04526447623609549,0.004827414236755072
1782669603.0987084,0.04832280138924913,0.005153441536311696
1782669663.5262263,0.04836946348585441,0.005151648691421191
1782669694.3707294,0.0479598626177624,0.005100864641987794
1782669755.3904877,0.048171580430465696,0.00514225726360534
1782669786.1847355,0.0464131709368558,0.004940844429560414
1782669847.1184895,0.04624331111944024,0.004925237874832767
1782669877.9243083,0.046892321839522015,0.005029379886402817
1782669908.600399,0.04686886219658058,0.005026498174182667
1782669939.4332125,0.04804556848172915,0.0051194205587519115
1782670000.0690384,0.045881103771929485,0.004904565504061298
1782670030.7911515,0.04789015185666466,0.005086723411867305
1782670091.407202,0.04500975350927603,0.0047732814343471215
1782670122.0201254,0.047563748201184496,0.0050756696466884455
1782670182.6635516,0.0463784609440918,0.004932227842835116
1782670213.3056228,0.04711557664783123,0.005013456029527576
1782670273.9534411,0.04673726057363059,0.004973606518519864
1782670304.5757625,0.04669446504367307,0.004988903778142152
1782670365.141067,0.04761620557455414,0.0050801556838943555
1782670425.7283058,0.04621852339175696,0.004921389466888091
1782670456.291488,0.046589120698478106,0.004969361834696553
1782670516.8366535,0.04582870072140592,0.004886082027878026
1782670547.429932,0.046581409121002,0.0049640085825893255
1782670608.0223975,0.04702930325516481,0.004997601038562671
1782670638.7003677,0.047232487251062515,0.005029385188203351
1782670699.3493385,0.04766542738203883,0.005111457773631959
1782670730.0582414,0.046565540966170584,0.004951905841900934
1782670790.6461313,0.04699190527115151,0.004992568558661234
1782670821.2242465,0.04740221143439299,0.005041710925465712
1782670851.8990264,0.04739027266665918,0.005040221586942327
1782670882.9088147,0.04771433975468695,0.0050883152059044805
1782670913.986813,0.04665673106063048,0.004975500901509883
1782670975.102304,0.04600956158935275,0.004900945208225896
1782671006.0514653,0.047922976976305376,0.005100764447637079
1782671066.9385648,0.04669020991540232,0.004969671480199015
1782671127.646337,0.0454971828642684,0.004839920300621203
1782671158.2731488,0.047583220273085564,0.005101047835151624
1782671219.0207837,0.0473675488654566,0.0050224011819930215
1782671249.6456733,0.04746761055360474,0.005044761648256979
1782671310.4500427,0.047134747943109484,0.0050194354059574335
1782671371.0531373,0.04836827185188293,0.005147958734807698
1782671401.7224169,0.046624041757533104,0.004947732257049668
1782671462.4078088,0.045654565953971014,0.004857691516671251
1782671493.0968513,0.047148823403007654,0.005025716823854
1782671553.7375934,0.04871969069743788,0.005197475056452771
1782671584.3624191,0.046765299646054664,0.004981271833197793
1782671645.0436878,0.047491436194703335,0.005055376073624311
1782671675.6481252,0.04682543880516408,0.004983719126811556
1782671736.2300217,0.04714912127411934,0.005030832405506006
1782671766.827395,0.047781333597745314,0.005066457655297015
1782671827.4438846,0.04720171744918692,0.005045111772995524
1782671888.0716298,0.047189012936025246,0.005034277193744565
1782671918.6412067,0.04559691732526243,0.004850970241643201
1782671979.3041804,0.04662896053227798,0.004968216781370488
1782672009.8829515,0.046189690573826804,0.004907923048819533
1782672070.4738872,0.04658471285878868,0.0049760685253940435
1782672101.3777559,0.04732107615949625,0.005046804637705813
1782672162.3379676,0.045507072234337996,0.004871809049787491
1782672193.270555,0.046801180035084176,0.004983752218267137
1782672254.2867806,0.0462622028199215,0.004931996855620984
1782672315.092282,0.04676161954183367,0.004988955644190729
1782672345.9535217,0.046825093486075206,0.004984945319543543
1782672406.9384582,0.04731651368468202,0.0050672123854044885
1782672437.6202927,0.046369854589381046,0.004919979332858505
1782672498.3602614,0.045765542266137695,0.004866197603453218
1782672559.1167388,0.047671580694028985,0.005072292920409501
1782672589.860425,0.04612643409695464,0.004891207859195258
1782672650.5590777,0.046343053754421965,0.004933144776708209
1782672711.1833928,0.047550333786823724,0.0050598668956479565
1782672741.8476434,0.047231715962980314,0.0050097827920986705
1782672802.6075428,0.04622229316840333,0.004919894698706399
1782672833.2711933,0.046955375604941785,0.004999074427611422
1782672893.9256697,0.04706199556884197,0.005004158076145687
1782672924.6287074,0.04776565799886014,0.0050744804312703095
1782672985.2923725,0.0487462047043321,0.005177769783595224
1782673015.9403882,0.04838418195919773,0.005152775935898209
1782673076.6238685,0.04828122957668131,0.005147792923361492
1782673137.2481098,0.04796482324740683,0.005100604421267912
1782673167.9482515,0.04644621892907705,0.004921480411970788
1782673228.524965,0.04633625165557808,0.0049332841483814595
1782673259.1995063,0.047138571345159565,0.005017269610376817
1782673320.1492524,0.04785620299981653,0.005090379177068155
1782673381.13283,0.04715660953623075,0.005021450429679011
1782673412.0931444,0.0474500644328656,0.005066459830336979
1782673473.0476973,0.047634026643046876,0.005057953189695416
1782673504.0423777,0.04581633933677975,0.004878518447428959
1782673564.9031928,0.047670825390334966,0.005071686557434897
1782673595.6359003,0.04657691631604881,0.004949614947803561
1782673656.375813,0.04674593317185997,0.0049645160804253395
1782673687.0033116,0.04734988944089717,0.00501226668021182
1782673747.7731888,0.047493549721658736,0.005042608535846844
1782673808.4839811,0.04772165124506622,0.00508641061301766
1782673839.1473367,0.04615991920575695,0.004912889640781545
1782673899.7750366,0.04606411124707177,0.004899028597741221
1782673960.3592901,0.04682627287500994,0.004978691392763581
1782673990.956365,0.04886902667418446,0.005197502343120241
1782674021.5167189,0.046845073141809586,0.004975828880189905
1782674052.115461,0.04694627927854386,0.004984530458525146
1782674082.7047954,0.045925383922663765,0.004892310997264496
1782674143.2882442,0.04609519222574896,0.004903710032693133
1782674173.874004,0.04751936512511498,0.005050070568976286
1782674234.4359753,0.04560059226050301,0.004840675362537189
1782674265.1115866,0.047393644186121395,0.00503192697237968
1782674325.734668,0.046395405546641774,0.004920691846375756
1782674356.2826338,0.04776187590233927,0.005081752687052534
1782674386.8433838,0.04770899037517793,0.005076363110855872
1782674417.4774923,0.04807975568979075,0.005153931079024393
1782674478.15065,0.04771804244380518,0.005094318291601045
1782674509.12106,0.047562298494260385,0.005066421461185168
1782674570.1093514,0.04648281982600332,0.004939739224389335
1782674601.0266275,0.04842725725669026,0.005165265163539365
1782674662.0597184,0.04743923619908048,0.005051685618277893
1782674693.0175605,0.04576774936323083,0.004850530675054239
1782674753.8303626,0.04600896030611998,0.004891287013611259
1782674784.4996068,0.047103708142988504,0.005006706952671921
1782674845.2042494,0.0475287524150997,0.005068334834647298
1782674875.9512777,0.048751801281645274,0.005178089097511807
1782674936.6333046,0.048499272684466146,0.005174192905373662
1782674997.227277,0.046564879165653515,0.004964917957290492
1782675027.879818,0.047640838179265635,0.005066874862632729
1782675088.4864182,0.048131791604619924,0.0051360623372617535
1782675119.0872886,0.04733719606144808,0.005020583469409866
1782675179.7122908,0.047251549657654546,0.005014603474808982
1782675210.3512092,0.0485166012598298,0.005165104219386426
1782675270.9608617,0.04731717051516398,0.005052605767506978
1782675301.5807612,0.04724369513464814,0.005023085384592366
1782675362.1441953,0.04615784790170874,0.004912174597691325
1782675392.715873,0.0465157381928098,0.00495148847949183
1782675423.3594334,0.04643222724635798,0.004944941203120798
1782675453.982917,0.04678313287128685,0.005003870762665334
1782675514.5803356,0.047088968361125506,0.004999193858835221
1782675545.1501627,0.04713552662139179,0.005012415767345162
1782675605.7848265,0.04618783820150443,0.004922839093025715
1782675636.4993486,0.04722532686244044,0.005034306820044158
1782675697.5331123,0.04752058066496467,0.00506481079937271
1782675758.5315468,0.04734130959298963,0.005032917406459781
1782675789.564471,0.047481520597958266,0.005057603049392395
1782675850.6190357,0.04699102169085513,0.00500902584939224
1782675881.5391407,0.04667090855208383,0.004973174277867855
1782675942.3821445,0.04900531161436763,0.005220697969336428
1782675973.0935562,0.046145917707573515,0.004920712685620645
1782676033.888321,0.04778590446591763,0.0050986365469484545
1782676064.5946107,0.047778227045558556,0.005093214980190475
1782676125.3096094,0.04735804474518381,0.005063046310500261
1782676155.9736447,0.04634315522340974,0.00492344049827393
1782676216.603301,0.04616291653042462,0.00492073929285084
1782676277.15647,0.04787163706230251,0.005099246470862512
1782676307.7246969,0.047028631784499536,0.004989001106715303
1782676368.3408413,0.047391181127653746,0.005061011626709998
1782676398.9365659,0.04600716205459389,0.004896408540297233
1782676459.5749996,0.04592846386570505,0.0048862830379380676
1782676490.2533078,0.047413922351093124,0.00504992445107422
1782676550.88876,0.047713253211451354,0.005081532257499177
1782676611.5144136,0.046842418061392714,0.0049817781339771255
1782676642.1022053,0.046895609195661644,0.00498892671857585
1782676702.674069,0.04787288495801005,0.005099372196109135
1782676733.3010237,0.04761192058349892,0.005046137850746797
1782676793.9165928,0.047490989238368315,0.00504967615683863
1782676854.4923594,0.047025204691080395,0.004991911675237981
1782676885.137589,0.04806260047152157,0.0051351483347323685
1782676945.839767,0.04545853199596234,0.004841354393452662
1782676976.941883,0.047400434146808744,0.005070720550407741
1782677037.9054968,0.04785053162082296,0.005094169855460804
1782677068.8590777,0.047585251452841856,0.005073770007910561
1782677129.8493443,0.047420237029581834,0.005054201334730823
1782677160.5534456,0.047930266854200494,0.005092083643840725
1782677221.424939,0.04640552082732277,0.00493344485405361
1782677282.1302924,0.0470448667800368,0.005021510893875655
1782677312.8645837,0.04494383784161504,0.004783879527413321
1782677373.556812,0.04531754277062133,0.004816680741387481
1782677404.23922,0.048356274905377354,0.005138617687709006
1782677464.826977,0.04783399221585507,0.005091750447314344
1782677525.4081583,0.04735161476979177,0.0050443987007216156
1782677556.0446193,0.047120913307882754,0.005000724361723827
1782677616.6430278,0.04769941909457773,0.005084214498483067
1782677647.323894,0.04890052766324048,0.005229054986818754
1782677708.0096052,0.046329616805317546,0.004936181766438524
1782677768.5727491,0.04766577255731629,0.005065215969312991
1782677799.2282157,0.04767125012585599,0.005062045023384526
1782677859.8560412,0.04819252163248977,0.005126713635240452
1782677890.565466,0.04631726400937216,0.004939308544827786
1782677951.2165086,0.04690902842792881,0.004985831973426335
1782678011.8729498,0.04764187439602921,0.005077635417776279
1782678042.521849,0.04739133354203949,0.005042958288613497
1782678103.133408,0.04713458685678746,0.00499895724482769
1782678133.7205272,0.04713024785554886,0.004984666316269271
1782678194.3447402,0.04718191529958367,0.004991894500272193
1782678255.2981036,0.04767832043741551,0.005077751800860837
1782678286.326999,0.048927634715953024,0.005214318629882706
1782678347.3347356,0.0472044396422206,0.005020534095164101
1782678378.3226573,0.04616386794356028,0.004928493766988012
1782678439.3735082,0.04652511202378499,0.0049586471243436795
1782678500.1063912,0.048245367211593615,0.005141814835016154
1782678531.134195,0.046898354108706145,0.00502049519234488
1782678591.937877,0.04820082561393509,0.005137763243776184
1782678652.5603716,0.04693397909971547,0.004987271631501508
1782678683.1713066,0.047158883179141825,0.005053694704604151
1782678743.7987425,0.047194747865720844,0.00501079756534229
1782678774.4634998,0.04647801262077905,0.004946587132818607
1782678835.097747,0.049059640987295254,0.005208795332952832
1782678865.7782116,0.04733619654060288,0.00503974886162536
1782678926.4259536,0.04727378511680969,0.00503402249549329
1782678987.0417123,0.04620727817141962,0.004906170112593074
1782679017.679722,0.046807578140476626,0.005002249205234728
1782679078.3108757,0.04705201901511907,0.005013906745732031
1782679108.976865,0.04617651088738074,0.00492733081056005
1782679169.6160314,0.04625973723853737,0.004905863222515408
1782679200.2047849,0.046977766283770456,0.005000227469575384
1782679260.8077734,0.04927293601324572,0.005254735190071836
1782679321.3719764,0.047630975435818894,0.005070854469967298
1782679351.945372,0.046883186628008215,0.004995416664992639
1782679412.4846997,0.049246583438625945,0.005250654251882213
1782679443.114427,0.04664413509298194,0.004973343196606195
1782679504.0732627,0.04659853790760072,0.00496889272040471
1782679535.1235597,0.04619722968313635,0.00492265723716969
1782679566.0991182,0.04620512073766056,0.004921462450046059
1782679597.236119,0.04646770437444253,0.0049501866687725014
1782679658.2221947,0.04739469463310798,0.0050874580534428105
1782679688.9454157,0.047633688753439624,0.005083770097289556
1782679749.6662703,0.04750548023666552,0.005032792937173043
1782679780.4770591,0.04521797145172808,0.004837958442875042
1782679841.1820982,0.04734939954439477,0.005060614518522134
1782679871.942134,0.048693364076813066,0.005195446896671002
1782679932.6225908,0.04892507003172379,0.005209004845859436
1782679963.281472,0.04615304698886274,0.004879749401459107
1782680023.9770606,0.0474609610684134,0.00503912101769288
1782680054.6727905,0.04750140661405204,0.005098424574000592
1782680115.3100495,0.04684896315596407,0.005000826262211757
1782680175.9221787,0.04699520231247348,0.005027382152376778
1782680206.553836,0.0476494162379073,0.005079889745856433
1782680267.166531,0.04942379234096218,0.005246251693899424
1782680297.9003859,0.046973520749297996,0.0050018488405473675
1782680358.5717854,0.04655914624575224,0.004944942354090797
1782680389.2529597,0.047883605614470276,0.005101517120888404
1782680449.8340657,0.04722405380104879,0.005046038810461338
1782680510.4214697,0.04761578196915096,0.005058386995146835
1782680541.1706648,0.0481132806087822,0.005109091355464152
1782680601.8778417,0.047083497354458666,0.005022809603003429
1782680632.933978,0.047847186216181385,0.005076460292873561
1782680694.0270033,0.046628119665075345,0.004968642695715694
1782680755.0575383,0.0467329515495677,0.004981423106585697
1782680786.0558786,0.047569254160437086,0.005080167441721904
1782680846.8771148,0.04742701938313005,0.005016179875279888
1782680877.7726917,0.04629799814242056,0.004950584934525323
1782680938.5930955,0.04637105184103914,0.004935385476985576
1782680969.3284557,0.047387234218841036,0.005035301941921999
1782681029.9731793,0.04847445633636808,0.005142357396862152
1782681060.6531727,0.04752337589880157,0.005059478751767291
1782681121.3011608,0.04627306464837307,0.004932613739163287
1782681151.979625,0.04794973722293949,0.005063439409434826
1782681182.6163368,0.04791991663088305,0.00506064263618277
1782681213.3048966,0.04719773863830188,0.0050095319345115664
1782681273.9049308,0.04749075969679436,0.005053259434995256
1782681304.530541,0.047592632242450694,0.005044858670236416
1782681365.150067,0.04775838865844178,0.005093334193160718
1782681425.7150147,0.046640067094029694,0.004989214193877382
1782681456.320895,0.047969603167771956,0.005117410646982825
1782681516.8936868,0.047721226483821495,0.005094881849977709
1782681547.5119538,0.04791165806036081,0.005101908820551815
1782681608.1561153,0.04655575975079697,0.004945697648518498
1782681638.793629,0.04726690169911749,0.0050265421021808785
1782681699.4357884,0.04621497674637761,0.0049285960779998075
1782681760.1454518,0.04730518532105245,0.005048445719728454
1782681791.2282245,0.04857286830358584,0.00515306865880797
1782681852.3147845,0.046693719595506986,0.004968208354695441
1782681883.3094237,0.046496269862498614,0.0049504540876679
1782681944.2962253,0.047143865132351075,0.005026922462862666
1782682005.0520654,0.04615706413288801,0.004914936292949437
1782682036.1272504,0.047739389367286264,0.0050913885716906155
1782682096.777222,0.04678503414511501,0.004993374218727486
1782682127.5384784,0.04690202637481146,0.00500833772102542
1782682188.2873302,0.04721863313588424,0.005031171657206326
1782682218.919994,0.04815056301084895,0.00511866914814474
1782682249.4959195,0.048151378471648104,0.00511755177824997
1782682280.0607748,0.046426540460588625,0.004958005576046032
1782682310.7069042,0.04639611230414629,0.004946031423681951
1782682371.431122,0.04633898509268515,0.004934969640478483
1782682432.0743566,0.047020721973079646,0.00499039687574305
1782682462.751718,0.04649505488211388,0.004948124190200047
1782682523.3753712,0.046575143278657596,0.004991805804724302
1782682554.0415578,0.04740598906334625,0.005057555227412342
1782682614.6745389,0.04717969750219705,0.00499978046691412
1782682645.3945463,0.046597196251252124,0.004957766376141851
1782682706.0343518,0.04694284789872145,0.005000985148149531
1782682766.6422303,0.04759705253861028,0.005055465616074366
1782682797.3139126,0.046490946642213836,0.004954499424507235
1782682857.935216,0.04833317865706084,0.00513759341171145
1782682888.6518815,0.047531144255726444,0.0050481287148397575
1782682949.6635227,0.04595674159562946,0.0048946317818389555
1782682980.7121892,0.04763026022817683,0.005077824769894862
1782683041.7132962,0.0459660205302269,0.004892334612528975
1782683072.732019,0.04699780035975982,0.0049954159450621444
1782683133.623395,0.0491371385486908,0.005214595666455687
1782683164.4887443,0.04559186875138479,0.004867419668778054
1782683225.1477542,0.047077204771260456,0.005000428101718501
1782683285.782032,0.04653956376093264,0.004961246872532576
1782683316.5847895,0.04625870920313301,0.00491992972906616
1782683377.3732505,0.04790647375563434,0.005087489144529488
1782683408.1136074,0.04803609697768154,0.005118620356314746
1782683468.7542365,0.04723390349705415,0.0050300356196083095
1782683499.3537245,0.04609285258527124,0.004904105993508412
1782683559.967003,0.04733752285516602,0.005041678079567208
1782683620.5628195,0.04849287670227847,0.005161201964057783
1782683651.2283213,0.046884809467547035,0.004996245021377673
1782683711.8764715,0.04718263366584514,0.005032237963445568
1782683742.587868,0.04730448555583001,0.005046043063884876
1782683803.0608828,0.046573834431585075,0.004979711032158192
1782683833.5114317,0.04581145087987276,0.004902996117806039
1782683893.9425547,0.04677485145063423,0.004976651201237369
1782683924.37259,0.04577343951175088,0.004885764315010266
1782683984.7768366,0.047400261298018144,0.005049670909939199
1782684045.1973083,0.045991974354394935,0.004882309430320027
1782684075.608703,0.04713117596803018,0.005006420788943061
1782684135.977517,0.04707296955450132,0.004996910638812889
1782684166.3921824,0.04667145485775062,0.004965518962216546
1782684226.7882643,0.04723272026138064,0.005022551156768699
1782684287.1868098,0.04636442509175791,0.004936432781455389
1782684317.6712277,0.0455707378906325,0.004813892505469736
1782684378.332173,0.047536111348135804,0.005081228108384886
1782684409.091932,0.04671448302167852,0.0049937351642891205
1782684469.81632,0.047631308847489395,0.005078207703431288
1782684530.5120761,0.04730065924566935,0.005021248853723453
1782684561.1636796,0.04696769330742528,0.004984405600523409
1782684621.6631498,0.04693688920119704,0.005001693792083135
1782684652.180045,0.0479011873638677,0.005128891973684453
1782684712.588232,0.0481164841886053,0.005097154398312561
1782684743.0852718,0.04593385429529503,0.004891266626007343
1782684803.5040863,0.046105817880613506,0.004917270226988421
1782684863.8792138,0.04666152934958786,0.004965757316056064
1782684894.3563228,0.047651940956276576,0.005076639891346653
1782684954.7850883,0.046471434882957116,0.0049463302855774815
1782684985.2403462,0.04902141784782679,0.005223290316463476
1782685045.6631634,0.047750710085148626,0.005079514358007399
1782685076.1110232,0.04599193544990391,0.004902782686080126
1782685136.5151386,0.04679682842950681,0.004957530327632568
1782685196.9058547,0.04736683998675982,0.005032854777172719
1782685227.315784,0.04779989131574398,0.005121734155331425
1782685287.7285774,0.04775429754244005,0.005077136029525528
1782685318.1323478,0.04635909416684736,0.004949147744398473
1782685378.5702307,0.04923626604207673,0.005232386716590974
1782685408.9709222,0.046146847613061426,0.004894338716575648
1782685469.3788397,0.0474074465507296,0.00506677356197435
1782685499.8288045,0.04684787013864082,0.005001585954399056
1782685560.2466123,0.047092047184082816,0.005000586852854259
1782685590.6931674,0.04635764604352366,0.004911380724835133
1782685651.092593,0.04656276045424592,0.004963890353551974
1782685711.5046325,0.04772520602733052,0.005087038669482547
1782685741.8723965,0.046304995451069766,0.004915161417838367
1782685802.2951782,0.047325330555165745,0.005039303967320487
1782685832.6763554,0.047454101638414924,0.005052612534738656
1782685893.0820858,0.04689184524548336,0.004990198811840507
1782685923.494806,0.0480831366839911,0.005109134988378124
1782685983.8635876,0.04761287063009994,0.005058845013053116
1782686044.2632792,0.04602248763936916,0.004906006216070911
1782686074.6778355,0.04672320213366887,0.0049754640517408995
1782686135.069224,0.04803402889831119,0.005121690939809294
1782686195.475303,0.04768708257909252,0.005079704177593518
1782686226.2330992,0.047600159394651606,0.005082184003381399
1782686257.0036283,0.04780228508914912,0.005079109714442056
1782686287.6872385,0.04774829432038945,0.0050739766216658004
1782686318.4145367,0.046375568305794077,0.004953071749559444
1782686379.010841,0.04776463158681859,0.005089530804212865
1782686409.5929222,0.04687138038243135,0.004986868722792588
1782686470.0374265,0.04630212577871501,0.004910135975503656
1782686530.470923,0.04799966935648836,0.005119673672887573
1782686560.9205878,0.04696992613545148,0.005014511773707175
1782686621.4398286,0.04720146239614907,0.005025448285055141
1782686651.90856,0.04726532641250486,0.005027933030923351
1782686712.352763,0.047208521077913665,0.005047486964188873
1782686772.7412083,0.04690359092705626,0.005003751034949773
1782686803.112826,0.047259432361126154,0.005023462442683292
1782686863.4846969,0.047458621953427794,0.005044561534214636
1782686923.8599024,0.046384068441452604,0.0049380819667049075
1782686954.2641127,0.04669960690564475,0.004955908116283803
1782687014.6725876,0.04761296791649828,0.005081735203675055
1782687075.0992413,0.04696529832265624,0.005024622247038505
1782687105.5041325,0.047142751963203194,0.005033650834739269
1782687165.8884728,0.04567121559899025,0.004870208641114794
1782687196.3437452,0.04505412144099045,0.004798678646891206
1782687256.7529953,0.046398108240307594,0.004943158823101736
1782687317.1776268,0.04694227723326523,0.004987742643841471
1782687347.63656,0.046881335021413714,0.005000475015332911
1782687408.0063205,0.04666088343952812,0.004978625954349695
1782687438.374082,0.04716399808251524,0.0050182772722944585
1782687498.7974625,0.046346463696190256,0.004931602562530888
1782687559.204678,0.04669442444067218,0.004967199999992105
1782687589.6181455,0.04780467194188246,0.0050933824245493415
1782687650.0285578,0.0463566379761346,0.004927060888024443
1782687680.4249222,0.046778319638832076,0.004964853359488528
1782687740.8376956,0.048160785856801835,0.0051031669245032215
1782687771.232011,0.0480413987837875,0.005118131104563966
1782687831.6589596,0.04720000597219498,0.005025349704138544
1782687862.0615418,0.0467964016360157,0.004991862354030397
1782687922.4839907,0.04832013024796006,0.005141383553248869
1782687982.8843555,0.047003327771229994,0.0049978099958923
1782688013.406631,0.04750554278741853,0.005073774194933351
1782688074.1911633,0.04622036492590351,0.004930743546265412
1782688134.8671052,0.047735309288781586,0.005066685418123217
1782688165.5469258,0.04647610127255838,0.004939214049258455
1782688226.2639906,0.04608788886842514,0.004900089563005086
1782688257.0075028,0.0473845572783198,0.005062755515771662
1782688317.5779333,0.048061711280528746,0.005127742937941249
1782688348.0903616,0.047542483284295445,0.005063451487985022
1782688408.6343124,0.04622196151699347,0.0049007832394691595
1782688439.1708102,0.04569035021655345,0.004849080512910936
1782688499.6228974,0.048474721271037836,0.005162796373440465
1782688530.0646467,0.04640006657266234,0.0049297853890466455
1782688590.492016,0.04710647607282897,0.0050040594287962935
1782688620.8566117,0.046920260326921134,0.005009620880392481
1782688681.2713842,0.046630276118843066,0.004960030569985574
1782688711.6846726,0.04725721290694048,0.005031978880975638
1782688772.1205306,0.0473433180405304,0.005064503095018397
1782688832.510168,0.047800314969708116,0.005076019630442822
1782688862.943692,0.04756523224183921,0.0050417521590306906
1782688923.3816824,0.04784242694276859,0.005076209227347863
1782688953.8238707,0.046096873840031034,0.004917316343074287
1782689014.2610352,0.04729820252721516,0.005030462912809924
1782689074.6765814,0.04634773673464289,0.004926032413272048
1782689105.0585034,0.0479664077898053,0.005096172224399662
1782689165.4654307,0.046541199349250585,0.004960046813621501
1782689195.9189303,0.04721771450434259,0.0050509787908667265
1782689256.3243468,0.04749043533649975,0.005054255372480352
1782689286.7701864,0.04827232581156418,0.0051214184638233755
1782689347.2037594,0.04671485119076966,0.004953886479786325
1782689377.6755304,0.04858697831265731,0.00517242051679357
1782689438.112481,0.048508498163807215,0.005156151903787596
1782689498.5100648,0.048102504463093755,0.005101001847956545
1782689528.880651,0.04627798694250671,0.004913549294842124
1782689589.245236,0.047083726168596574,0.005017056625374965
1782689619.6616876,0.045628045393006085,0.00485431292069814
1782689680.0697582,0.04666973242501541,0.00496421263200881
1782689740.474905,0.04733192016511499,0.005030681543056288
1782689770.8801367,0.04594233269162496,0.0048853175816195435
1782689831.479084,0.04725421993904672,0.0050581963353602735
1782689862.1857374,0.047561208727230485,0.005078482572326604
1782689922.9341614,0.046721673077531514,0.004976537045255062
1782689953.669433,0.04604938546974948,0.004894775964326356
1782690014.2354827,0.04647158415100419,0.00494624699317007
1782690044.7252746,0.04878418062302638,0.005216678675980443
1782690105.2183418,0.04631151109891338,0.0049417152743573296
1782690165.6427505,0.04706633042329699,0.005018116785949923
1782690196.1265874,0.04682064152691982,0.004963223562291131
1782690256.5759895,0.046250478358257185,0.004920003080310899
1782690287.0821707,0.04857442795012753,0.005163886041993693
1782690347.56094,0.047376905679812294,0.00504247719065802
1782690377.9780605,0.04752298119831109,0.005079669237374968
1782690438.3749022,0.046727732370044336,0.004972892483588816
1782690498.7884047,0.04721125329384741,0.005006623361473104
1782690529.2656138,0.0465540238535759,0.0049473252896296395
1782690589.7056146,0.04720862796128255,0.005030917075834802
1782690650.1294212,0.048209170737904206,0.005140131370167742
1782690680.5901368,0.0475318061006315,0.005044244031069322
1782690741.0191946,0.04607818073477209,0.004905943125502018
1782690771.4356918,0.04712592357354075,0.005025230873624558
1782690831.8664823,0.047815697619546134,0.005088104957315331
1782690862.319065,0.045769220930210665,0.004877305916024652
1782690922.7137034,0.04674925284003096,0.0049747435378999965
1782690953.174811,0.047127943386268994,0.005030395890861107
1782691013.5712054,0.04655832795614773,0.004952137940628253
1782691044.005114,0.04774728193777792,0.005073736992567629
1782691104.4017835,0.04710162924331631,0.005005762937471209
1782691164.7864041,0.046721954210699905,0.0050048985861282395
1782691195.1850026,0.047027453195285465,0.005006505979267309
1782691255.606508,0.04745412019126573,0.005039713582599243
1782691286.0162477,0.046291731911313194,0.004924051941954982
1782691346.3894026,0.047357775015393434,0.005038374018094518
1782691376.7873857,0.0454026574500576,0.004829174061914354
1782691437.2126327,0.04757920693113048,0.005067205435561446
1782691467.6140203,0.04613574705058196,0.004917223748879871
1782691528.0377421,0.047632535718066006,0.0050806351205104645
1782691588.442844,0.04988031847000132,0.00532546269614554
1782691618.8863552,0.047248138677007494,0.005030396540007483
1782691679.5379062,0.04715035340871051,0.005022216142408714
1782691710.296567,0.046909040555929093,0.004983372073484291
1782691771.036003,0.04663245981326691,0.004946568407384843
1782691801.7529204,0.04702134106371101,0.004985134490882871
1782691862.5190377,0.04729897941068124,0.005054362397213497
1782691893.0310616,0.04802915460799064,0.005120573154596451
1782691953.4902604,0.04671384425078208,0.004969769474275057
1782692013.8970222,0.04563477691426701,0.004842008660744894
1782692044.3932283,0.04611658418208397,0.004884621524248683
1782692104.8205018,0.04713091152198104,0.00502142655821142
1782692135.2543318,0.04730460193433939,0.005036599940727466
1782692195.7435474,0.04762380384397489,0.005071363377477029
1782692256.1227286,0.04674297511615912,0.004972474252664381
1782692286.621101,0.04746417545425384,0.005051002107445742
1782692347.0664582,0.04821441623500517,0.005106783289124978
1782692407.5442731,0.04610219380405955,0.0049123274722192075
1782692438.0273402,0.047993570469899605,0.005096192759137256
1782692498.454704,0.04639535833637892,0.0049383652895260794
1782692528.8943994,0.04907032469427922,0.005202238630992842
1782692589.3079317,0.04566073996608401,0.004857041994967674
1782692649.7914968,0.04614835234799891,0.0049065856125771546
1782692680.2203622,0.046509642138478906,0.004951943502943878
1782692740.6379824,0.046661703137482656,0.004962978173307905
1782692771.131476,0.048103715357390615,0.0051333600707101
1782692831.5236402,0.04732782386394549,0.005039111544469352
1782692891.9104106,0.04518857627389825,0.00482262727089214
1782692922.326108,0.046975785547888525,0.00498611712747118
1782692982.7147124,0.04749026265076363,0.0050444440886778415
1782693013.1441538,0.04746204042419837,0.0050578400497744685
1782693073.553736,0.04844242002810386,0.005150701349703007
1782693133.9478772,0.04681709160996968,0.00498499684702644
1782693164.3054597,0.04628123765888475,0.004931934571740508
1782693224.722234,0.047608917187672635,0.005069164524960965
1782693255.1527388,0.04655288963338524,0.0049610009770487415
1782693315.5275152,0.048963526442486784,0.005216327829599915
1782693345.951067,0.0469036594633811,0.004994614203698017
1782693406.3662002,0.046212723988597555,0.0049318366362559015
1782693466.7933064,0.04726944872156245,0.005010963432338684
1782693497.403884,0.04727883638236385,0.0050479061507622885
1782693558.0805118,0.049200470204781965,0.005242638113912164
1782693588.7379591,0.047535040274143965,0.005078704395547118
1782693649.3821366,0.0470305386449604,0.005001914421042958
1782693710.1048956,0.04644353731859012,0.004951111820835931
1782693740.7963886,0.04602740058032993,0.004897851903676321
1782693801.3696716,0.04683361933621141,0.0049842811890341895
1782693831.8349462,0.047276874697745525,0.005024734024634546
1782693892.3756418,0.04693128040658692,0.004971295738097162
1782693952.8504057,0.04879435789378403,0.005184255642649111
1782693983.3216548,0.04713302658365389,0.0050229480519787765
1782694043.6997523,0.046627299025233326,0.004969417546318953
1782694104.117677,0.047122647377988436,0.005032788016348549
1782694134.5133097,0.047564737711825573,0.005063522954248591
1782694194.9106061,0.0464413295651953,0.0049504865599739245
1782694225.3578858,0.047631766332067754,0.005090843191323917
1782694285.7816796,0.04698477798109548,0.005001722400738932
1782694316.2416875,0.04747225762385364,0.005021416652802977
1782694376.6692107,0.04655640034205963,0.004941285427430183
1782694407.1073604,0.047092288460317794,0.005003490178154745
1782694467.553152,0.04617003112128496,0.0049224957478544865
1782694527.9831145,0.04781596268693417,0.005087567215671073
1782694558.411062,0.04739465651598716,0.005060959548816013
1782694618.822428,0.04652670254498762,0.004920518165908944
1782694679.2477145,0.048414436479084264,0.005159844387006611
1782694709.714821,0.04747427273321056,0.0050386782442756375
1782694770.1482358,0.04610442554443158,0.004908915734236985
1782694800.5990245,0.04549756501449334,0.004847225304851204
1782694861.045215,0.0473031323681888,0.005030030621269573
1782694921.4614224,0.047608448776061865,0.005070723130015669
1782694951.8489509,0.047459371804792365,0.0050260247867307374
1782695012.1853232,0.04716038817665863,0.005017630092304017
1782695042.5613115,0.047295761996754955,0.005024828121935683
1782695102.9688418,0.04527732247374587,0.004817406197907024
1782695133.327955,0.04668233974148721,0.004965861018731031
1782695193.7063494,0.047211894435422154,0.005046090273230406
1782695254.1208942,0.0477548816719166,0.005081066164762579
1782695284.4878025,0.047195483372338774,0.005016277883530634
1782695344.9187052,0.048300252039500176,0.005148355385269937
1782695375.6495492,0.047815987835868316,0.005092866921354866
1782695436.3873744,0.04786867398961762,0.005083522910070079
1782695497.0661614,0.04677079148056498,0.004988265907642621
1782695527.7263594,0.04507338432236226,0.004797194564123366
1782695588.3603053,0.046426715837767286,0.004949230578147838
1782695619.077782,0.04649454957242556,0.004940603703656559
1782695679.573569,0.04688041262081383,0.004968503578852651
1782695710.0099144,0.046629676323745824,0.004947533027196775
1782695770.4815626,0.04643168854463605,0.004928799885696342
1782695800.9470155,0.0467518020845373,0.004973994300919045
1782695861.3555126,0.04722549430465556,0.005037308048074891
1782695921.7474186,0.046868123717639744,0.004981171145891668
1782695952.1327136,0.04655616141326012,0.004957807014322072
1782696012.5816991,0.047394100192922776,0.005045008229075834
1782696043.0552056,0.04741429838281974,0.005053740430289608
1782696103.4793358,0.04548114654012106,0.004842460007833342
1782696133.9894047,0.04571142983552599,0.004870237111128698
1782696194.3818517,0.046059422226840355,0.004907485749777638
1782696224.8437223,0.04790016001019718,0.0050863853114047715
1782696285.266307,0.04635674037776648,0.004948089391882168
1782696345.6765633,0.044895978645261576,0.0047894753788425195
1782696376.074493,0.046058537175766634,0.004901888960825967
1782696436.514453,0.04720481996855296,0.0050427740076222005
1782696466.9317596,0.047392104533984895,0.005042486754987992
1782696527.4189348,0.04759788275188134,0.005093123392273729
1782696557.8716044,0.047049724825502945,0.004994269023769703
1782696618.3280873,0.04654299765960111,0.004979249812815542
1782696678.7181568,0.045829205898258125,0.004882781246451582
1782696709.1489937,0.04632256169781713,0.00494535744882344
1782696769.52702,0.046309330061786974,0.004947166149556952
1782696829.9303122,0.048189490608688844,0.005128070502488859
1782696860.3456357,0.04771575780553352,0.005090138355048503
1782696920.72518,0.04726044280497235,0.0050184928377127345
1782696951.154287,0.04658584469768809,0.004971291688301117
1782697011.5757608,0.047591628779718016,0.005070538362700898
1782697042.0556393,0.04721662344749691,0.005030280574808335
1782697102.4704854,0.04747897371426436,0.005061260283284927
1782697162.8894405,0.04825873330485872,0.005137740472334845
1782697193.5292919,0.04668363431142547,0.004968427426950955
1782697254.2495375,0.0471790305096264,0.005028137569367038
1782697314.925846,0.04641561390845504,0.004961610774811852
1782697345.6100433,0.04641642584946349,0.004928747030789664
1782697406.2190187,0.04646259051524496,0.004955927654997979
1782697436.9489882,0.047315658424306274,0.005042120104707524
1782697497.4667263,0.04731911403801389,0.005037058273149827
1782697527.9089088,0.0472770897614241,0.0050264968341434246
1782697588.3906343,0.00983063221465568,0.015339968732741502
1782697648.7888768,0.04760864473687756,0.005069610488400249
1782697679.2207015,0.046871834293235076,0.004998128270569971
1782697739.6747496,0.048073175512222614,0.0051180178021514875
1782697770.1182063,0.047963042974461675,0.005087479063581707
1782697830.581798,0.0461796181694469,0.0049163999181649
1782697861.0217133,0.048609866976532065,0.0051954656013851585
1782697921.4689686,0.045852504208093905,0.004874991928959678
1782697981.8794222,0.047983040605955034,0.005099292623147437
1782698012.3187861,0.04559012657840926,0.004866412610055425
1782698072.7106564,0.04774844502831976,0.005088660196469166
1782698103.098219,0.046327146042585386,0.004930013313417521
1782698163.491019,0.04671916428522215,0.00498253711536013
1782698193.91039,0.04738245563185723,0.005038755994431662
1782698254.3017895,0.047053603230770964,0.004999096130645429
1782698314.7007158,0.046524746056782314,0.00497647694656053
1782698345.1314173,0.04751856114068595,0.005065581666938629
1782698405.5207536,0.04775554255992432,0.005091123087212216
1782698435.9584632,0.047070135928779094,0.005014425776369864
1782698466.3888953,0.04719694269384131,0.005027149681818156
1782698496.8148654,0.04828286504829622,0.005129330094951495
1782698557.193471,0.04646070433836626,0.004955492509970198
1782698587.5576673,0.04697307002876055,0.004994998402575292
1782698647.9876688,0.04829031546256137,0.005141466192924513
1782698678.3771212,0.047452200084068426,0.005041630320078496
1782698738.7526352,0.04744656905935297,0.005064412862369393
1782698769.134312,0.048284763940313204,0.005142608876966844
1782698829.5019932,0.046567004558095405,0.004953970227989193
1782698889.891375,0.04767237815469635,0.005093163099269523
1782698920.29195,0.04697101214269354,0.0049824270893983075
1782698980.7243853,0.0468358308775047,0.0049801145191688675
1782699011.406654,0.04700176305074317,0.005039593434973317
1782699072.119549,0.046892058630991405,0.005023678859951148
1782699132.7891667,0.047840022337310585,0.005101334885292092
1782699163.4887617,0.04769889001342225,0.005073566636896966
1782699224.051562,0.04868971779720061,0.005153246725093181
1782699254.7123194,0.04579120332949405,0.004832775091567134
1782699315.2142572,0.046524218769038506,0.004933792746358658
1782699345.6373637,0.04652413249141702,0.004940084869333954
1782699406.0574174,0.048033881679689694,0.005089814280138054
1782699436.467767,0.04678100211018093,0.004973084433710746
1782699466.8566353,0.04678100211018093,0.004973084433710746
1782699497.2313638,0.04615550741538766,0.004896289413580513
1782699557.676645,0.04595613979608495,0.0048909416953792015
1782699588.1269307,0.048043757124137484,0.005091942321849802
1782699648.5794468,0.045952583947781914,0.004894638637477065
1782699708.9949343,0.04648985312895958,0.004926698076675533
1782699739.4290476,0.04619612870090193,0.004919184794775029
1782699799.8486805,0.046506634982366526,0.0049356314912330805
1782699830.2942781,0.04764834249381337,0.005076748814431764
1782699890.7590067,0.04721695314009247,0.005007296379246551
1782699921.1699777,0.04708692762421724,0.005024839727713582
1782699981.5619037,0.046523331799438704,0.004957172121786067
1782700011.969464,0.04652923509748808,0.004962219728511388
1782700072.4043632,0.04654924483446952,0.004980564920828938
1782700132.8029196,0.046640050366463105,0.0049712990365448715
1782700163.2241325,0.04707235117099146,0.005014051521053847
1782700223.676033,0.046154057669123394,0.0049194159349487026
1782700254.1316395,0.050608069373376446,0.005396947934631863
1782700314.522622,0.047916968245524987,0.005091149917374305
1782700344.991115,0.04874901192813967,0.00520544877620062
1782700405.3937857,0.04803833529169043,0.005116164269536041
1782700435.818019,0.04834180669491966,0.005144329573912069
1782700496.224997,0.04685466606397845,0.0049899354027470874
1782700556.6723695,0.046152440955866236,0.004902483955155388
1782700587.1045938,0.047627234644448305,0.005088891661563208
1782700647.4898283,0.04808480899730878,0.005110888626791548
1782700677.8759332,0.04689468108387928,0.005001965190527494
1782700738.2909036,0.04657834801666922,0.004957576273362043
1782700768.8237498,0.04545593752689914,0.004836449123977194
1782700829.5031292,0.04790103354999432,0.005104790409268637
1782700890.1517544,0.04720807650001976,0.005038269143908316
1782700920.847444,0.04785494683287846,0.005084672147882877
1782700981.577712,0.04690812483581059,0.004986786886397538
1782701012.3258455,0.04744995033221525,0.005022149383522017
1782701072.9478748,0.046168109579800866,0.004926218140717101
1782701133.4098263,0.04605846229293969,0.004896980688040645
1782701163.9343476,0.04656229940135735,0.004981088729098187
1782701224.4067504,0.047407745552414705,0.0050594693151871295
1782701254.8682754,0.04518895166889164,0.004795691614936411
1782701315.3569145,0.0463495184762396,0.004914957513129515
1782701345.7711473,0.04603683329314248,0.004901358695628667
1782701376.2179508,0.04588689364688635,0.004885498876821892
1782701406.6341906,0.04657654986703983,0.004952567075937804
1782701467.063602,0.047248315328976734,0.00502778253898297
1782701497.5081367,0.04661740264543493,0.004965857663460831
1782701557.9118364,0.047516377751093165,0.005074056339153289
1782701588.348087,0.04671455978069905,0.004972954447294194
1782701648.7708871,0.046381827477561394,0.0049291497454000245
1782701679.184543,0.04753069530259074,0.005062937867507481
1782701739.6180167,0.04702606281624103,0.0050265598003088555
1782701800.0069466,0.046802676853159725,0.004985825583207502
1782701830.4371703,0.0479211684279702,0.005097586427382868
1782701890.832636,0.04757865747792237,0.005040258917185002
1782701921.321217,0.047963452778495834,0.005117679927905288
1782701981.7099853,0.04585983271216074,0.004873315296716848
1782702042.1274424,0.04782645340151944,0.005094447704157149
1782702072.5721207,0.047157650753726334,0.00501600208711742
1782702132.98429,0.04778356726971305,0.00505638185443271
1782702193.3547537,0.0492359864009611,0.005267980864978582
1782702223.7740798,0.046195557425969064,0.004922029286211589
1782702284.1962745,0.045896901428943815,0.004885426952327765
1782702314.677151,0.045741394966181695,0.004848316518934464
1782702375.1121988,0.04698567185184715,0.005000788048625323
1782702435.5022147,0.047314954644244116,0.005058582289669412
1782702465.9426124,0.04762140961605601,0.00506069304583513
1782702526.3320503,0.04640591205107457,0.004940882183263123
1782702586.8578556,0.04714833267659513,0.005022154802719185
1782702617.5263145,0.04721963945526996,0.005034730381238534
1782702678.2180035,0.04757170217395948,0.005074540993047886
1782702709.0109746,0.04682847929860349,0.00499936628616661
1782702769.6248364,0.04736078077735617,0.005040427771442925
1782702800.3483562,0.04598921335813533,0.004903935701795236
1782702860.8524003,0.04678034510278713,0.004992209351092626
1782702891.3096895,0.0477147004563458,0.005099116895353283
1782702951.7475271,0.04747751852761345,0.00503100175249476
1782703012.1960616,0.04651827343253939,0.0049373689808589125
1782703042.6006017,0.04803138668467313,0.005129307353610962
1782703103.0071154,0.048116234949522434,0.005125811438170603
1782703133.4864912,0.04823909250132776,0.005130194052163009
1782703193.924781,0.045562995629064754,0.004851350017028342
1782703254.3560545,0.04601117859642245,0.004919952638595894
1782703284.7829998,0.047507977918970525,0.005044445167708868
1782703345.1947136,0.047350511779304987,0.005060153172798462
1782703405.6108956,0.04730858528533108,0.005028043194619858
1782703436.029859,0.048064756101323054,0.0051211204440920685
1782703496.4879148,0.04719806528362423,0.005036921536642797
1782703526.9403603,0.04534212441794802,0.004824507851527465
1782703587.405926,0.04739143886712775,0.005032739994227558
1782703647.800399,0.047555002765344134,0.005044979064930033
1782703678.2475765,0.04779604967596207,0.0051219578165436685
1782703738.6846955,0.04705495745529638,0.0050070696404464436
1782703769.0827186,0.04802342801804769,0.005117118247310829
1782703829.5302868,0.04648012475899172,0.0049477525280254234
1782703859.9779584,0.04697749315031855,0.004984512187471265
1782703920.381258,0.046868020570705646,0.004988800586954617
1782703950.8320494,0.04644745526519548,0.004951390912986384
1782704011.2682643,0.04672413248435582,0.0049626507929485045
1782704041.6785195,0.04725252700558116,0.005027633839032097
1782704072.0861387,0.04736384038816015,0.005040072320139724
1782704102.5103116,0.046390549524681274,0.004938582647498614
1782704162.922,0.046268823678467505,0.004920556695363086
1782704193.3304114,0.04702876429518854,0.005009955200390973
1782704253.7501097,0.0465547561469088,0.004943859204116591
1782704314.175623,0.04796280212975481,0.005104064226340816
1782704344.770056,0.04759141777324178,0.005063459815500597
1782704405.4400337,0.04760056184367405,0.00510394074995537
1782704436.1224008,0.04686899096018918,0.004968973917138994
1782704496.777469,0.04673091788761384,0.004966537317717056
1782704527.4544878,0.046622025629374016,0.004957870677625013
1782704587.9672117,0.04729960825103311,0.005050570829418063
1782704618.5933745,0.04690233626905211,0.004997302526728306
1782704679.1189604,0.047243334138346,0.005013823869000818
1782704709.5636346,0.04741258925686861,0.005048317176125247
1782704770.0264122,0.04720820608495104,0.00502429968836007
1782704830.4485216,0.04709325782475895,0.005000638623817877
1782704860.851264,0.047250390861399795,0.005042037657043365
1782704921.240189,0.04675648958296705,0.004976900462266719
1782704951.631294,0.04834926884969427,0.005144575813543157
1782705012.0425706,0.04591657748167467,0.004881441471255986
1782705042.4772384,0.04742162906145728,0.005031848489174389
1782705102.9069898,0.047169252236776774,0.005038726378599237
1782705163.3184655,0.045938928594482516,0.004909139171907791
1782705193.8016896,0.04742438265064532,0.005045741628382597
1782705254.2720356,0.04723387682905022,0.005048382222461882
1782705284.6944108,0.04797222843120509,0.005114997717465627
1782705345.1012945,0.04732748584386442,0.00507433852819458
1782705405.4946566,0.04621805484748827,0.004908240011793547
1782705435.85626,0.04701126604937589,0.005006367986060061
1782705496.2416472,0.04821915671719445,0.005145833816518737
1782705526.6715472,0.047521469218419904,0.005086302622615378
1782705557.089292,0.04840073968020887,0.0051688081500109685
1782705587.4793203,0.04797825268964573,0.005110840611588025
1782705647.893275,0.04706037345648009,0.005013219907984098
1782705678.318416,0.048833889929377705,0.005220836416601624
1782705738.7551565,0.046953489767429066,0.004990000252541452
1782705769.1215088,0.04656961733166325,0.004967832466599599
1782705829.4861858,0.048449338559436825,0.005160645823250635
1782705889.851198,0.047159911507983425,0.005022058154341489
1782705920.2476544,0.04695465690216791,0.005028444239380031
1782705980.6274712,0.04829350515805539,0.005133160551696088
1782706011.0448797,0.04656204271850253,0.004915832540924913
1782706071.4737124,0.0463612553601325,0.0049324029583643
1782706131.8690934,0.04711565233869563,0.005037775080168059
1782706162.2529016,0.04760861580881395,0.005103686631443343
1782706222.652401,0.049533440741209384,0.00528346456535211
1782706283.1275344,0.04687294900592099,0.00498651560493336
1782706313.8369799,0.048227861075230104,0.005137242036063692
1782706374.5258987,0.04604481095080539,0.004909395998221251
1782706405.2091439,0.04747486296466972,0.0050579924871750415
1782706465.8730721,0.04750621690527955,0.005062143543909778
1782706496.595002,0.04608394425887489,0.004925929225485796
1782706557.1273887,0.045650967789593114,0.004851448939073475
1782706587.5622485,0.046601894713042394,0.004978768567439257
1782706648.0885656,0.04715240894314779,0.005025402821277695
1782706708.529507,0.04803156737097948,0.005108278781992458
1782706739.0184383,0.04812277195646869,0.00513037797827013
1782706799.4519324,0.049187957541961966,0.005252384627079981
1782706829.8929186,0.04781147452666538,0.0050638158669667
1782706860.3003259,0.04710921449478111,0.005006750485128242
1782706890.7175288,0.04762054232077354,0.005064518246121623
1782706921.1191137,0.04696707369894419,0.004991297178631682
1782706981.542531,0.04661247960570696,0.00498002632745285
1782707011.9962187,0.04571245280292871,0.004861003804656934
1782707072.4198806,0.04971972370386965,0.005302430159689556
1782707102.823605,0.04761860130140769,0.00506883492979984
1782707163.2707865,0.047730100400971136,0.005084219538248732
1782707193.6759741,0.04698080292867413,0.005011847337134699
1782707224.1115267,0.04722338006287384,0.005039563959568609
1782707254.5246477,0.046208731039872206,0.0049352488879534995
1782707314.943383,0.04733338120620058,0.005050031505881969
1782707345.351723,0.048574039493112224,0.005188960937097667
1782707405.7516847,0.009822637901180478,0.015262530075533694
1782707436.1885977,0.046725023462939684,0.004987624977576793
1782707496.6212118,0.047113811821533055,0.005021672696648371
1782707527.0604942,0.04772174112442027,0.005093112458128876
1782707587.4477208,0.047828157168553764,0.0051274792682438905
1782707647.800643,0.0467459450137733,0.004967247567784125
1782707678.2050407,0.047136137729004074,0.005011992313841612
1782707738.6670587,0.04556399494493395,0.0048419694299527295
1782707769.0841053,0.048921797073396264,0.005243584882338079
1782707829.500344,0.046322868073437364,0.004916440080082343
1782707889.9236662,0.047124551108355665,0.005004791627641255
1782707920.3418875,0.046594952445901026,0.0049695968202578345
1782707980.89476,0.04736283594373244,0.005070209487666372
1782708011.55599,0.04652178903422544,0.0049565422273009875
1782708072.3176208,0.047716855547475054,0.005097250668862529
1782708133.0191264,0.04594596438776694,0.004905746597302609
1782708163.7240243,0.04742531363039085,0.005049582700656284
1782708224.2291648,0.046600143124586504,0.004973207762685951
1782708254.7942677,0.04740575176761998,0.0050434382007374
1782708315.2499588,0.04599536150311913,0.004881829346870005
1782708345.7794797,0.04699671995876535,0.00501374175683656
1782708406.2759907,0.0481525413389824,0.00512731499358764
1782708436.7124803,0.04819033446192815,0.005136832673144401
1782708497.1017659,0.04658009022249316,0.00497298194924113
1782708557.503997,0.04728045688891978,0.0050357969165517645
1782708587.9961905,0.046003470043021764,0.004894285222958218
1782708648.4252322,0.047414205533205946,0.005061478589917187
1782708678.8573995,0.04771496400444851,0.005077386534595099
1782708739.3322,0.04616078065978218,0.0049237511658157
1782708799.7471166,0.04692796810360799,0.004979453843001469
1782708830.13293,0.04713164198728846,0.005003066779013249
1782708890.536452,0.04675362636615126,0.004968205024951967
1782708920.987971,0.04818730602627787,0.0051262974690171
1782708981.4571261,0.04782706634186257,0.005067910935745487
1782709041.8794057,0.04678319965101429,0.00497770695506481
1782709072.2983944,0.04747275099987821,0.005056089091830185
1782709132.7400064,0.04615996892162209,0.00491545655831149
1782709193.1453977,0.04659913558969559,0.004962001309832265
1782709223.5587218,0.04722247165221621,0.005033061100400368
1782709283.9739063,0.04835955724857619,0.005146725237004842
1782709314.4070363,0.04719663332083399,0.005006153159343571
1782709374.821815,0.04685982907808849,0.004987246738800387
1782709405.2206075,0.047188322942729406,0.00503444840481055
1782709465.6039252,0.04754669504791118,0.005063479687708811
1782709496.0070188,0.04663708101566193,0.004952913870709452
1782709556.4179811,0.047326628296515995,0.0050539709738809955
1782709616.8416686,0.047427157594451846,0.005076689442312196
1782709647.298283,0.04800620241535967,0.00510832244151524
1782709707.6893349,0.04728034896242774,0.005032067391671871
1782709738.0674021,0.04910064292113896,0.005234116519386972
1782709798.4912493,0.04717119722026563,0.005026393155745454
1782709858.9200566,0.04651482588761488,0.0049593454474460095
1782709889.6560845,0.04578036155560856,0.0048804984104901
1782709950.3608534,0.04655440492194271,0.0049601794284867
1782709981.0564804,0.04796974231243498,0.005087320192289129
1782710041.7344332,0.04725114762375544,0.005034116618519612
1782710072.3232691,0.04803779832235145,0.005111532085169298
1782710132.9371648,0.04697827638711138,0.004996103059514444
1782710193.439878,0.04599483042995023,0.004893753878987504
1782710224.0294347,0.047147287069214165,0.005028340936466979
1782710284.4896152,0.04728576031539225,0.0050324373992892205
1782710314.8922312,0.04627434668127036,0.004915623534473752
1782710375.3269086,0.04912692764321202,0.005231354759143478
1782710435.6987774,0.04603412002233772,0.004906450545475494
1782710466.114346,0.04641561343144444,0.004946809916686241
1782710526.5171428,0.04619614818747754,0.004930652699209101
1782710556.959211,0.0475536296587682,0.005069947347678291
1782710617.4156492,0.048763421682284994,0.005197261849071587
1782710647.8451922,0.046942706848628446,0.0050014803724717435
1782710708.351986,0.047211457033171644,0.00503069940329825
1782710768.777859,0.04706825935280766,0.005038685876036347
1782710799.1909752,0.046582309849416755,0.004966501194981583
1782710859.6261876,0.04702143886803859,0.005022773677893121
1782710920.0479226,0.046869410580482204,0.004962304521752628
1782710950.4615355,0.04784893566040742,0.005085720456901734
1782711010.8530183,0.046743381413218946,0.00496422387685609
1782711071.2636623,0.04828678124195652,0.00513157498713679
1782711101.6810064,0.04756111336118592,0.005049382172773938
1782711162.088295,0.048002655375905055,0.0051252312522794665
1782711192.4726396,0.04739883011795157,0.005045925576133255
1782711252.8321211,0.04719554003694509,0.005022012317249248
1782711283.2298784,0.04739883507464385,0.0050655641464934014
1782711343.5975013,0.046948533439532016,0.004998994568521584
1782711374.0312142,0.04661727829251166,0.0049438320658932245
1782711434.4480174,0.04440262910773012,0.0047328485755441085
1782711494.8475595,0.045577730644208087,0.004854037003226536
1782711525.2386324,0.046967688830164334,0.004995079027695912
1782711585.7034419,0.0457610466228979,0.004874003728563342
1782711616.123295,0.04836001049044725,0.005149009674297331
1782711676.5167656,0.04617287344022441,0.004913419766429307
1782711707.041913,0.046430541809130796,0.004927694286431519
1782711767.7470329,0.04763928803157218,0.005089591431652799
1782711798.4056487,0.04708945554855292,0.005018830158569626
1782711859.1642118,0.04744544494897358,0.005053943899702974
1782711919.7714565,0.04750055244800907,0.005072796406876242
1782711950.4561753,0.04683123400225265,0.004961413148943383
1782712010.9873075,0.04805343477797477,0.005121234440474416
1782712041.565709,0.04722069984627479,0.005035663843456959
1782712102.0720725,0.04787722324544487,0.005102877246425306
1782712132.5328958,0.04625698062123675,0.004908070889951783
1782712193.0120919,0.04680140372491579,0.004988414991847284
1782712223.5236356,0.04719536772675401,0.005022521477552524
1782712283.9312968,0.04602169006659133,0.004911073043201286
1782712314.3699534,0.04750247721020424,0.0050520442886682814
1782712374.8027108,0.00982520077934475,0.01533661236476159
1782712435.2423182,0.04655357492815239,0.0049718268633162635
1782712465.761955,0.045364322618939794,0.004827593952759837
1782712526.2044876,0.0482070887262639,0.005120729477075402
1782712556.627231,0.047155038982354604,0.005027432210882252
1782712617.0232437,0.04564108454139285,0.00485314267632474
1782712677.4302456,0.04628038453552379,0.004901574612483777
1782712707.8729477,0.047934083258720686,0.005108297493424789
1782712768.2643402,0.0487461391267085,0.005208778984756398
1782712798.6989002,0.04568982665043949,0.004858110081529875
1782712859.107715,0.04653713767815118,0.004986834500105347
1782712889.4974146,0.046575304325182545,0.004967527144117041
1782712949.8722193,0.04633661542181932,0.004943916796323743
1782713010.2620313,0.04710519558003396,0.005022792182018045
1782713040.6863108,0.04868011849359858,0.00516620508900057
1782713101.098642,0.04710155160882612,0.0050277241261040585
1782713161.4724467,0.04619607648516178,0.00491422834862147
1782713191.8664973,0.047002144376410905,0.00502437711559774
1782713252.2573466,0.04629732471381289,0.004960070328734378
1782713282.6787455,0.045546176879361515,0.004850206530166045
1782713343.0653892,0.047319099682593284,0.005037795826449592
1782713403.4697502,0.009834057671646447,0.015303344361572505
1782713433.8569806,0.047422109772792244,0.0050535420032942115
1782713494.2395265,0.04870354184095893,0.005191800012129756
1782713524.6325161,0.04791001664329988,0.005125242902904321
1782713585.082022,0.04575224434659227,0.004855714818508063
1782713615.666287,0.046906780677647426,0.005014502341829851
1782713676.386304,0.046137449934020684,0.004915261479729888
1782713737.0967236,0.0477593533968538,0.005069940666024998
1782713767.7693005,0.00984975971785685,0.015318745868395465
1782713828.4800253,0.04635917616688686,0.0049459956456179835
1782713859.0883594,0.04620960632351815,0.004918730379732577
1782713919.7695653,0.009803301024297972,0.015316896083511987
1782713950.2492146,0.04833765902200422,0.005163681491394288
1782714010.767694,0.046732212968375,0.004967012835573535
1782714071.2669666,0.04774490828083542,0.005078943159121789
1782714101.713388,0.04694748261181823,0.004996892999961697
1782714162.1693504,0.0480763763293654,0.005116742738996797
1782714192.5780463,0.046771280592910074,0.004983352709784831
1782714223.0351596,0.046762823278016695,0.004977796618239778
1782714253.4432218,0.046377793873309966,0.004939863112562184
1782714313.8334117,0.046539761720821415,0.004935693805520583
1782714344.2352207,0.047195258904963976,0.005054151427418828
1782714404.655078,0.04689055327498187,0.004994878884224511
1782714435.0770373,0.04660907640048455,0.004971251203893016
1782714495.5791395,0.047872453753512116,0.005096415684882235
1782714555.9955316,0.048853694138879765,0.005204232528457014
1782714586.3979836,0.046046866385123654,0.00489714499826425
1782714646.7786908,0.047546077737672894,0.005081712421622239
1782714677.1982152,0.047023565514133364,0.004984740832917126
1782714737.6227098,0.04695856935688908,0.004996831447401679
1782714768.060186,0.04751690767700948,0.005065353939038175
1782714828.4704025,0.04694706848168949,0.00498418533078053
1782714858.9668632,0.047973203908925774,0.005116550588093603
1782714919.357059,0.04668037187182628,0.0049785330179083695
1782714979.7694182,0.04727247175490068,0.005035178868715141
1782715010.196373,0.047081883454386846,0.005031233704686356
1782715070.5807407,0.048001239278518036,0.00512025658294166
1782715101.0145519,0.04641117914248114,0.004944789171159992
1782715161.44173,0.04704797147305153,0.0050449200507262405
1782715191.8800719,0.04687571081726971,0.004990126407691835
1782715252.3334646,0.04668935383922043,0.0049583488146041224
1782715312.7865524,0.04700531499069534,0.005013361249536106
1782715343.2724583,0.04656348026859648,0.004955003626942196
1782715403.931628,0.04712331830305549,0.005009066493482283
1782715434.623727,0.04671488645264507,0.004980239015882257
1782715495.3308194,0.04604557297445367,0.004898423110936189
1782715526.1081774,0.047729766039729844,0.005084176392815531
1782715586.7541826,0.047595457629934446,0.005072447815534616
1782715647.1735585,0.048349925075831864,0.005145766065066995
1782715677.652882,0.047496766935824414,0.005063491734730271
1782715738.127777,0.04655180907811109,0.004978578915556927
1782715768.618179,0.04556803991942442,0.004859747069213835
1782715829.0957608,0.04637608313563763,0.004917077771568225
1782715889.5218458,0.04604835374799402,0.004891158605837045
1782715919.932794,0.046081064164457765,0.004906113617359187
1782715980.3351455,0.04609015537136272,0.004911971253789435
1782716010.7958884,0.04707844721523059,0.0050055612943120656
1782716071.2356446,0.04764259734389783,0.00505753326863953
1782716101.6906831,0.04721971876263254,0.0050098013881222925
1782716162.12352,0.047188076218432885,0.005031626825381918
1782716222.5357213,0.04735700203038408,0.005044374240385393
1782716252.9510424,0.04719357947638567,0.0050329861290210835
1782716313.4185185,0.04641514405204868,0.00492552461214731
1782716343.8147829,0.04649746846926651,0.00492274409922611
1782716404.246759,0.04746158812375837,0.005049993272510616
1782716434.6666913,0.04662071738077745,0.00494741018507166
1782716495.0817127,0.047495812696390964,0.005072640518754648
1782716555.4917164,0.04822827849137502,0.005146965858286603
1782716585.8642154,0.04572563447446132,0.0048691850386700574
1782716646.2651973,0.047220883003623725,0.005040500912600029
1782716676.6766744,0.04817955655102236,0.005133326481586995
1782716737.0807447,0.046814687265658114,0.0049950535437175364
1782716797.4503071,0.04802896015773829,0.005104733078851074
1782716827.8111203,0.048757128510616164,0.00520250483972166
1782716888.1998827,0.04680129230259132,0.004987457595371778
1782716918.5999017,0.04815821095751209,0.005119434608288219
1782716978.9963155,0.04849431891083931,0.005151426219939633
1782717039.3842719,0.0473773433538143,0.005039279905378122
1782717069.8074,0.04649507050157271,0.004965732328606344
1782717130.1906817,0.048270265230169696,0.0051380205067895245
1782717160.6061249,0.04641015966409042,0.00494648245015054
1782717221.042985,0.047694558789148606,0.005097605959395981
1782717251.609422,0.04614091709519221,0.004919071195889486
1782717312.300598,0.04615954752990379,0.00490911581466544
1782717342.9748254,0.047566356902831314,0.005051204821191321
1782717403.6579833,0.04743924447587275,0.005065141150107916
1782717464.305061,0.04625208657210939,0.004917472629574127
1782717494.958887,0.04668403192347457,0.004958287944555283
1782717555.4745111,0.046074978938974366,0.004907276673996632
1782717586.0263429,0.04709742230885824,0.004998634510448946
1782717646.475065,0.04614745861378561,0.004908539771816175
1782717676.9371078,0.04641505441101857,0.0049443380957313885
1782717737.3544564,0.04797276313721051,0.005131551815101724
1782717767.7506876,0.04645090060107462,0.004950886893708354
1782717798.1653225,0.046338615006823486,0.004937753064049787
1782717828.6210384,0.0472938435440777,0.005034862744157195
1782717889.0305111,0.046546519383898956,0.004971235468367073
1782717919.5160275,0.046738606005199676,0.004966505738926553
1782717980.0257533,0.04736560092072468,0.005061135919853355
1782718010.4691713,0.04821404773949074,0.005140042191086728
1782718070.9072561,0.04719351595238244,0.005023712692688642
1782718131.3113782,0.04559818175261645,0.004864222070470487
1782718161.7116363,0.04690320498885635,0.005006640741861338
1782718222.1021743,0.04776007667653036,0.00508528122677411
1782718252.4953642,0.04585124340778202,0.004882844166368965
1782718312.945191,0.04717341286608871,0.00502307463780521
1782718343.44496,0.04738871082511328,0.00505907891691751
1782718403.8682415,0.04733419480100879,0.005038833510384838
1782718464.2899895,0.04777086903615041,0.005100890597517271
1782718494.6505592,0.047152316965881104,0.005008446873353114
1782718555.0615234,0.04890884224060313,0.005192865738823652
1782718585.467427,0.047971855743483956,0.0051252605051388105
1782718645.9096782,0.04838520494841296,0.0051323544789196275
1782718676.3569994,0.04851326068329784,0.005173777923065184
1782718736.7669296,0.04684431935245426,0.005006472902625696
1782718767.1503043,0.04665575059408251,0.004962135754855091
1782718797.5781422,0.04656948537599652,0.004952604094972743
1782718827.9819055,0.046055321828814534,0.004915333606985984
1782718888.3845334,0.04768270244562728,0.005094760785249818
1782718918.86627,0.04810549764359747,0.00511076280492329
1782718979.299019,0.04770073105088832,0.005055350744418845
1782719039.981877,0.04727499100074812,0.0050134245969471
1782719070.6561718,0.04755597260019477,0.0050689446468718865
1782719131.320706,0.04622668408985589,0.004921483142710848
1782719161.9884388,0.046207612693214405,0.004927460491439951
1782719222.6975954,0.04836291477303381,0.005145783693907306
1782719283.1862674,0.04761506980156318,0.00507389304308249
1782719313.689105,0.047720417330539,0.005071674824020627
1782719374.1383305,0.044719201759995206,0.004772445250753611
1782719404.606073,0.04704680292676708,0.005016542503786248
1782719465.088731,0.04565487101364368,0.004882636301083847
1782719495.556879,0.048584674670808875,0.005169963478470458
1782719555.9947543,0.045187878303367394,0.0048165583712763485
1782719616.408993,0.046647722610326306,0.0049496740899983875
1782719646.8081434,0.04817513616263463,0.005123549395587527
1782719707.2266874,0.048243513222608995,0.0051200824193703
1782719737.6174476,0.04697637205500232,0.005001100977767905
1782719798.0190997,0.04662980600240392,0.004953562988809592
1782719828.4485803,0.047106985186218066,0.005027701967360577
1782719888.8383121,0.046930883525597177,0.005017157352559274
1782719919.2684345,0.04724795177654385,0.005019805599501603
1782719949.6976852,0.04724795177654385,0.005019805599501603
1782719980.09717,0.04717191378316297,0.005029359681545462
1782720040.5285819,0.045800218895940464,0.004885808232226188
1782720071.0042026,0.04633645553992456,0.004926205111825289
1782720131.4309347,0.04685557969707615,0.004960701444000121
1782720161.8821259,0.04677578121831206,0.00497320147642006
1782720222.275712,0.04720894698847188,0.005021330549109106
1782720252.7078981,0.04611833479928242,0.004917619791812867
1782720313.1102245,0.0470669509581768,0.005023469717962244
1782720343.5070117,0.04663849869683652,0.00496786049647342
1782720403.9190753,0.04719804151445235,0.005022490885585347
1782720464.3346777,0.046910475546392535,0.004978299134549794
1782720494.7441452,0.04748959901932595,0.0050957320520863955
1782720555.156716,0.046327477109185625,0.004930982784034183
1782720585.556459,0.046920173753544195,0.005005967748894247
1782720645.9601583,0.0454231123911699,0.004840637988691535
1782720706.3915045,0.04715866907683425,0.005015194998567476
1782720736.7967937,0.04750009140727074,0.005054857097006532
1782720797.2148314,0.04890049999049863,0.005225688951957757
1782720827.6935463,0.045581984401431797,0.004861770848057718
1782720888.409301,0.04690699574410765,0.005002755221814325
1782720919.0710282,0.047354030535949894,0.0050493537206368205
1782720949.7675903,0.04733067388694646,0.0050469508193377545
1782720980.4543397,0.047260764926396845,0.005035658313212974
1782721041.0063426,0.04742438266002476,0.005037481668100346
1782721071.6435537,0.04650398707019928,0.004927160693311549
1782721132.0935698,0.04750310863200444,0.005049811760598487
1782721162.5140696,0.04644705342384589,0.0049459161504763335
1782721223.0351243,0.04718697402813596,0.004997327332387285
1782721283.4622922,0.04642842453582517,0.004939535329184876
1782721314.0034916,0.04889126092532853,0.005210488917750716
1782721374.4633267,0.045139885384168625,0.0048126457160211425
1782721404.8570948,0.045722198713094006,0.004837769343848075
1782721465.267591,0.04659161864505036,0.004966759040026983
1782721525.6879296,0.047895404797457686,0.005097794899541567
1782721556.0702827,0.04805433365826985,0.0051184254679674
1782721616.5000796,0.04693925253525619,0.00501021138807276
1782721646.926617,0.04683965683892196,0.004978066512163244
1782721707.3517458,0.047247187348955125,0.005024846426518065
1782721767.743745,0.04750030703984233,0.00504952977836533
1782721798.159594,0.047110794873346566,0.005028789543085629
1782721858.5671024,0.046969683963990476,0.004989124418430449
1782721888.9814951,0.04641539314327961,0.004948732884129025
1782721949.4339144,0.0469483994125782,0.004990210150523396
1782721979.9128876,0.04758166410776428,0.005070045552026522
1782722040.335043,0.04588658177124514,0.0048945493531131045
1782722070.754247,0.04739146492397328,0.005052655395214964
1782722131.1422684,0.048266114962492175,0.0051535011893059065
1782722191.5661948,0.04808012556517635,0.005121955238819531
1782722221.976309,0.046756751800264104,0.004983199264217908
1782722282.3910284,0.00982520222935653,0.01531029741895429
1782722312.8147857,0.04617048415553928,0.004907452986304167
1782722373.262542,0.04672947887838275,0.004971007318276695
1782722433.6660585,0.04645666628397107,0.0049597547592281814
1782722464.0905616,0.04720763272187871,0.0050181239542273735
1782722524.5280204,0.04800558726149002,0.0051136192133915985
1782722555.0187538,0.04625500957821484,0.00493591890560798
1782722615.4348044,0.04693987550179221,0.0050034231746050395
1782722645.859377,0.04823774857473396,0.0051398208261454695
1782722676.591338,0.048159241518937995,0.005129294337602202
1782722707.3236346,0.047824587297768374,0.0050809246884468955
1782722767.9733648,0.04707143450525202,0.004988158867585388
1782722798.6819153,0.045939166804775604,0.004869151420082286
1782722859.362884,0.046585113184883925,0.004967238562234998
1782722890.011042,0.04625283897026013,0.004932827028900929
1782722950.4987185,0.04586351755971146,0.004877291476113155
1782722980.8829083,0.0462891783847361,0.004941881801834358
1782723041.3599548,0.04650169835863284,0.004925532637276954
1782723101.7855737,0.0478753564367113,0.00510163765388915
1782723132.257816,0.04477236845792232,0.0047623154038419135
1782723192.6937795,0.04759201486150029,0.005049464616134775
1782723223.1854782,0.04594248483670759,0.004887049502865615
1782723283.6207774,0.046827511802091555,0.004987316449805965
1782723344.0242894,0.04611909849099296,0.004912775029873402
1782723374.4494634,0.04643782757532757,0.004937300948536352
1782723434.8870714,0.04742903868071181,0.005047396882303639
1782723465.3706992,0.04620863360050526,0.00490764422455081
1782723525.8074763,0.046485546285908834,0.004942202706111515
1782723586.1906397,0.04730243380680908,0.005046526536593734
1782723616.615797,0.04870158998424279,0.0051948174926900546
1782723677.0333583,0.0473866715068017,0.005062154220647559
1782723737.4360583,0.009807994912096888,0.015321186879605072
1782723767.8504229,0.04653156804271934,0.004973012371528075
1782723828.2713895,0.04618268907188468,0.004930438414325593
1782723858.6819336,0.046082603156315065,0.004896215664011629
1782723919.090635,0.04654793716664812,0.004917212447249933
1782723949.4594874,0.048259760235780866,0.005149990514913793
1782724009.921282,0.04794716575934955,0.005094060066152551
1782724040.3074696,0.0459172159110536,0.004871164431960825
1782724100.6967525,0.047342085624300076,0.005045928869608013
1782724131.0920103,0.04897278232182452,0.005195927072865453
1782724191.5316172,0.04726615594962017,0.0050598979187923086
1782724251.9152324,0.04664769488977728,0.004978400024207625
1782724282.3224242,0.0474016731146509,0.00503589261956203
1782724342.7590222,0.04905039357297613,0.005240694502640712
1782724373.2106154,0.04707847505191225,0.005034321339601106
1782724433.6248968,0.046582135513482066,0.00494946424371719
1782724494.0374572,0.046617839779901894,0.004953846063924263
1782724524.5849667,0.047134030347131435,0.00502541618990951
1782724585.2456005,0.047301588681893436,0.005026057596479443
1782724615.9329777,0.04755488766167688,0.005069604265767224
1782724676.5941734,0.048424749677452555,0.005162076847846237
1782724707.2239475,0.046578651634315855,0.004966288649192583
1782724767.8664458,0.049060925981775555,0.005224321335740255
1782724828.2859676,0.0472076723748517,0.0050414214288017865
1782724858.8607893,0.047211343385938215,0.005054288161191817
1782724919.3353152,0.046404500222575085,0.004914474816594956
1782724949.8110993,0.046618125815342,0.0049487637541738155
1782725010.2610896,0.047186952538113745,0.005014379000308454
1782725070.6695323,0.04783609188928847,0.005099537272966724
1782725101.1286411,0.04707761436148469,0.00502869801827755
1782725161.5871968,0.04821199215893196,0.005130949761967686
1782725222.009473,0.046425554166582846,0.0049312698229626644
1782725252.4795048,0.046762341332971635,0.004975179194883898
1782725312.9034572,0.047465849646524866,0.00506642136204599
1782725343.3489938,0.047225773785623114,0.0050370536251140114
1782725403.8075175,0.04701314259127596,0.005011003855960378
1782725434.231761,0.045609784064973936,0.004873996392306462
1782725494.6510339,0.009839842006324881,0.015318306831777598
1782725555.0764213,0.045303754679547635,0.004823963791149092
1782725585.5115452,0.04732153478869787,0.00505508144776855
1782725645.8805432,0.04735120952982475,0.005039751448129726
1782725676.2847285,0.045919183818737615,0.004884281287760129
1782725736.7206962,0.04607401830854107,0.004909743069075766
1782725797.081407,0.04698322909178282,0.004987871721244916
1782725827.5208461,0.045236197844582694,0.004794719030270905
1782725887.943761,0.04636504079827968,0.004920713443770591
1782725918.3387568,0.04673056905672242,0.004968226098762504
1782725948.7649817,0.04671621421416682,0.004967163627833355
1782725979.2176964,0.04890005509915579,0.00520741658414334
1782726009.6499703,0.04724791997938922,0.005027548015868273
1782726070.0929494,0.047501203314901375,0.0050462776272750505
1782726130.5286715,0.04760342150754104,0.00508628666578522
1782726160.92652,0.04711568531465439,0.005026415686246684
1782726221.3268564,0.047204688300504685,0.005032998558234179
1782726251.7251534,0.04540447192420016,0.004813736803415842
1782726312.1178837,0.04755386315287244,0.0050622484073893454
1782726342.6146772,0.04931566959746731,0.005253992356983325
1782726403.2864869,0.048056406321275245,0.005126957417044695
1782726433.964694,0.04736576322680436,0.005058509438754361
1782726494.6576066,0.04775729704029295,0.005111299948891247
1782726525.2866743,0.04755127612539799,0.005056976931321277
1782726585.968206,0.046547636209776415,0.0049564662317917
1782726646.4738212,0.04703675820468216,0.005011976831197744
1782726677.0545437,0.046663304933397,0.00494657975236718
1782726737.5517185,0.0455212603481725,0.004858319991343349
1782726767.9587884,0.0474877007370228,0.005044303741555205
1782726798.4091961,0.04754815842106343,0.005051078533802757
1782726828.8473175,0.04895217082496065,0.005221385461500137
1782726889.2357876,0.04720826249072049,0.005048776691764832
1782726919.7134917,0.046988623672757336,0.005000627615892341
1782726980.1408179,0.04797182877583077,0.005118669203717814
1782727010.5875802,0.04730178133305088,0.005030912126534727
1782727071.0379105,0.047232271009677126,0.005019760459898888
1782727131.4892707,0.04743822817150157,0.005056993412265058
1782727161.921357,0.04743105844772944,0.005053623584479476
1782727222.3351398,0.04780918212725641,0.005084707189084135
1782727252.7687054,0.04705245949712766,0.005008048177840088
1782727313.256634,0.047741050065011906,0.005088358982630028
1782727373.6511755,0.046158332379804774,0.004902854299106555
1782727404.0287337,0.04749216392753508,0.005051769915448656
1782727464.4318893,0.04952228996610626,0.00527492113837609
1782727524.8506377,0.047057999617605005,0.005012657210658428
1782727555.2566354,0.0470278376711358,0.005022045261424619
1782727615.6655354,0.04779775166665961,0.00508342064164681
1782727646.0916498,0.04682246072888405,0.004989284380511973
1782727706.4774895,0.04736427670333036,0.005039949713803883
1782727736.8925128,0.04638038855432065,0.004947241089303897
1782727797.2455888,0.04793031120660258,0.005118889185705149
1782727857.619583,0.04749549694077348,0.0050530599367214395
1782727887.9819067,0.04709619700883508,0.00501177835983066
1782727948.3663278,0.04787573013605199,0.00508322126413272
1782728008.7249298,0.04745107961051497,0.005045049157814058
1782728039.101936,0.048656633824487316,0.005183927175829796
1782728099.522854,0.04750801493196522,0.005068176333377004
1782728129.9107022,0.04748413191797521,0.005070799250267202
1782728190.3289483,0.047660919173431966,0.00506873711237372
1782728220.8038855,0.04657466567031709,0.004959401829716783
1782728281.3848808,0.046051005434081325,0.004890394349172008
1782728342.015638,0.04694895054401797,0.0050037589881315936
1782728372.652235,0.04731556013557402,0.005021301003658532
1782728433.2617352,0.04653623985055969,0.004943336928055944
1782728463.9178038,0.04688139172445858,0.004979546264436764
1782728524.5358005,0.0472388880132061,0.005027425790904238
1782728555.0506701,0.04636061026587096,0.004944787293724495
1782728615.5562081,0.04861429943099056,0.005151610571756434
1782728676.018767,0.04744779360172434,0.005053050894942271
1782728706.9187353,0.048107671214324126,0.005098850046089198
1782728767.92649,0.04733839190023762,0.005037624181995854
1782728798.5707676,0.04613880245774157,0.004899131663476227
1782728829.0762146,0.04613928742472961,0.004899978693713539
1782728859.692109,0.04657331466725667,0.004950543708426723
1782728890.2546542,0.048039080132158185,0.0050871881064166995
1782728950.7675667,0.04717508076028215,0.005006718638101807
1782729011.260172,0.04682510412541398,0.004961527078485422
1782729041.744851,0.047238882799126164,0.005017519449219881
1782729102.2797174,0.047783442946399385,0.005091841452482259
1782729132.8125255,0.04703985889273788,0.00501570166734378
1782729193.3042457,0.047076476784500304,0.005016437880672853
1782729223.8186162,0.04752892023831847,0.005051907088502676
1782729284.2535036,0.04633234106915786,0.00491480361331772
1782729344.6671677,0.047042632688698585,0.00502778375635031
1782729375.0692344,0.04607084171224684,0.004893602580535035
1782729435.4480715,0.04682626437515027,0.004967493549395372
1782729465.8352935,0.04776753332519545,0.005084225973115198
1782729526.2461054,0.0472392155830584,0.005034505602935649
1782729556.7201152,0.04655914697341841,0.0049545724922490314
1782729617.1360073,0.048179313251587336,0.005105236238937115
1782729647.5557356,0.04592588784264661,0.004904214139297575
1782729677.9998007,0.04600846366434584,0.004912983770150613
1782729708.4186313,0.046859781567302125,0.004996108487246474
1782729769.0019,0.04556596162684694,0.004849797329649855
1782729799.702617,0.0472360368657156,0.0050418981830638865
1782729860.4555786,0.04597876595256235,0.00486077659683269
1782729921.1220858,0.047775262240599706,0.005100846156495684
1782729951.8385382,0.04675126095171942,0.004958993339843827
1782730012.4605522,0.04751095109749356,0.005043087700549621
1782730043.1262586,0.045083088607136106,0.004795848879782433
1782730103.6122813,0.0465604493551009,0.004965322165114751
1782730134.102048,0.047684306327495415,0.005086322499127486
1782730194.6452038,0.04592287598907809,0.004876931000386463
1782730225.0976288,0.04713510127933056,0.005025297557583009
1782730285.4768646,0.046933570497581345,0.004999936435264599
1782730315.8387554,0.04561839415460477,0.004846203907726736
1782730376.2671921,0.04784890450756257,0.005076191532315581
1782730436.6862545,0.0474593825844035,0.0050511308118299375
1782730467.0989013,0.04599966486750496,0.004917453656624593
1782730527.5389202,0.047255480230637234,0.005035274027405993
1782730587.946828,0.04772778816105423,0.005087717224842507
1782730618.337386,0.04613334020344849,0.004914658960170854
1782730678.7859707,0.04678088679650672,0.004981768334376674
1782730709.2629724,0.04692943996753408,0.004991728692615952
1782730769.6830015,0.04694194515184651,0.0050150762114246315
1782730800.1355534,0.04508397934045262,0.004827233509790411
1782730860.542294,0.04836150728380175,0.005152889967213525
1782730890.9662185,0.047960328416306694,0.005110241334346815
1782730921.3896728,0.048026026127543156,0.00511706776451992
1782730951.770953,0.04756322958142132,0.005060625647634084
1782731012.1573222,0.046894621562963305,0.005007244888828207
1782731042.5100725,0.04677608218830557,0.00497588637010436
1782731102.8832731,0.047119493033321004,0.005001181025691346
1782731133.2928104,0.04627662290533968,0.004934054036012349
1782731193.6932132,0.047419897349963915,0.005041753896519928
1782731254.1089458,0.048439705672115085,0.00514379068741345
1782731284.586639,0.04783954518500407,0.0051004045010851285
1782731345.0452037,0.04975993033133313,0.005350002784328512
1782731375.4609125,0.0471248854600988,0.005009512407078606
1782731435.8486006,0.04705331057405652,0.005020338323924208
1782731496.2293065,0.04619813857747753,0.0049153569014130215
1782731526.6174812,0.04889388702706844,0.005219565824988592
1782731587.0011206,0.04633677099165667,0.004931313967083699
1782731617.486485,0.04723947821840515,0.005040248699816674
1782731678.179986,0.04600797960690419,0.004913000369667566
1782731708.8268416,0.04775529188001535,0.00509348322622017
1782731769.4836786,0.047731807120008955,0.005076377355660443
1782731800.2028549,0.04758603049011167,0.005078268057064056
1782731860.883562,0.04675092216895289,0.004982564772053961
1782731921.3604808,0.04634445038461599,0.0049178043902211995
1782731951.822178,0.04725163041564234,0.005024482107158986
1782732012.267935,0.046498169796669084,0.0049435096275660595
1782732042.6973195,0.046602111570412004,0.004988077044871884
1782732103.1133754,0.0485708288136503,0.005155075727838526
1782732163.5410204,0.04728807449041323,0.005018516436510167
1782732194.002646,0.045910612447947564,0.004883580819956117
1782732254.4867625,0.04805372718114676,0.005113895106683921
1782732284.9046211,0.04711259260203783,0.005037655342088543
1782732345.273871,0.04748246326136197,0.0050701037420847
1782732375.708125,0.047566796262539915,0.00505214864187628
1782732436.0936785,0.04775945416055733,0.005083513341508676
1782732496.4764302,0.04725873183750808,0.005027884539021709
1782732526.9592183,0.046799792818839364,0.004983948499948185
1782732587.32759,0.0464835941255539,0.004960081781186335
1782732617.7170088,0.04648512388136719,0.0049467628241979715
1782732678.1031215,0.046595535967001216,0.004959058120801449
1782732738.5022862,0.04893372471088514,0.005193511533063106
1782732768.9337134,0.046985740955979315,0.005012445343688516
1782732829.307907,0.046714462320479315,0.004992518852369839
1782732889.706202,0.04724969552622393,0.005019168223935817
1782732920.1212192,0.046710472008210165,0.004963336390663008
1782732980.484022,0.04626947355429257,0.004904831766963224
1782733010.8908043,0.04831928390065088,0.0051436551034155275
1782733071.2994366,0.04748898339849437,0.005061627389455058
1782733131.662074,0.047018055477478705,0.005009326992652254
1782733162.0020647,0.04760511568620333,0.0050563206844324695
1782733222.3726938,0.047017598136227697,0.0050054014634670265
1782733252.7212112,0.04619118055677334,0.004928777386687871
1782733313.1080515,0.046646884217783444,0.004965630924982803
1782733343.50788,0.047170947568188064,0.005062236662983065
1782733403.941778,0.04662759588790291,0.004955649799032149
1782733434.3450391,0.04643652268518934,0.004954101729298349
1782733494.6971855,0.04775801114675247,0.005110790984249354
1782733525.082544,0.047664076270202145,0.0050792029756645245
1782733585.4969268,0.046957335723596595,0.004980836436957713
1782733616.0624192,0.04773703932701415,0.005114176042349512
1782733676.7112918,0.04730134068457006,0.005053054645689073
1782733737.326457,0.047095465426227175,0.005018026865241924
1782733767.9974837,0.04756003672989559,0.005069559435699906
1782733828.6803138,0.04751865885034674,0.005083711630565152
1782733859.3455799,0.047275281773984316,0.005032985457323184
1782733919.7984211,0.04600157378096873,0.004890887874431561
1782733950.29045,0.047167573700489025,0.005025938916819988
1782734010.8008094,0.04720233142249117,0.005040312687636594
1782734041.2000551,0.04734542316032103,0.005047045875209868
1782734101.6225533,0.047890363296167346,0.0051143845225788305
1782734162.011218,0.04617269024405049,0.004903582309191913
1782734192.49218,0.046038905054319026,0.004925009702854117
1782734252.9261854,0.04758673446750589,0.005083002635979199
1782734283.3619742,0.04921230162559534,0.005237830545682243
1782734343.7701325,0.0473313631682505,0.005043582794688414
1782734374.2428906,0.04817964301859201,0.005136934528454705
1782734434.735143,0.04707816876568871,0.005033548309041751
1782734495.169216,0.046332014920064404,0.004935455370503061
1782734525.5999258,0.048979363464711344,0.0052129817012438965
1782734585.992788,0.04670795749794682,0.004960773323191293
1782734616.4260707,0.04559127912521342,0.004863690347622207
1782734676.8049636,0.04690226559606586,0.005006971084902154
1782734707.2091963,0.04636750069634329,0.004945177927836557
1782734767.6090665,0.046188740978582866,0.0049194770499499585
1782734828.0104933,0.047477156140294,0.00502550880482557
1782734858.4890456,0.048093441817657144,0.005113559342358242
1782734918.9090636,0.04622157600715401,0.004898414578785491
1782734949.3474772,0.04817791753091649,0.005139241353502549
1782735009.7518723,0.04706202433882602,0.005019836018840772
1782735070.182504,0.047424332494749234,0.005046447631544823
1782735100.612491,0.0473729664991255,0.005055976082956429
1782735161.0385036,0.04780516713193729,0.0050895004359641765
1782735221.4524627,0.04619417755486141,0.004917212817199903
1782735251.8861852,0.047546174443447095,0.005037507300630156
1782735312.2908196,0.04677077382943419,0.00499519611099535
1782735342.7257593,0.04776208094973301,0.005074081977145668
1782735403.1585999,0.04753840683793086,0.0050642564876847585
1782735463.568529,0.047854857009952255,0.005110646146163271
1782735494.1260026,0.04567919036130707,0.004871638855074756
1782735554.8295562,0.04677474930839661,0.004978619114441643
1782735585.5171626,0.046738653612513024,0.004967854940451891
1782735646.1431427,0.04591869035654061,0.004875188606419986
1782735676.7916906,0.04717510680199997,0.005010213962699442
1782735737.3069835,0.046537902415002365,0.004955455893693856
1782735797.7576122,0.04648699216858059,0.0049491125009992355
1782735828.263826,0.04734170974332969,0.005031375876616706
1782735888.7704666,0.04741152133992693,0.005048531265155099
1782735919.308431,0.047564354022699755,0.005073126478971646
1782735979.783033,0.04657254953691229,0.0049443458403183975
1782736010.1973603,0.04625784735063401,0.004911498919546384
1782736070.6133027,0.04777205321909828,0.005097730368284708
1782736101.0597801,0.04632312142747669,0.004915995992250372
1782736161.5012956,0.04827228636256722,0.005125445276017919
1782736221.9127905,0.046629057992495976,0.004966097357812952
1782736252.3372343,0.048232924365629926,0.0051467262904953
1782736312.7895024,0.04640891008618956,0.004939195844165054
1782736343.2055342,0.04786060028578503,0.0051107363236671645
1782736403.641484,0.046539106673746715,0.004958050803572126
1782736434.0312958,0.04751906756694987,0.005062896444324958
1782736494.4230528,0.04641634833996977,0.004954081655840228
1782736524.8025575,0.04907916005855172,0.005226935175757264
1782736585.1908786,0.046710321489100586,0.004969266483249134
1782736615.5982757,0.04617109734501718,0.004908154359355394
1782736675.984347,0.04791241893991983,0.00510004631712024
1782736706.4580915,0.047659871005094445,0.0050677278195479115
1782736766.85451,0.04663172919836424,0.004967136881256144
1782736797.2597225,0.04769671297163372,0.0050835278400665216
1782736827.6638162,0.04776840165850255,0.005092830575356823
1782736858.0794573,0.00983638820293198,0.015308784185392055
1782736918.4856558,0.046516953538508,0.0049471566428478
1782736948.910463,0.046277214472376586,0.0049352411048659995
1782737009.3151798,0.04571531191171575,0.004863876625116384
1782737039.7677653,0.047462744390561126,0.005049281403544842
1782737100.195383,0.045959149624426814,0.004890207123341669
1782737160.659929,0.04839818571846436,0.005149849362127106
1782737191.1466238,0.04683667837436491,0.004999516852077127
1782737251.5941896,0.04578518795113699,0.004859489369380177
1782737282.074162,0.04604945321925001,0.004895366526665145
1782737342.6997943,0.04768444698930215,0.005086330637852061
1782737373.344002,0.04644449585602801,0.004944375310466817
1782737434.0214956,0.045882288507129255,0.004860904133900994
1782737464.6732893,0.04779647605048621,0.005090931933361897
1782737525.368477,0.04713108042722272,0.005036340582942344
1782737585.9367707,0.04626949372009148,0.004930224139067543
1782737616.5189416,0.045897086526503456,0.004893327906209974
1782737676.9840872,0.046024833935598995,0.0049022876205764175
1782737707.4983642,0.0456570663619531,0.004870602851499992
1782737767.9676042,0.04727157348890583,0.005036809080008816
1782737798.44933,0.047114127608049075,0.005027572179562204
1782737858.8904033,0.04647770508898588,0.004932216107699688
1782737919.326084,0.04900896664919481,0.005198931488843227
1782737949.7188692,0.04516229219812815,0.004786692035562711
1782738010.1125348,0.047347583756358856,0.005033449065557161
1782738040.574064,0.045780189909951155,0.004877075872703005
1782738101.0061753,0.04629107128242155,0.0049332354178439845
1782738131.4442298,0.04551523902235904,0.0048405689595709305
1782738191.8649795,0.047560068838954986,0.005063523226879508
1782738222.298539,0.047764277711631185,0.005076072381324452
1782738282.690621,0.0456302319580275,0.004863214725672621
1782738313.0978315,0.04608096539272177,0.004898123531022648
1782738373.486469,0.04717538217523492,0.005029257887419894
1782738433.84393,0.0470289843669166,0.005027769533880357
1782738464.2546096,0.045998754112418806,0.004903654208381063
1782738524.678411,0.04706036643109564,0.004990625803728023
1782738555.0976424,0.04802722596949628,0.00512244386637674
1782738615.5153828,0.0454530864402754,0.004857656871642957
1782738645.9077194,0.046557149742945336,0.0049735235155778145
1782738706.317196,0.046921654315376135,0.005008619045763717
1782738766.7417939,0.04722397980937005,0.005027777909921106
1782738797.1100857,0.04658850933105274,0.004972793214401009
1782738857.4940782,0.047628007069239024,0.005043416566125376
1782738887.9010332,0.04858568271119783,0.005147841310123383
1782738948.3012,0.04618022442890373,0.004882432612352478
1782738978.6936746,0.04671755090760688,0.004970669077842682
1782739039.1005068,0.0455908173551589,0.004835229297720962
1782739099.4900684,0.047247223784541936,0.00505729462102181
1782739129.8757396,0.047117627729491976,0.005011505073395903
1782739190.311094,0.047457603145207354,0.0050522950116365945
1782739220.7492032,0.04765340397105883,0.005054306334178237
1782739281.3845036,0.047205780293049004,0.005013298259829959
1782739342.095336,0.04753279053390048,0.005055347256174941
1782739372.7920363,0.04786218308303568,0.005076510152580071
1782739433.3227403,0.04649688721075824,0.004958039255007572
1782739463.6862385,0.047328480906911094,0.005029685408772993
1782739524.232338,0.04632233142182102,0.004927803962614133
1782739554.791148,0.047461798149805064,0.005057541222947705
1782739585.3965082,0.047469614858994806,0.005059882966793084
1782739616.2450001,0.046667639145410465,0.004974250724825331
1782739647.7800057,0.04602645898811626,0.0048995655952313215
1782739708.2699542,0.04799612055568293,0.0051149749955865876
1782739768.7036467,0.04658718552528602,0.004959439166357794
1782739799.8230512,0.04780575873223295,0.005083704175014004
1782739861.1912913,0.0479012420997231,0.005099579982579193
1782739892.0457008,0.045729439840853335,0.004874591539888568
1782739953.1788356,0.04767187277735852,0.005090943597963186
1782739983.8585036,0.04695753860758079,0.004999310276271681
1782740044.39745,0.04667516589078382,0.004946160829516818
1782740075.4948876,0.048129557324137644,0.005143772757073119
1782740135.884792,0.04661827202698582,0.0049685123019843945
1782740166.931711,0.04618957952435117,0.004921468949755417
1782740227.7888148,0.04558983771833914,0.004872762652124332
1782740288.3712006,0.04703998737873644,0.005011168990456035
1782740319.5709193,0.04702209461043205,0.0049896178036843535
1782740379.9484022,0.04658231474733495,0.004949923830462859
1782740410.295227,0.045435102644920906,0.004846653711849985
1782740471.2771468,0.04819258322978417,0.005140575557128941
1782740502.8839238,0.04700047070165737,0.00500609919774752
1782740563.3328075,0.047355399775964375,0.0050401892709734195
1782740595.2993817,0.04741736760839001,0.005036007721239347
1782740655.801898,0.04665252793543054,0.004953247187551714
1782740687.155366,0.046276768431379775,0.004928824114997772
1782740747.9468536,0.048249900342242066,0.005144260356553376
1782740808.4170048,0.04679320527103184,0.004971968524486073
1782740838.986971,0.04806476940547446,0.005130068699164966
1782740900.3852139,0.045700986440205094,0.00486941870187484
1782740930.8925922,0.04767583791786784,0.005082990633730376
1782740991.2932875,0.0490753752002474,0.005253596834277914
1782741021.6953104,0.04817198154678524,0.005129422733934771
1782741082.0951953,0.04672615801011665,0.004971697630047381
1782741142.4428024,0.04544201117042918,0.004841473801684884
1782741172.773633,0.04624664831978176,0.004923300003483736
1782741233.1859071,0.047752308395419586,0.005076491938368927
1782741263.6626313,0.0475851405270025,0.005069954390380764
1782741324.0514438,0.04627849451443268,0.00491569988028364
1782741384.3966353,0.04667167152584338,0.004962521589715578
1782741414.7545085,0.04729685855607156,0.0050318352897130185
1782741475.0938954,0.04723264091185823,0.005021894234636703
1782741505.446427,0.045773258851572,0.004876350453492943
1782741565.849994,0.04770370879655183,0.005101380856427225
1782741626.2834485,0.04661896996096203,0.004974442519333558
1782741656.679685,0.04736092779904337,0.00504460352211461
1782741717.103484,0.047435851229316636,0.005051038217131903
1782741779.0693161,0.045825915744024386,0.004880771730175926
1782741809.870325,0.04648826865259687,0.004931839851182734
1782741870.515186,0.04638240687050551,0.004939808250756557
1782741900.9325893,0.04498901136224842,0.004799262535743921
1782741961.560335,0.04658899209080857,0.004951259160719099
1782741991.9335604,0.047858869299218953,0.00508397904618218
1782742052.3310494,0.04558725425675939,0.0048691933469906905
1782742113.1718645,0.04698682205364666,0.005004751721513427
1782742144.8408115,0.04818047782798502,0.005141722037550471
1782742205.180938,0.04758046176896801,0.005068374282171635
1782742235.52341,0.04770553126671693,0.005110377180533718
1782742295.877766,0.047271330770822545,0.0050435244956895
1782742326.4580417,0.047206124974911126,0.005029770801964313
1782742386.8381915,0.04713213687001592,0.005015666381070229
1782742417.194229,0.0470260621559329,0.0050185239504387
1782742447.5443912,0.046971696217116984,0.005013458470655023
1782742477.876105,0.04643583660103567,0.004924882489039636
1782742538.2825758,0.04724580461746077,0.005029198484834317
1782742568.6336586,0.048001539242147805,0.00509211655272076
1782742629.9303288,0.04710752804161814,0.005036807189285144
1782742660.425633,0.04698061067811574,0.004994970464197693
1782742720.7865129,0.04725056195757476,0.005025715162958307
1782742751.1300998,0.04752429478513999,0.0050352263831451765
1782742813.0084882,0.047440593528981015,0.005049441340417094
1782742873.6848848,0.04691208334902624,0.004996006396398388
1782742904.5816662,0.049280783886116335,0.00524554588023043
1782742965.0664787,0.048145407325493036,0.0051154529796123595
1782743025.9227643,0.047795263124101726,0.0050779408234694
1782743056.5948803,0.04650553573689833,0.004949318917387986
1782743100.547646,0.046920924903878405,0.005000717597078008
1782743161.115869,0.0469331551556324,0.005014940069972026
1782743191.4801612,0.047676783900989075,0.005086592262234782
1782743258.033572,0.04738166112116117,0.0050412622041451334
1782743289.1995168,0.047074713772046674,0.0050174495398366626
1782743349.9811437,0.045911890475310656,0.004889782702087145
1782743410.4329338,0.04666026827934227,0.0049698530036483704
1782743442.3759592,0.04666317086467507,0.0049654205305442395
1782743731.544832,0.04820797810429589,0.00512693058286059
1782743761.9846065,0.009846605135767988,0.015250487248847037
1782743822.4342942,0.046370328727698404,0.004946583774571498
1782743882.8832417,0.04636208854549047,0.004949434724532171
1782743913.2467287,0.046054807684729915,0.004900508032740231
1782743973.695154,0.04803074216636375,0.005111430781659554
1782744004.1499672,0.04738327465036501,0.005032739565318139
1782744064.575169,0.045947247310237284,0.004888042395431998
1782744094.9436285,0.047188875834180105,0.0050220518708678635
1782744125.3239224,0.04716483366369665,0.005019278181182335
1782744155.69161,0.047481145236534524,0.005032405622186263
1782744216.0422697,0.04562644112584697,0.004856022984830737
1782744246.3823097,0.048340017235816116,0.0051308237486707015
1782744306.772216,0.04645081748428523,0.004947473106342188
1782744337.1678658,0.04780667609872618,0.00509235677274576
1782744397.5444942,0.04768667935883535,0.005082825269417871
1782744427.9210994,0.04817174436560226,0.005117891613736601
1782744458.3776178,0.04819398166433397,0.005121216450019881
1782744489.3600953,0.04721601758062269,0.0050312270807895436
1782744550.0088131,0.04630471250656286,0.004943857033346773
1782744580.5805328,0.045773017485133634,0.0048855830104961185
1782744640.9666889,0.04719916788994635,0.005019919325219557
1782744671.4004042,0.04542181289038805,0.004844878779363439
1782744731.7976415,0.046537463026817015,0.0049436679802698814
1782744762.1705537,0.047580999489250694,0.005081764208162283
1782744822.5709465,0.046802499358155315,0.004994964839556693
1782744882.9383597,0.04759701060822564,0.005053623997162436
1782744913.300574,0.04628783035477776,0.004931180347187153
1782744973.7010124,0.0467109402549041,0.004949032887372992
1782745034.0769866,0.04733121473318228,0.005062264286935635
1782745064.486666,0.047313318942787154,0.005044771196102819
1782745124.8832376,0.04617772003782436,0.004913745125332626
1782745155.2628446,0.047462054602984034,0.005017516509276218
1782745215.655309,0.04691192248351066,0.0050263710604705955
1782745246.0709531,0.04658633358250244,0.004948750641081776
1782745306.4502103,0.04796314186133672,0.005106177377002702
1782745366.8171456,0.046191472972370556,0.0049273969792000185
1782745397.2544434,0.04680611546783866,0.004953255686559479
1782745457.634029,0.04648738113093605,0.00495268055584038
1782745488.0590022,0.04686713289150303,0.004979804661909466
1782745548.4689853,0.04702467357981722,0.0050318154738216905
1782745608.9054918,0.04636446394813387,0.004926343234809717
1782745639.2870784,0.04665799107953439,0.004976798064216461
1782745699.663613,0.04690635132614609,0.004993940343853404
1782745730.0781727,0.04676913233014751,0.0050055041209648085
1782745790.4560187,0.046719085222018515,0.004978604153363266
1782745820.8640387,0.047137053220682186,0.0050227023520965156
1782745881.2278993,0.04715465313659823,0.005024062257988229
1782745911.5936115,0.04664365618193554,0.004990266987753809
1782745971.9997184,0.04683943802724628,0.005002280044215084
1782746032.3766937,0.048684499907718136,0.00518653608490113
1782746062.752651,0.04585965118739835,0.0048830688884510635
1782746123.1429079,0.046868303330805994,0.004995661322855275
1782746153.504381,0.04860859440030357,0.00516933054861672
1782746213.881911,0.04605463307802471,0.004927033210409446
1782746244.2832232,0.04756231236185513,0.00506414141691633
1782746304.652507,0.04593869330033117,0.004889683162292971
1782746335.076157,0.04649543214648896,0.004958437004061122
1782746395.4605336,0.04646112638048659,0.0049402624592803715
1782746455.836939,0.045973134195241225,0.004881618511562636
1782746487.6551092,0.04756165977296209,0.005065139427032222
1782746548.2966456,0.009827137730283843,0.015273151634700647
1782746578.7559001,0.04712090248967859,0.005015548818844214
1782746639.1555195,0.04559475279238856,0.004862617995426881
1782746669.5767448,0.04533907868222728,0.0048242618337848864
1782746729.9520392,0.045897796737047844,0.00490503542805166
1782746760.361871,0.046497238002151164,0.0049510886034753844
1782746820.7658186,0.048331868442281406,0.005156703014009956
1782746851.1261635,0.046105329337630584,0.004895583048318352
1782746911.5107338,0.0474484711996758,0.005066520303470372
1782746971.8718226,0.046346304634415206,0.004941375101580397
1782747002.2191563,0.046706239683749845,0.004990093495836726
1782747062.5902267,0.04619434496270359,0.004922358959248216
1782747093.0038438,0.047595931238898416,0.00507734918357071
1782747153.4066722,0.04697622275796902,0.005018622711762949
1782747183.7866168,0.04701569744748425,0.005001000289116228
1782747244.2419019,0.046885996224384045,0.004989618895485542
1782747304.6324127,0.04630265601293071,0.004951341979773988
1782747335.0293615,0.04790934254165656,0.005128138516725413
1782747395.4465683,0.046426365273632475,0.004933697419303401
1782747425.8141258,0.04728915432598263,0.005030553382462491
1782747486.2899973,0.04681025672440434,0.004988136427415021
1782747546.7041276,0.0471876740433274,0.005008293909230898
1782747577.1575336,0.046144634953545795,0.004924113469977432
1782747637.5463703,0.04771540828879713,0.005069444481821475
1782747667.9101846,0.04772873961248666,0.005074901367547647
1782747728.326379,0.04794424624173175,0.005099886563160931
1782747788.7032938,0.0480313948378357,0.0051206784127936665
1782747819.1684387,0.04647111781576655,0.004928712169434977
1782747879.5450752,0.046971487783508084,0.0049889293685019456
1782747909.926495,0.046473367827703456,0.004923002683655088
1782747970.3202224,0.046904839070838165,0.005004071167327828
1782748030.7358763,0.04933358086709281,0.0052603847905109075
1782748061.1629953,0.04621222803732692,0.0049273319832213265
1782748121.6039848,0.04788233645335518,0.005093739006269268
1782748152.062006,0.04731337544464396,0.005030125716494438
1782748212.4951887,0.04720861370994726,0.005007008854247858
1782748242.8802547,0.046385207204792014,0.004938603252254273
1782748273.2878659,0.046791388740219264,0.004981231456866614
1782748304.194638,0.04740177580562663,0.005041071780925327
1782748364.8701782,0.04633895460643349,0.004951697568752493
1782748395.5030801,0.04724664476136761,0.005002989669506465
1782748455.9482305,0.0468707822202603,0.004958271305634256
1782748486.4071605,0.04725877336489383,0.005042865310160964
1782748546.8651073,0.04700347579964837,0.0050029902219827106
1782748577.2772226,0.04749761311224083,0.005054446472901234
1782748637.711854,0.04713073937450107,0.005034187960907001
1782748668.0987248,0.04734310052835027,0.00504204011882768
1782748698.5002856,0.04734310052835027,0.00504204011882768
1782748728.9153414,0.04781013892489338,0.005098751269773386
1782748789.3362887,0.04683649953314972,0.004986822070722797
1782748819.7461596,0.046118845061922514,0.004891489422997075
1782748880.1701102,0.04768252398165787,0.005062955535450196
1782748910.5260398,0.04713042455354918,0.005004902277217294
1782748940.9264166,0.04696656467460066,0.004988374664663618
1782748971.3342338,0.04799270900183859,0.0051195158463578
1782749031.7353628,0.046701750059629885,0.004967787512840196
1782749062.137193,0.046221062418605185,0.004913446233664517
1782749122.563814,0.048089698006381555,0.0051102230098782064
1782749152.9791195,0.046284306808665514,0.004931748717268089
1782749213.4246333,0.04636775328239126,0.004941731393934282
1782749243.8498948,0.04817587180901865,0.005141759559179934
1782749304.337394,0.04798265177438299,0.0051059554124170455
1782749364.7414422,0.04723463015292792,0.005030118398411231
1782749395.1008458,0.048406247731355365,0.005161021685928859
1782749455.4943266,0.0471972347056597,0.005013752072346632
1782749485.854282,0.046957064556795255,0.005004357308273834
1782749546.2056997,0.04586884857804174,0.004881728027672849
1782749576.6279612,0.046659364375129145,0.0049615059511926626
1782749637.0072753,0.046088710506971456,0.00491617531065806
1782749697.6646051,0.04685867161326543,0.004963273858083857
1782749728.135978,0.04805956822145847,0.005114205472743076
1782749788.4857101,0.04674022898619291,0.004964218482394277
1782749818.870573,0.046277051440959435,0.004928673346574869
1782749879.2452383,0.045460969771381886,0.004829840587657933
1782749909.6188862,0.04832452286138183,0.005138715122828788
1782749970.0725915,0.04706430504186055,0.005002122486583454
1782750030.4963067,0.04621754286877203,0.004905619206519694
1782750060.9851484,0.04777489644462939,0.005076113296974847
1782750121.4594438,0.04667464347810138,0.004973328694446415
1782750151.8799207,0.047239078743236615,0.005041547451157598
1782750212.2739,0.04794573684351626,0.005091518151036042
1782750242.6882727,0.04739002798995512,0.005061403969725229
1782750303.1045337,0.04563421424632501,0.004851154173149454
1782750363.505565,0.04624038762933162,0.0049183750876323476
1782750393.8818054,0.0470259540286926,0.0050214937703749445
1782750454.273805,0.04599936598136877,0.004896291970478223
1782750484.634038,0.04787737962616423,0.00509453329635652
1782750545.0223956,0.0468292287414641,0.0049875385633335505
1782750575.3759115,0.04796083619666232,0.005110746829362528
1782750635.7150874,0.04615156674101503,0.004890312426745007
1782750666.407917,0.04737457618962844,0.005050885839902352
1782750698.186288,0.04721022027617652,0.0050308404108611185
1782750729.8351445,0.009840028286244286,0.015285475341620818
1782750790.827013,0.04795468571688592,0.005092875736961069
1782750821.2340996,0.04539221212565261,0.0048165068106835966
1782750881.60851,0.04693923066646032,0.005006404873235624
1782750912.1542072,0.04658998057224163,0.004943282210918481
1782750972.6031783,0.04480749478908196,0.004771156791781349
1782751002.98872,0.04638293044984042,0.0049377470608901585
1782751063.557331,0.04837520206517478,0.005145000919363639
1782751094.2003717,0.04652900424301528,0.004950210654656226
1782751154.696604,0.04721786492189754,0.005030212500335046
1782751215.305884,0.048146893301866216,0.005121303165838871
1782751246.738269,0.04587892405205926,0.004881316399652432
1782751307.9591174,0.04729300569034242,0.005054080762241038
1782751338.7208436,0.046528807933262924,0.004964690271152097
1782751399.1997688,0.009844246809933841,0.015290078896523084
1782751429.562905,0.046714095415020855,0.004964642982614095
1782751489.928586,0.04651269716188643,0.004957463894105931
1782751520.2933052,0.0470093197523006,0.005008147097654253
1782751580.6471784,0.04666243669579685,0.004964290912975171
1782751611.9517162,0.047415840334401965,0.005054881057289245
1782751673.7377832,0.047490508269537025,0.005058792120931302
1782751734.6916895,0.047977658518947724,0.005106274719451926
1782751765.0307033,0.04889307820652822,0.005198100783681934
1782751825.3676276,0.04542600063900079,0.004838342591168069
1782751855.791924,0.04675284256512968,0.004996940450077336
1782751916.1667256,0.04724577210122799,0.005030824359430289
1782751946.5059216,0.047372683513335824,0.005036266017873636
1782752006.8470933,0.04729276348459522,0.005050340835560087
1782752067.1865337,0.009820799820120123,0.015266236200612253
1782752097.5852005,0.04701907716190685,0.005016676457924278
1782752157.9956627,0.009819798182552218,0.015273751582846353
1782752188.47093,0.047752714923025734,0.005100956611026986
1782752249.2349,0.04564864636988615,0.0048738289899250605
1782752309.974763,0.04727822247247238,0.005056258481324724
1782752340.820367,0.04636545452041091,0.004949128930853557
1782752401.500715,0.046339652828888404,0.004928971215725474
1782752432.0385764,0.047974700751596475,0.0051166554274924714
1782752492.5801015,0.0462795055886541,0.004936488528962093
1782754118.724353,0.046508694444175304,0.004972542634093708
1782754602.8600137,0.04642365734776722,0.004942928749537915
1782754663.2190292,0.047170740025821015,0.005011856674582201
1782754693.632122,0.0460490977894711,0.004908825642361253
1782754754.3221376,0.0473889024727194,0.005050448215243193
1782754814.7370126,0.047432923180762795,0.005053658479553804
1782754845.0891654,0.04710750020250171,0.005025068271162494
1782754905.5719945,0.045543115104766406,0.004878636597375
1782754936.0217187,0.04528426262600998,0.004822273742543396
1782754996.540531,0.04851855517169003,0.005175219160684062
1782755026.9716785,0.04679825012796113,0.004976722042153757
1782755087.3704457,0.04690657143957952,0.004992584809256035
1782755147.8128583,0.04816044958335776,0.005095488110737031
1782755178.2314472,0.04684831946142345,0.004995483223431741
1782755238.6118405,0.04619483874976949,0.00489516153543178
1782755268.9999034,0.04640085014668042,0.004949469771879876
1782755299.4136877,0.04625345471353251,0.004935456252283995
1782755329.8770988,0.048375283219006894,0.0051495371922947
1782755390.226644,0.04606384284934356,0.004885059550460156
1782755420.5989733,0.04736077781795837,0.005048888149363232
1782755481.1588178,0.0459320898287516,0.004901388544896057
1782755511.5767384,0.047844805628881326,0.005100175906577175
1782755571.950133,0.045988155527605726,0.00488302625903848
1782755632.2752342,0.009787652007786217,0.015348006352469286
1782755662.664608,0.04570718450996728,0.004870706463042544
1782755723.0524635,0.04589006446004491,0.004890166865030036
1782755783.4152756,0.04754378291474013,0.005082062748464443
1782755813.7745965,0.04773651188175312,0.005099582224627832
1782755874.1874835,0.048070716407495905,0.005107306670934243
1782755904.6505866,0.04767478321627803,0.00507197834171676
1782755965.0566533,0.04719227786932528,0.005038401334552823
1782755995.5163994,0.0097817726250625,0.015340174495219693
1782756055.9717596,0.0475281866636405,0.0050411574673012135
1782756086.3983927,0.04675645366563847,0.004967411913379205
1782756146.8286839,0.04663414529268896,0.00498076352515352
1782756536.0087063,0.04496684089516459,0.004779083262414839
1782756567.0150032,0.04644072593354982,0.004946261066034795
1782756597.347017,0.047082241436939974,0.005002834822331975
1782756629.080066,0.04592861439496715,0.004887170114992663
1782756659.9011817,0.04798150013740518,0.005116081764302076
1782756690.2633176,0.04618447880093698,0.00490871224856561
1782756720.61417,0.04749786080025292,0.005023862134681964
1782756750.9499824,0.04718060996442635,0.005029658810972956
1782756781.3049624,0.04818097735855128,0.005131230613098785
1782756811.7376115,0.04736258513595312,0.005018206880700979
1782756842.0883296,0.047452334356615763,0.00502904212535526
1782756872.431461,0.04817861973558016,0.005132388244894564
1782756902.7851813,0.04780047732280785,0.005094875352493722
1782756933.1395118,0.047349251539304256,0.005022152083475215
1782756963.4867043,0.04593840624420792,0.004881834702196363
1782756994.5044658,0.04741100528168926,0.005053041581819419
1782757025.2538834,0.04725805377568592,0.005032238390396668
1782757056.260644,0.04815764388031223,0.005129405999349667
1782757086.7534704,0.04638834958356387,0.004944573893714637
1782757117.142582,0.04767831911931244,0.00508354413417725
1782757147.5773828,0.04718789447407997,0.005037506613839559
1782757207.947335,0.0464611271522451,0.004935563643828538
1782757238.305181,0.04901108384494741,0.005214375504218546
1782757298.7255027,0.046565624508659566,0.004960391857605838
1782757329.2043006,0.04667294425597596,0.004979581890115365
1782757389.7502246,0.04798841350373685,0.005111799764638245
1782757420.354065,0.04790971748790889,0.005081259528149379
1782757480.9161923,0.046641353999359626,0.004964368516896295
1782757541.3445897,0.04778717800629755,0.0050902967950773
1782757572.3313272,0.046373979768186725,0.00495289578395578
1782757633.472811,0.04701584368219289,0.005007753392752576
1782757693.9032588,0.04814540660933837,0.005131824997939912
1782757724.2345119,0.046918857837701784,0.0049964709554841625
1782757784.5725071,0.046617849332326544,0.004972901050115103
1782757814.9469004,0.04616944999178779,0.0049067006457639735
1782757875.3303273,0.04768024475999057,0.0050740229328377585
1782757905.7397487,0.048064367841251975,0.005122231198009832
1782757936.0950139,0.0479957667641048,0.005115368569692907
1782757966.4795115,0.047172667575108115,0.005002621554351584
1782758026.8512785,0.04777369814416723,0.005093009099550835
1782758057.2404196,0.04800967757695312,0.005102071336542733
1782758117.6457772,0.04499576492404431,0.00480498247680101
1782758148.0587375,0.04786566280432855,0.005137081909699693
1782758208.4287052,0.0470568955487965,0.005015630507647165
1782758268.8463423,0.047041350001934996,0.0050119644755186165
1782758299.1918886,0.04780067424977863,0.005090775178879659
1782758359.5279186,0.04725415167447498,0.005060256695178114
1782758389.9316242,0.046450719398439436,0.0049499400875539345
1782758450.355104,0.04638278379670488,0.004931952511749238
1782758480.7236884,0.04637979067484087,0.004940509612490365
1782758541.089396,0.04672123609239975,0.004982385763431745
1782758601.438948,0.04643067674634481,0.004935115828233005
1782758631.8789032,0.04717912139015063,0.005023497905579107
1782758695.0504842,0.04638070958724818,0.004916335601458688
1782758726.1783423,0.04750981081445177,0.005079574258654366
1782758786.6820488,0.047424987482070025,0.005029815234999996
1782758817.0319808,0.04650025704402033,0.004950375256796647
1782758877.554629,0.04797057957288337,0.005110212365955541
1782758937.973627,0.04968282757283582,0.005306109425230586
1782758968.3448439,0.04711125244293083,0.005026258656626838
1782759028.830694,0.04768987181903657,0.005055243222249964
1782759059.2263086,0.04692542440130918,0.005016079558587858
1782759119.6617758,0.04710462989259865,0.005037266190359044
1782759180.0026932,0.046938384295477316,0.004997510883903508
1782759210.3826685,0.04702204809599778,0.005001332035870732
1782759270.7704887,0.047262205976091716,0.005015703885634466
1782759301.1812227,0.04707762957363785,0.005019590601582676
1782759361.572366,0.04587481247122583,0.004886736717756875
1782759391.9368055,0.04700832680982868,0.0050180152021739475
1782759452.280098,0.04608919824498392,0.004920321686909802
1782759482.6577168,0.04561106858562288,0.004857709469414378
1782759513.0806522,0.04566314005488554,0.004865954917696928
1782759543.4422207,0.04780301855169951,0.005130482294653006
1782759603.7868676,0.04641852759088988,0.004932071293480753
1782759634.1386828,0.04631257918974946,0.004925458997647702
1782759694.508348,0.04804845248272263,0.005132802062764476
1782759724.9634173,0.04771881439295218,0.005078417330852525
1782759785.3869648,0.04752733591259755,0.005075081361311983
1782759845.8516178,0.046641136851380584,0.004964913268271522
1782759876.3873024,0.046254525956633784,0.004907811391619169
1782759936.751321,0.04642560635904946,0.004953711515917139
1782759967.1099913,0.0470207054432513,0.005003455223748549
1782760027.4853208,0.04935141128080481,0.0052438139795574
1782760057.9080014,0.04698879784050918,0.0049907575269826695
1782760118.588637,0.04729732477161828,0.0050378313574106735
1782760149.0767457,0.0464830565146944,0.004941310871943418
1782760179.446211,0.04637353384687918,0.004929436638843973
1782760209.7888856,0.04778138815720983,0.005096703036714807
1782760270.1437736,0.04806898656257798,0.005120622421293387
1782760300.5522282,0.04758853055483285,0.005070630394116208
1782760361.0474207,0.04733253234006511,0.005019867223848281
1782760421.455186,0.04508423610976045,0.004807186080687379
1782760451.9601004,0.04661460801335474,0.004961136905188052
1782760512.4028678,0.04711861157602975,0.005023143384086134
1782760542.859734,0.046503760157126255,0.004948441134184379
1782760603.262141,0.04647110242819779,0.00495714782468632
1782760633.6981142,0.04703246981130007,0.005000334676658104
1782760694.116405,0.046029966069759905,0.004909481485671921
1782760724.5149813,0.04826798443477274,0.005132991791011876
1782760784.9134443,0.047889885204702436,0.005085688397616099
1782760845.2729533,0.048415966835895816,0.005175529196318994
1782760875.6097808,0.0473747964750591,0.005056259522958681
1782760935.9704585,0.047523138884603765,0.005068381439218024
1782760966.3557932,0.046960164569766316,0.005004544370839507
1782761026.7586467,0.04820586504213403,0.0051403778841385955
1782761057.2180457,0.046605260775927526,0.004959657738462639
1782761117.6218467,0.04718233402718217,0.005021131095427263
1782761177.9632893,0.04739062635054261,0.005037412380184844
1782761208.3165412,0.047942177769821806,0.005115667198559601
1782761268.6931157,0.04676277904140184,0.004950320665175714
1782761299.119296,0.04680180510990716,0.004997168481052623
1782761359.5686426,0.04737548479825516,0.005033512006994523
1782761419.905715,0.04699715385741714,0.005006132724706124
1782761450.2948549,0.04737707023140772,0.005042463646316611
1782761510.678008,0.04616134609921357,0.004932416344557468
1782761541.1263857,0.04745775273082951,0.005092098566828424
1782761601.4811113,0.046166927847009424,0.004925727553536617
1782761631.8809762,0.04917025574672193,0.0052426865431298665
1782761692.254471,0.048459367125309086,0.005143092174686241
1782761752.6794884,0.046680135504550184,0.004958116069796278
1782761783.1670227,0.04717849859816493,0.005024194105337228
1782761844.591798,0.04657865112881091,0.0049655702456799
1782761876.3895545,0.048153821692106205,0.0051177114197878786
1782761937.1282854,0.04565748015200333,0.004858212618317424
1782761997.6776748,0.047554648707098766,0.005066642550229564
1782762028.1055925,0.047287842510004674,0.005050551256830591
1782762088.5373027,0.04784533762600842,0.005106771802335747
1782762119.1385112,0.04905070179335889,0.005232981737407229
1782762179.6779342,0.04654959078011281,0.0049738698256443165
1782762210.1082041,0.04725024167056471,0.005060849727199911
1782762270.5951586,0.0472970486128823,0.005037082719240393
1782762301.0538592,0.009819071249519914,0.01530502718127087
1782762361.4456372,0.04778662037421977,0.005094413410897802
1782762391.8898096,0.04701150379168491,0.005003868840105227
1782762422.292789,0.04686673555945596,0.004987977353658979
1782762452.6804476,0.047128777553235995,0.004989992956663084
1782762513.0753937,0.04749292374483228,0.005051377640976533
1782762543.5582108,0.0481493487381362,0.005131314584318826
1782762603.9946985,0.04889108091260335,0.005232620784863642
1782762634.4697444,0.04732829179655409,0.00503129340375442
1782762664.8600056,0.047277755816055186,0.005025068374401827
1782762695.2718956,0.04653585285241777,0.004957636255578591
1782762755.661248,0.04716946937074967,0.0050360105294973935
1782762786.084622,0.046783164054732006,0.0049914362650156285
1782762846.4794765,0.045824064945183596,0.004871968290404671
1782762876.9043741,0.04779892015844978,0.005098026858433819
1782762937.3214538,0.04584104179741238,0.004887850774666152
1782762997.6958728,0.04540107659168497,0.004843134526946408
1782763028.1349366,0.04663167116061657,0.004973048925194883
1782763088.521556,0.047938312849649944,0.005116062939076442
1782763118.8995667,0.046921663115156734,0.005000159261674899
1782763179.2646494,0.047502614649353556,0.005046696627856022
1782763239.6843772,0.048047550744427785,0.005112437443096548
1782763270.5519125,0.046263543331023844,0.004929935134661335
1782763331.0284274,0.04732205915561236,0.005051970811274337
1782763361.3743198,0.04703063075499923,0.005006603710218757
1782763421.7476122,0.04712519639500487,0.005003686741259548
1782763482.109423,0.0472654667711178,0.00503249470308115
1782763512.44737,0.047214890262291795,0.0050127852776947895
1782763572.802601,0.04678565981769372,0.0049865674749313
1782763603.128538,0.04743545649945335,0.005049205628068375
1782763663.452125,0.047665357760273315,0.005052566996357616
1782763723.7756941,0.04667427215841436,0.0049737270327951145
1782763755.3721373,0.046496613001485956,0.004964605142562277
1782763791.375491,0.04795789974121033,0.005099924268714695
1782763851.8099222,0.04741936463083946,0.005042357410113945
1782763912.3690953,0.04781720341999142,0.005101555459250698
1782763942.7597444,0.046391022243034395,0.0049512537808832705
1782764003.0833123,0.047527883089905854,0.005058955597086812
1782764063.4353905,0.04709833776791485,0.0049952925678695215
1782764093.7794929,0.04855958827827055,0.0051462450184210804
1782764154.1856306,0.0467282439732446,0.004982665133787763
1782764184.5277545,0.04713821342636288,0.0050079575925300514
1782764244.9009635,0.04948793467229198,0.005268161053538169
1782764275.2483218,0.045947810563819504,0.004883187334782117
1782764335.6071682,0.04718612525712871,0.0050128956815945315
1782764366.2049553,0.04751424655137355,0.005089185851717669
1782764426.8305407,0.04652046040398709,0.0049487554124661185
1782764457.2939875,0.046461248866383434,0.004927456661219742
1782764487.967686,0.046383150097705265,0.0049206968058621335
1782764519.717644,0.046344502167678533,0.004950319383483134
1782764582.226489,0.04610549134922242,0.004908153565782964
1782764612.9844866,0.04853958780836935,0.005164428905430596
1782764673.4569168,0.04609166944603248,0.004878333107489184
1782764703.7843463,0.04654284648756418,0.004970017000506442
1782764764.1255572,0.04782441249440386,0.005079123062303481
1782764794.4676452,0.04608649618656238,0.004925652219978573
1782764854.8245323,0.04809067923912948,0.00510772146300218
1782764885.245565,0.046565868453184944,0.004930047006253697
1782764945.7024527,0.048064708349139534,0.005120525662214799
1782765006.221345,0.047271562916561725,0.005023755972426174
1782765036.6301062,0.04692476402322907,0.004980247089571771
1782765096.9609804,0.04729927904929835,0.005042657172529127
1782765127.290426,0.04808194070818688,0.005136148549786336
1782765187.6243823,0.04712624532139503,0.005007478734631729
1782765218.001569,0.047372638125960986,0.005055668809439242
1782765249.6842673,0.04742809905372069,0.005062154228789544
1782765280.36349,0.04674907824213178,0.004956189972460859
1782765342.5118213,0.04763271471304305,0.005070034689023464
1782765375.1353562,0.04757663004831378,0.0050464000716153425
1782765435.5348754,0.047583015954915354,0.005051631158810321
1782765465.8632882,0.04661781602390175,0.004962134469959349
1782765526.1935582,0.048498973884676395,0.005170845305734665
1782765586.5845335,0.04863152884789346,0.00517351233620257
1782765619.1174643,0.047440063399709374,0.005058013633221603
1782765679.8766332,0.045433156634100164,0.004829016358091309
1782765710.4094102,0.04656574920990342,0.004964215643228448
1782765770.99721,0.04675595976011995,0.0049564012720154
1782765831.3823254,0.048113014599830986,0.0051303366861792385
1782765861.7026975,0.04681773888842402,0.004988065680824546
1782765922.0259767,0.04694978978925864,0.004988629971984375
1782765952.440498,0.046611254820485636,0.004960294443369743
1782766012.8616123,0.04689164418311838,0.0049961778667491664
1782766043.3108783,0.047645901554258296,0.005072248085036981
1782766104.9955943,0.047127620688543544,0.00504701739438805
1782766166.3621957,0.04773089417182235,0.00507451387300291
1782766196.8792892,0.04750343575217063,0.005054151463991197
1782766257.8539886,0.04702854556105621,0.005000150302450841
1782766288.293276,0.0481342000155208,0.005114761414689171
1782766348.673573,0.046203852785608936,0.004921306865018721
1782766379.0121503,0.046010243178732556,0.004902839520515867
1782766439.390486,0.04655601185424354,0.004974424632213348
1782766500.2831774,0.04664628154680463,0.004949137477628467
1782766531.324043,0.04779076719272247,0.005095354165827531
1782766593.9444926,0.047334191633577716,0.005023102519659839
1782766624.9493024,0.04720619206856551,0.00504480813428695
1782766686.5404673,0.04687984126642206,0.004988354792406007
1782766716.8496263,0.04658995975298157,0.0049655398662092525
1782766747.1720212,0.04661958725440151,0.004967417636999458
1782766777.4926882,0.047376376794753546,0.005043897404849909
1782766837.886383,0.04753173995825843,0.00506856212101499
1782766868.3152237,0.04610839962002756,0.004915841795994914
1782766928.7597091,0.04720714267695631,0.005007780133190765
1782766959.1462328,0.0469607653967551,0.004985658029167117
1782767019.5489054,0.04715037168823843,0.005031323940004625
1782767079.9421244,0.04817136015709346,0.005111890893156502
1782767110.3344054,0.04732315183259852,0.005029488563784748
1782767170.7280915,0.04605301700888848,0.004902147182433686
1782767201.102514,0.04792802713154629,0.005115805741793439
1782767261.466007,0.04769810394416879,0.005082351527095159
1782767291.8157558,0.04860431059230682,0.005208044344319013
1782767352.1877837,0.0484802295201628,0.0051639507726797115
1782767382.555161,0.046491388187854144,0.00495559750069274
1782767442.934432,0.045914051558501534,0.004889077074664671
1782767503.3122163,0.048241883911764274,0.005133873124276589
1782767533.706962,0.009824683983703831,0.015342701736810493
1782767594.0794537,0.04671553719950972,0.004968687285934511
1782767624.553142,0.0465898713512342,0.004951399267982768
1782767684.947004,0.046923077402260184,0.005000637084855967
1782767715.343043,0.046595415672905795,0.00494933298654926
1782767745.700946,0.046480550783931686,0.004938453771900212
1782767776.0596602,0.046866092329352585,0.004994482940252701
1782767836.4236293,0.04593535252085023,0.004892775594039771
1782767866.8368633,0.048222226750364285,0.005137278156915279
1782767927.2299592,0.04716701816250298,0.005028471212992424
1782767987.6296694,0.0456831568810932,0.004845679121795405
1782768017.9753122,0.04742535168432273,0.005047729136390176
1782768078.3406944,0.04679585614067059,0.004972721770358809
1782768108.7021842,0.048379407974058874,0.005142104730079338
1782768169.099672,0.046388670527879344,0.004928475384627369
1782768203.438704,0.047442310198446476,0.005049682441315874
1782768264.0205925,0.04611192012716166,0.004911287846613875
1782768294.5165732,0.046681661559506066,0.004965795857674582
1782768355.0046728,0.04783811588575485,0.005099096026005014
1782768385.4363253,0.046914008010016724,0.005010699842655981
1782768445.8526063,0.047010917141394305,0.005000781604911212
1782768476.3040717,0.04794872158156999,0.005108016598035433
1782768536.7312992,0.04747032829912823,0.0050639609720948085
1782768597.124714,0.047334141292691895,0.005041287596133483
1782768627.5256479,0.04789536111051761,0.005094119786729786
1782768687.9463134,0.048409252481925756,0.005131171578770879
1782768718.3648891,0.04832152085674117,0.005139080157143892
1782768778.753974,0.048967552273376055,0.005214116081774203
1782768839.1306446,0.048456487963515836,0.005154763986402649
1782768869.5042305,0.04681289329974923,0.004990462719907257
1782768929.8818188,0.04795944304088568,0.005106571280554995
1782768990.2996094,0.0457310861048727,0.004882545034121931
1782769020.6632376,0.0464232590680982,0.004939857453015881
1782769081.078443,0.04737861841511098,0.005036802803826281
1782769111.4595368,0.04779242582478144,0.005079444300002115
1782769141.8709795,0.04769064881537827,0.005068155275154885
1782769172.2919474,0.04663488613216654,0.004956014884928465
1782769232.6732032,0.04778728203010047,0.00509158209825581
1782769263.0344212,0.04753415633246388,0.005077834321979803
1782769323.4400902,0.04683745683942897,0.004995356949793234
1782769353.8100126,0.04698344251735913,0.004986988830000648
1782769414.2345908,0.047856574436562244,0.005086474639983623
1782769444.6583652,0.047650042368747314,0.005058463229528477
1782769505.0574884,0.045749867913324034,0.004897270041679446
1782769535.4828677,0.046592502755460945,0.004956811701894584
1782769595.9165273,0.047079156994208386,0.004996085586113738
1782769656.9338489,0.0461956993034028,0.004896189958912761
1782769688.4610388,0.04622202685688729,0.004926319778549142
1782769750.266117,0.04887445836337367,0.005194865273321843
1782769780.8211126,0.04680982668358707,0.004996731938230041
1782769841.2677531,0.046863394553909234,0.004998693470170952
1782769871.7321403,0.04724494594930293,0.005018915467808416
1782769932.1161098,0.04567856890622487,0.004851470591530895
1782769963.0902226,0.04780297835326403,0.005081812382996602
1782770023.5622046,0.04746885467659752,0.005047649687161192
1782770053.884434,0.04761641378750726,0.005090989697964072
1782770114.2069232,0.046660524165553864,0.0049606041694624185
1782770174.5465891,0.04991069224082228,0.005325410651332683
1782770204.894395,0.046208092406107404,0.0049092517311958295
1782770265.2358434,0.04750583378819672,0.005067820305404423
1782770295.5900724,0.04689094085722329,0.004996864710001905
1782770428.7635107,0.04669072011716661,0.004968980525809572
1782770459.0884802,0.04610554144924703,0.00490523428585844
1782770490.9277935,0.049402284884810084,0.005256238408984836
1782770521.416783,0.04610663644986674,0.00490694217441409
1782770551.7641616,0.048135557477253677,0.005125236990158824
1782770612.1303952,0.04633094005138605,0.004933203940647553
1782770642.4769652,0.04693637500367378,0.0049940557766492925
1782770702.847901,0.04713760956208274,0.005016432411747754
1782770734.707716,0.04804127028778101,0.0051064142495032645
1782770795.7006888,0.045678803460976615,0.004886984283878234
1782770826.237611,0.0476718202472685,0.005064437530344036
1782770886.8441916,0.04738715765599941,0.005044913634441773
1782770947.3786364,0.046679391610881915,0.004982539445045689
1782770977.8015985,0.04742987534011192,0.005085289092313263
1782771038.2606928,0.04793896252256906,0.005109515288245207
1782771068.7231545,0.04704020680282168,0.0050123067158347615
1782771129.1338792,0.04792713064058364,0.005106814726561726
1782771159.5653632,0.048572721896203916,0.005170144175378358
1782771219.983827,0.04705265623990897,0.0049998320893323055
1782771280.3891492,0.047309775041587204,0.00503909818765337
1782771310.7652926,0.046476099745859846,0.004943201276369022
1782771371.1401014,0.04498907200852913,0.004798495785635298
1782771401.5545125,0.04874042057973413,0.005203987115585089
1782771461.9655843,0.04645006427615989,0.004929020223491461
1782771492.3216054,0.04658279249923231,0.004950988684627672
1782771552.7144809,0.048059240890824924,0.00511834478048529
1782771613.082326,0.04844867471942836,0.005149570844998906
1782771643.4292405,0.047597343591717724,0.005066052400060394
1782771703.8418756,0.04705627704426496,0.005013759824759204
1782771734.2990472,0.047645552120532855,0.005063111218454805
1782771794.6831787,0.04828053923939228,0.005140031155027869
1782771825.1867354,0.047718920325732314,0.005076139973694371
1782771885.546436,0.04847238012386283,0.005159717430782191
1782771945.8956811,0.04690351458690676,0.0050113242598498215
1782771976.2263732,0.047197626758807044,0.005015041244802423
1782772036.5846307,0.04741255439278197,0.005035204477629536
1782772067.0055764,0.04892334546738866,0.005233143293466075
1782772127.4582634,0.047608039037210954,0.0050617697705264055
1782772187.883328,0.04661927446270983,0.00499162088439567
1782772218.254978,0.047664534397109326,0.005061917745755534
1782772278.6062586,0.009813831094198915,0.015306991102797575
1782772309.028596,0.047605400251244295,0.005093964136025449
1782772369.4856126,0.04657754420726867,0.004946023283393097
1782772399.8787465,0.04619841038445286,0.00492494926336798
1782772460.2810283,0.04710546997811144,0.0050065182749088125
1782772520.6544464,0.04764048185251292,0.0050821776875443385
1782772551.037385,0.04675885907477757,0.004963939680849996
1782772611.4102774,0.04687007037002121,0.004995718726531034
1782772641.798999,0.04578393604851989,0.004875301615289965
1782772702.2063267,0.04757611979444318,0.005086428448726734
1782772762.5651298,0.046828468629375106,0.0049766050039238355
1782772792.987852,0.048315077104035216,0.005143047833039553
1782772853.4100034,0.046672904278627955,0.0049590716594415255
1782772883.7936661,0.048854707891984664,0.00521520362498695
1782772944.1536775,0.0466534559960774,0.004963831213143271
1782772975.1193106,0.048720355913625744,0.005188826674358803
1782773036.2303932,0.045999571222982254,0.004892466512471704
1782773066.9598365,0.04651226374809299,0.004953190178858874
1782773127.5487883,0.04822197582564396,0.0051413527548041325
1782773188.0339696,0.04618712251645038,0.004919840910519877
1782773218.5271063,0.04724881745255389,0.005020288399298325
1782773278.9400241,0.04769182071348985,0.005053794878729255
1782773309.2798507,0.0479362848417898,0.00511873708869225
1782773339.635626,0.04820323076730109,0.005150247236732854
1782773370.0155733,0.04749954277423872,0.005064250749490674
1782773430.4061804,0.046038491688722316,0.004891989796474019
1782773460.8456733,0.048660555725961764,0.005192467932093962
1782773521.2604516,0.045789207540625064,0.004871693012635888
1782773581.6238391,0.04714401559073883,0.0050311632140417235
1782773611.9876688,0.04772471939453921,0.00509286665859025
1782773672.3852746,0.04769015880710487,0.005088260292018889
1782773702.7716832,0.047874572460100434,0.005077371511733517
1782773763.1789372,0.048102719009494074,0.0051114718409546196
1782773793.6362016,0.04811451090011948,0.005147461534176715
1782773854.014091,0.04652735185661161,0.004956914231384667
1782773884.3735778,0.04773494010452172,0.005094196404187191
1782773914.8079314,0.04810096392148102,0.005129757891611364
1782773945.1920125,0.04782716035759066,0.005075641750672654
1782774005.5580294,0.04687164674957988,0.004989122161075003
1782774036.0714142,0.04809223446026961,0.005139564284285762
1782774096.4822838,0.04526193415599457,0.004818793017686698
1782774156.8351383,0.04818975244745367,0.00511221916085782
1782774187.2166944,0.047507482467651525,0.005052186580171945
1782774247.6320403,0.04712098988474621,0.005042046614348266
1782774308.023085,0.04944810823256386,0.005279498332684669
1782774338.377134,0.04664453746255215,0.00496910879859983
1782774398.7635648,0.04836403018483017,0.005161955871121769
1782774429.1933434,0.0480080451636672,0.005097056420642425
1782774489.6187553,0.0471435849615759,0.005010309545936722
1782774550.0089924,0.046990555025867096,0.0050029867094824945
1782774580.4087706,0.04646281727029974,0.004925759166059623
1782774640.811205,0.04810919412738141,0.005137347242777376
1782774671.2333193,0.04703263706354168,0.004995388323531841
1782774731.6304715,0.04532620046378956,0.004838169073026887
1782774762.2575603,0.048090748483121254,0.005123564509012697
1782774823.7815297,0.04708004025689727,0.005029991852640053
1782774854.680385,0.0482574937781007,0.005130222738228669
1782774915.1685274,0.04793204925997567,0.005093877264866421
1782774945.628788,0.04778298088716675,0.005092987123831768
1782775005.9992335,0.04684710383144646,0.004997161097514733
1782775066.369664,0.0467247741587916,0.004997850077337137
1782775096.752785,0.04724323913377064,0.005053396726558275
1782775157.118781,0.04817582086858757,0.005128619112078231
1782775187.6056955,0.04585253772093687,0.004867912550271963
1782775248.04793,0.04707838166547875,0.0050338633484232525
1782775278.4303544,0.04686080766970561,0.004997115066576665
1782775308.835358,0.04723269845593172,0.005037520088369025
1782775339.2159424,0.04625603323576497,0.004924385500973198
1782775399.6484509,0.04651025860007031,0.004947893823025897
1782775430.042113,0.04776243388703447,0.0050856504854643065
1782775490.475522,0.0463869478480215,0.004947106232620308
1782775520.9918785,0.04673331403968616,0.004962228454429964
1782775581.400191,0.04710395426612106,0.005009918721185945
1782775641.7670295,0.047887970115658596,0.005090679352104448
1782775672.114472,0.04535877966752838,0.004837334505753349
1782775732.4739048,0.047341656380247364,0.005059776783091161
1782775792.8533163,0.04815168703947212,0.005124224692808143
1782775823.2102716,0.04762604524716212,0.005072218688219423
1782775883.5662146,0.04726688963785265,0.005028377901615675
1782775913.9175663,0.04789446585522862,0.00510375225398006
1782775974.298303,0.04786078923686146,0.005115290729386871
1782776034.6427104,0.04732256503678221,0.005040794844246726
1782776065.0171666,0.04842814621928919,0.00516271237933868
1782776125.3858001,0.04758582245603812,0.005065369893322379
1782776155.7555294,0.04743137069999694,0.005071330055688612
1782776216.131941,0.04809646523041897,0.00510946193899128
1782776276.578751,0.048259866587818855,0.00514609901575994
1782776306.97402,0.04678593672662472,0.004984450982882576
1782776367.3263335,0.046068838644677895,0.004899467785843329
1782776397.7527745,0.046058384636220764,0.0049036788163726985
1782776458.127926,0.047808333276321634,0.005074144208696645
1782776518.4782832,0.04632389598220477,0.0049198716014700085
1782776548.8952804,0.04626522085487634,0.0049274951955284195
1782776609.7512891,0.04782506650733692,0.0050879716496011465
1782776640.3492498,0.009816423416976392,0.015344360396912757
1782776671.0002947,0.009818366303700954,0.015335260275002437
1782776701.6884587,0.04688022120922118,0.00499107899346161
1782776762.22885,0.04676274074328011,0.00500274651981198
1782776792.6720676,0.04596023172908973,0.004927482181497031
1782776853.0325003,0.046627858412677525,0.00497103989989805
1782776883.5035768,0.04695865384777021,0.005003619133591415
1782776943.9165163,0.04602069464589334,0.00489608654402756
1782776974.338767,0.04668396980851824,0.00495231946140613
1782777034.742788,0.04778419531021518,0.005085404054663241
1782777065.2050555,0.047589720785630396,0.005061681402321367
1782777095.5967908,0.047578529993990266,0.0050601507298413265
1782777126.0354998,0.046354971925113536,0.004947620345394053
1782777186.4538798,0.04802470609718877,0.005096888151613262
1782777216.8945935,0.046138760095436916,0.00492137599978837
1782777277.3015873,0.04676244276472098,0.004975431836566471
1782777337.7526417,0.04635813489400807,0.004938261813715496
1782777368.1495278,0.048360119601479255,0.005147763377926601
1782777428.5436566,0.04886383701148525,0.005184920988045572
1782777488.922549,0.048588213636664795,0.005159087172924009
1782777519.3176277,0.04683431107813559,0.005014143414791919
1782777579.7524216,0.047048280974575134,0.005020609630045544
1782777610.2116852,0.04841074951474561,0.005154405298876178
1782777670.6828036,0.046446043563571265,0.0049625537459731806
1782777701.1518238,0.04792411981950852,0.005095084528197255
1782777761.5437717,0.04703775751625823,0.0050324251709731385
1782777821.8904395,0.04659573114249056,0.004956450071092272
1782777852.2461889,0.045312638874060195,0.004845451145820056
1782777912.6507819,0.04606983123705222,0.0048935412936666565
1782777943.0485208,0.04659173738743477,0.004957254305128261
1782778003.4137216,0.04785031336989354,0.005083965125848379
1782778033.8586066,0.04745368229178818,0.005045297731694195
1782778094.2723718,0.047868289361303946,0.005097917989396753
1782778154.633502,0.0476358416921435,0.005088039456166248
1782778185.03839,0.04837968096314009,0.005152704196730822
1782778245.4396353,0.04606760455908896,0.004891820631763657
1782778275.8426104,0.04798996717897224,0.005113193787074705
1782778336.271045,0.047930584470611215,0.005120672199609589
1782778367.4902973,0.04698026640521071,0.005030180094319765
1782778398.2383833,0.047038980769699916,0.0050359537180523824
1782778429.037503,0.047368150012872534,0.005019710092647581
1782778489.505095,0.046294252163416226,0.004906636289027185
1782778519.8998923,0.048632574039140286,0.0051845335414508744
1782778580.3160048,0.04764910891609564,0.005064805724243313
1782778610.753702,0.04687414000424755,0.004991246879181455
1782778671.121437,0.04709196011468469,0.005023785485804766
1782778731.4790323,0.04678527833490567,0.00498020517936703
1782778761.938651,0.04657602519827923,0.004954860312309161
1782778822.3444345,0.046629781678694734,0.004959696742315284
1782778852.7597058,0.047296183306141625,0.005008333225172922
1782778883.1538694,0.04737045568170255,0.005017172522543796
1782778913.540601,0.04680046780569654,0.004968158607371463
1782778973.956122,0.04825430723786261,0.005150376461584657
1782779004.4187975,0.047582413402244644,0.005066821778962924
1782779064.8297215,0.04713147580491204,0.005037574546978412
1782779125.2266355,0.046256815687529776,0.004917927047464296
1782779155.5971096,0.04701518812437998,0.005012813450859313
1782779215.987568,0.04656147873447454,0.004959017493739022
1782779246.3613944,0.04831232796021745,0.005156581136561364
1782779306.7302203,0.04710887480533684,0.004999702935128994
1782779337.1739333,0.04724876084403663,0.0050440683226101865
1782779397.5980363,0.04645784344285705,0.004956901761386494
1782779458.0323553,0.04648517447426119,0.004957543554659196
1782779488.4345686,0.04796671813753209,0.005103531196515193
1782779548.8287108,0.045576545586620006,0.004874053553291678
1782779579.237586,0.04598400394890574,0.004874700611404174
1782779639.6774437,0.04649523939635473,0.004933677983288533
1782779670.1230092,0.04608771279290686,0.004896908124483832
1782779730.6552696,0.045947346789276304,0.004892314285823134
1782779761.0632124,0.0472987546288698,0.005025700148369308
1782779821.4680645,0.0465869271930181,0.004968252717053048
1782779881.8662255,0.047446257239449674,0.005022395429271027
1782779912.2521546,0.0473302683246974,0.005048541955360779
1782779972.6731899,0.047791497590642336,0.005080765149063355
1782780033.052869,0.04686463135951016,0.004984100510376505
1782780063.5115192,0.0471566200623686,0.005021499917520202
1782780124.9000635,0.046582147508879075,0.004949319194050467
1782780185.795812,0.0465576072533923,0.004952321058547969
1782780216.319202,0.04757643051888492,0.00506257303659177
1782780276.690714,0.046456964880966144,0.004950475355797245
1782780307.093871,0.04734205076708769,0.005027060512836022
1782780367.452298,0.04744702750690846,0.005069726450775568
1782780397.8591964,0.04666240762215128,0.004953540518430423
1782780458.2462049,0.04720194979857938,0.005025176308588798
1782780488.6551495,0.04687528052068063,0.0050094833861728215
1782780549.0691795,0.04805772830786273,0.00511894158036701
1782780579.568812,0.04582416389632957,0.00489351838445065
1782780640.01364,0.046521761297378825,0.004963151589141963
1782780670.3615222,0.046077375244949675,0.004912942456751031
1782780700.7778387,0.0460533695522332,0.004910317775059518
1782780731.1614609,0.04740666129316601,0.005060552471676866
1782780791.5572684,0.047871202532585755,0.005091118873998373
1782780821.9493225,0.0479141180813861,0.005084993116151985
1782780882.3300653,0.04767495252334775,0.005075667928299993
1782780912.7482789,0.0477602409842903,0.005092342746548613
1782780973.160941,0.04723092857037273,0.005030077856521706
1782781033.558416,0.04613344622204875,0.004910399495963228
1782781063.9338727,0.047599073580362125,0.00506965957209329
1782781124.3574898,0.04854951750566607,0.005168909175414155
1782781154.760838,0.0478524526593658,0.005096082732865446
1782781215.1933095,0.04690599910162967,0.004986752842829571
1782781275.6603863,0.047392740148274014,0.00503848430272514
1782781306.0569186,0.04742849432428387,0.0050384329860373766
1782781366.4424415,0.04745173133806385,0.005050222496275061
1782781426.777043,0.047579913682738166,0.005076140604877022
1782781457.1449704,0.046999606973433104,0.005006242115187929
1782781517.4909194,0.04677863882822581,0.004965808782264637
1782781547.8620288,0.04698249090776654,0.00501776477995901
1782781608.281347,0.04660184952606672,0.004966734594524598
1782781638.618617,0.04899706371624973,0.005224088099174661
1782781669.0205147,0.05004777139748767,0.005324627169297497
1782781699.4131124,0.04760015761281039,0.005068031956865943
1782781759.797552,0.04728015263294591,0.005030848272755135
1782781790.1427093,0.04767740624892901,0.005065459041795536
1782781850.5770614,0.04637953993046815,0.004943464752947343
1782781882.8511202,0.04658665320432056,0.004965934600793087
1782781943.4724357,0.04786491149790799,0.005093724442519276
1782781974.053746,0.04723690321081005,0.005021722517826684
1782782034.5000615,0.04895270311576196,0.005195168432059787
1782782064.942464,0.04704185396363253,0.005012054635970913
1782782125.3206446,0.04772648872778601,0.005082864887374667
1782782155.666574,0.04696302872454832,0.004978981778787946
1782782186.008155,0.04695987614090656,0.004977904009904485
1782782216.3737772,0.046980963921342093,0.004986060018882476
1782782276.7051594,0.0456833947821634,0.004860188017617953
1782782307.131746,0.046737012531900574,0.004966407593617513
1782782367.565303,0.047463198769617694,0.005054171797014923
1782782427.9613342,0.04653015650451404,0.004955799441446245
1782782458.3857017,0.0466785514736731,0.004956990385013346
1782782518.762726,0.045919314429679545,0.00488758097016385
1782782549.118596,0.04744467310999707,0.005053194082439013
1782782609.4641016,0.047515044356860624,0.005084282363094232
1782782639.7933764,0.047215056332419715,0.005028212435683841
1782782700.1514082,0.04790283677470566,0.005123511068286927
1782782730.4936028,0.04559654716442782,0.004863966835109026
1782782790.9820032,0.048451612288840686,0.005162569597765665
1782782853.1368117,0.04734272958306783,0.005025893798850879
1782782883.5831509,0.046416427319073715,0.004939131671780757
1782782914.0002136,0.0464398286559248,0.004941672985195388
1782782944.637569,0.04624194077358354,0.004945087282681098
1782783005.0312407,0.0472574732748685,0.005039613245137705
1782783035.3986437,0.04648253651065497,0.0049454029293192
1782783095.7515507,0.046400574798176705,0.004923256393830887
1782783156.1450062,0.04735094826586229,0.005030395923290171
1782783186.5207636,0.04900616034850949,0.005245140188361546
1782783246.918287,0.04646376138471343,0.004951917820123508
1782783277.5095282,0.045987258207665485,0.004901669388525444
1782783339.9213219,0.04662295116898183,0.004964856960741382
1782783370.5430987,0.047406210536169405,0.005041740646041808
1782783430.969474,0.0478272810623194,0.005082964666319936
1782783491.3441756,0.04712524747989039,0.004992943994341954
1782783521.7718227,0.04852978146602129,0.005171135176287062
1782783582.1506405,0.045978273678401634,0.004890130050652055
1782783612.520112,0.04780334073696787,0.005108165360783391
1782783642.9376507,0.04782362257882198,0.005109016512794959
1782783673.327351,0.04776253629862399,0.005091726014324403
1782783733.7136471,0.04769317194389633,0.005075322716511903
1782783764.0835528,0.049755348395999065,0.005309126165339079
1782783824.4495556,0.04617472403772027,0.004925200461154325
1782783854.8323796,0.04786122173503132,0.005099956929491441
1782783915.1982002,0.04665622844916766,0.004987318194500092
1782783975.6003146,0.05050331984160907,0.005380524494551505
1782784005.9950483,0.04704832379575202,0.005006449093233681
1782784066.4007432,0.04724605145676261,0.005016129610561
1782784096.7385423,0.04679314513511375,0.004988648263145263
1782784157.1084876,0.04763204554248927,0.005074127699608659
1782784187.4614232,0.046446421937967976,0.004936417727044768
1782784217.8436027,0.04640744185543341,0.004932759761955416
1782784248.216617,0.04662621851909415,0.004980304847721086
1782784308.605115,0.04695069452614787,0.005002901252247625
1782784369.0145936,0.04577202705094596,0.004869940978868865
1782784399.3743198,0.04772587475077496,0.005093253248594262
1782784459.7428815,0.04685789239302819,0.004996289298243596
1782784490.1403294,0.047607682010047954,0.005067691640630192
1782784550.4982004,0.04786974547549888,0.005083931085423714
1782784610.8533843,0.046774278627225475,0.004982030964921978
1782784641.2137542,0.048360120360642085,0.005137092684561714
1782784701.559162,0.04716843760197741,0.005037266743695616
1782784731.9564738,0.04674988132497832,0.004976759849459368
1782784792.3030174,0.047110739120435334,0.00500715715907156
1782784822.761341,0.047404643280721456,0.0050614176648881475
1782784883.2972665,0.04712554840226608,0.005016235771721738
1782784943.7388763,0.046711932343196635,0.004970586451645065
1782784976.246087,0.04907788660629283,0.00524978472252229
1782785036.776713,0.04789547586668714,0.005084449800507995
1782785067.3968039,0.04651618574457359,0.004931346396070551
1782785127.8657258,0.04767857695466303,0.005082938819254122
1782785158.319515,0.046945909882637187,0.004980875478407235
1782785218.7358127,0.04698917390286437,0.005013167128152977
1782785279.1045077,0.04707257875187213,0.005015523184327852
1782785309.5463145,0.048214385476614066,0.00514813267011338
1782785369.9293427,0.046347929316640064,0.004917055374463257
1782785400.335817,0.04705163089293472,0.005012472764941273
1782785460.7741952,0.046060889233669786,0.004898749918570769
1782785491.2692132,0.047597250521358846,0.005052488905947405
1782785551.6961184,0.047665028340616325,0.005068910260910829
1782785612.0792294,0.047854171935134485,0.005085068471664856
1782785642.5610287,0.046875589644181974,0.005008947323223602
1782785702.919129,0.046837605737414204,0.004978322748314255
1782785733.2597287,0.04632200493930081,0.004933270627703784
1782785763.6310651,0.04632200493930081,0.004933270627703784
1782785794.0717034,0.05027274519753269,0.005351311777245284
1782785854.4692476,0.04600528183391927,0.004893846526986969
1782785884.8487482,0.0486170216789574,0.005182761588283197
1782785945.2432098,0.04702934387691353,0.005020265377410704
1782785975.6193848,0.047893331152879026,0.005119764005369896
1782786036.0289307,0.046225491315988285,0.0049171334385026185
1782786066.463446,0.04813026183516788,0.005133578467589429
1782786126.856394,0.04606976695419887,0.004909257662945607
1782786187.2323523,0.04702562696499083,0.005002387778327287
1782786217.61019,0.048045694610491206,0.0050972317301367955
1782786277.9887624,0.04767114619278404,0.005115516831744417
1782786308.3904746,0.0466918448755093,0.00497450105041404
1782786338.8091536,0.046400420073889954,0.004940668199641498
1782786369.211525,0.04811763758340012,0.005114114115151903
1782786429.605639,0.04772729616935887,0.005083330065605207
1782786460.0464163,0.04620529588084884,0.004918701225311803
1782786520.4236817,0.047076044336822984,0.005008471559081376
1782786550.8694355,0.047227580018732,0.004997817514258921
1782786611.7769341,0.046619351331279875,0.004964789929240919
1782786642.5897596,0.0468146405641912,0.004988619763495664
1782786703.486602,0.04654776159042313,0.004951376835711262
1782786764.0084243,0.0492314211696119,0.005252685135224484
1782786794.4496593,0.04678862840945731,0.004970826193763569
1782786854.9164624,0.04675661395430698,0.004965002640116702
1782786915.3314352,0.047221867088951985,0.005020979980294618
1782786945.7305746,0.04881496706880464,0.005224057720748965
1782787006.1317694,0.04591153849408172,0.0048779884882693145
1782787036.5798876,0.04629681307282761,0.004921287242960524
1782787096.9741313,0.04739476312479543,0.0050480915479924685
1782787157.353575,0.047737027963297776,0.005089485002138168
1782787187.7168274,0.047400084033182105,0.005031214718542452
1782787248.0731776,0.04643296684070982,0.004971974284897287
1782787278.473294,0.04868520811241627,0.005184001831697031
1782787338.8606029,0.04759411493103116,0.005069705216392056
1782787399.229076,0.04747929516816471,0.005051814039683486
1782787429.6173954,0.04800983574254928,0.005098537772684716
1782787489.998368,0.048030279472456396,0.00512700724253947
1782787520.3938944,0.04736001481382119,0.0050542956942840455
1782787580.7566447,0.04753667131219619,0.005057596730996148
1782787611.1235278,0.047493939232484086,0.00506086194935954
1782787671.5513906,0.04787344459428859,0.005095801468208265
1782787702.0205019,0.04720165074759426,0.005022041341315993
1782787762.5501814,0.04743057750958862,0.005080248634986891
1782787822.960078,0.04844446783723316,0.0051466702853867905
1782787853.363657,0.045970274990365,0.004891805439631042
1782787913.7603927,0.04656533484596399,0.004949104663173292
1782787944.1670728,0.04720442682875421,0.005019846411524767
1782788004.5200377,0.04675937829773699,0.004980904513488015
1782788034.8691642,0.04896314855152387,0.0052164424670358405
1782788095.219249,0.04793180330193715,0.005115119551617142
1782788125.6230688,0.047714516356725085,0.005075539413155807
1782788186.0071223,0.04540416395726702,0.00480261008140635
1782788216.363456,0.04837639620593385,0.005153862984571534
1782788276.7487335,0.04819888482832629,0.005142883293432555
1782788337.126678,0.04653476386472789,0.0049603555911884156
1782788367.504165,0.04553292029460543,0.004840475108897591
1782788427.8644598,0.04728272869396552,0.005035003068166215
1782788458.3727818,0.04567958947273598,0.0049032666004373265
1782788519.2192268,0.04612179830730376,0.004892673695255442
1782788550.135396,0.045997541629878166,0.004897569262903777
1782788611.0687516,0.04828096010837743,0.005126561104169073
1782788671.7158628,0.04847589631484132,0.005158848908663239
1782788702.2614872,0.046920084292303134,0.004982492428695751
1782788762.699229,0.04665575916834991,0.004953988448700537
1782788793.1091542,0.0474314689407394,0.005045147592703157
1782788823.5367186,0.04755218614165328,0.005054836135121208
1782788853.9256458,0.04626968418485195,0.004932647908020353
1782788914.2987072,0.04679572346548236,0.0049898098884518845
1782788944.7351477,0.0473788668483861,0.00502644735718302
1782789005.1521597,0.04561785956450704,0.004856259646407454
1782789035.5291488,0.04709025113763685,0.00500307379047049
1782789095.912249,0.04479090591026193,0.0047841011988389165
1782789126.343287,0.04589748969961015,0.004885286505067684
1782789186.7650375,0.047327110861027824,0.005061767442953024
1782789217.2317252,0.04715197933380505,0.005037010491330419
1782789277.6042206,0.04737818731677184,0.005038395577450587
1782789337.9572887,0.047019069818893144,0.005021708039232445
1782789368.311071,0.047532014364635944,0.005081266076980862
1782789428.6844282,0.047216079536560776,0.005047411464993634
1782789459.1223655,0.04651715757108959,0.0049377599359850316
1782789519.520015,0.046516675677182574,0.0049551774570180665
1782789579.9034414,0.04742520245086895,0.005054108887231952
1782789610.2963598,0.04816867490760543,0.005102142517325452
1782789670.685115,0.04669674332832873,0.004972164065124937
1782789701.129875,0.04742922861715465,0.005050859489633616
1782789761.5454867,0.04702322723471787,0.00500700246474134
1782789791.9617078,0.04698543555342902,0.004989626767623953
1782789852.335452,0.04796574671938731,0.00508883556417062
1782789882.761666,0.0476176185714099,0.005067998233963665
1782789943.151018,0.04669292799210697,0.004974795745384762
1782790003.537234,0.047425494254912604,0.005067309547629543
1782790033.9351997,0.04740142698955682,0.005043021348115496
1782790094.347183,0.046313883146826135,0.00494108501266917
1782790124.7600234,0.04777726176237926,0.005079710756350013
1782790185.1482956,0.04823437059443566,0.005147053754665236
1782790215.6148932,0.04715493238088948,0.0050145684094695005
1782790276.2044456,0.046468187091709905,0.004953277661930421
1782790308.0046678,0.04847987797409864,0.005141866128343769
1782790368.722496,0.04801591196868338,0.005121824792288883
1782790399.124257,0.048379878570474086,0.005165413682058566
1782790429.552219,0.048934567548904705,0.005224998779697566
1782790459.9841487,0.046720821668765844,0.00497374081887914
1782790520.380856,0.04849561597869731,0.005185101961420786
1782790550.7506206,0.04722883108394446,0.005039042839282903
1782790611.1686866,0.047967575481473596,0.005109549742333488
1782790641.6204853,0.04677966384882594,0.004974553633189202
1782790702.0003438,0.048013822768614246,0.005122115438905139
1782790762.367762,0.04718608752540902,0.004999308058434865
1782790792.7741678,0.04673819173270876,0.005005129849610034
1782790853.1666448,0.04790975124144231,0.00508183273122206
1782790883.6267598,0.046869518678793395,0.005002826365435202
1782790944.026423,0.04745394431242944,0.005050047395866122
1782790974.5060713,0.04715856284713725,0.005014737850323288
1782791034.9369571,0.04814997921435956,0.0051277958527519785
1782791095.3309262,0.04659827592610503,0.004937885477054499
1782791125.6985917,0.04737163456512988,0.005045954772618041
1782791186.1061606,0.04686237428527227,0.00498869096160744
1782791216.555281,0.04654134248707338,0.004951861039838158
1782791276.9996533,0.04839060052833242,0.005137859525078676
1782791337.3813272,0.047558995559218546,0.005055032770489188
1782791367.816431,0.04783782440173446,0.005093339731168021
1782791428.1921444,0.047289700605678386,0.0050562370792481305
1782791458.6007617,0.04624417535448356,0.004922813019303398
1782791518.9970524,0.047060213572508634,0.005006677330903238
1782791579.3858328,0.046568679799202164,0.004955650647788015
1782791609.7392771,0.0474823713770374,0.0050747382187711085
1782791670.0931754,0.04732766671933189,0.0050435106543637274
1782791700.4640183,0.04727554683991426,0.005025620153705787
1782791730.8309968,0.04730312717513044,0.005026945687026317
1782791761.186087,0.04802131092319876,0.005124660759068491
1782791821.526689,0.04572058446028384,0.004892797340198328
1782791851.8712022,0.0463775642279614,0.0049558611341426325
1782791912.2499006,0.04607029587865119,0.004903563101864078
1782791942.6849651,0.04662525810027532,0.004986587287459812
1782792003.1048703,0.04725665007302467,0.005007586248605459
1782792064.930158,0.0485536215137743,0.005172310356763349
1782792095.8730102,0.047654498024337015,0.005072780077726256
1782792156.3868067,0.04599667443959363,0.004896551320397351
1782792186.9597504,0.04642095905756581,0.004937043478344347
1782792247.491549,0.04626213328561928,0.004917584609018443
1782792277.9803,0.048472281642977066,0.005156885109968028
1782792338.397614,0.04692887656194946,0.005008779171484427
1782792368.8221364,0.04684548941876777,0.004982250065696972
1782792429.189186,0.04704491982958593,0.005005240874485712
1782792489.556621,0.048312690440841986,0.005165330992450663
1782792519.9942832,0.04759463220394397,0.0050595763477765295
1782792580.4131346,0.04916686261699574,0.005269497693765047
1782792610.8366153,0.04752815060885502,0.005064349752954996
1782792671.2544787,0.04833542679947005,0.005152580681042203
1782792731.6569126,0.04641399623755509,0.004937176731541822
1782792762.0314753,0.048806219436417574,0.0051715197049963645
1782792822.418015,0.04822352524053041,0.005125061087041882
1782792852.8428192,0.04674673531915422,0.004957392957700138
1782792913.2380853,0.048809230178098864,0.005186787955407323
1782792943.6698096,0.04703583168615196,0.004984908894511988
1782793004.0805264,0.046943501311437284,0.004969633561299251
1782793034.4748356,0.046836911559829685,0.004991364251353215
1782793094.848645,0.04726709256543416,0.005030463671935592
1782793155.2449799,0.04640362356282023,0.004945102883889535
1782793185.6347327,0.04659595743511171,0.004940067566621379
1782793245.990578,0.047444349911789446,0.005048139032676772
1782793276.4267673,0.04766875798171767,0.005080417206527439
1782793336.8021376,0.047194349006930425,0.005037194605635644
1782793397.14715,0.04653872013314599,0.004954801906526934
1782793427.5372198,0.046874701845911665,0.005006160642922845
1782793487.9633734,0.04776667518774621,0.005067803310993157
1782793518.3991702,0.04742327086544643,0.00504492966196664
1782793578.7908444,0.046463708998095654,0.00494442131742714
1782793639.1888988,0.047416948870066505,0.00504962513804541
1782793669.6182883,0.0471277027571117,0.0050153619024074225
1782793729.9882443,0.047197512799556154,0.005044265404543275
1782793760.4566061,0.04736219740165894,0.005084539895341318
1782793821.067384,0.04637139089110788,0.004947763058436968
1782793881.8553479,0.04727364690040445,0.00503068029911282
1782793912.899388,0.04942142065349749,0.005275046862697337
1782793973.421946,0.04759613245980968,0.005060490223654608
1782794004.100186,0.04668385261839394,0.0049575941462376835
1782794064.5784173,0.04733262886473966,0.005048324941382812
1782794124.9875033,0.0483096288287341,0.00515072565357454
1782794155.3733535,0.047790340711291505,0.005102399401744451
1782794185.838175,0.047641644148342994,0.005099583576779337
1782794246.2821958,0.046696629359898476,0.004944198287978562
1782794306.6730921,0.04777358922000376,0.0050930037918585
1782794337.1284459,0.046320233714621205,0.004951102918794513
1782794397.4994555,0.0482854185332528,0.005146179950102043
1782794427.9424667,0.04825325681213646,0.005115004253401863
1782794488.3413393,0.04626489469732544,0.004930126786375177
1782794518.7813463,0.04688202116528508,0.0049825282730484805
1782794579.1633682,0.046452305211611665,0.0049571421975712696
1782794639.5277417,0.04564805002221012,0.004865163741031332
1782794669.926337,0.04765248027297039,0.005091506892086172
1782794730.2903583,0.04766786500156258,0.0050852028679589
1782794760.7562602,0.04665956749938458,0.0049603183699499205
1782794821.1685104,0.047814740641206464,0.005101634925939938
1782794851.630258,0.04572140773231052,0.004876326131925048
1782794912.04139,0.0472189593515674,0.005025646589958521
1782794972.445108,0.04625332178279328,0.0049523335608864984
1782795002.8737373,0.047635217763448735,0.00507611089884897
1782795063.3103702,0.048433520525703724,0.0051729821158809615
1782795123.7274606,0.04498318130676691,0.004798849499133313
1782795154.1054592,0.046467838209488924,0.004968473735319251
1782795214.4929466,0.04778535369420962,0.005079460427512892
1782795244.8630385,0.04628309107049479,0.004923202952207538
1782795305.2552083,0.04751797867765803,0.005056772088771958
1782795335.6374638,0.04825641516457153,0.005129707091823504
1782795396.0011215,0.04766744787140842,0.005065839289380776
1782795456.3373916,0.04609669154967858,0.004898774342444333
1782795486.7082646,0.047371100876651126,0.005038071437818044
1782795547.1039183,0.046996081474576526,0.005007475649180362
1782795577.537912,0.04633115367761171,0.004938961097545485
1782795637.995367,0.04759276929750449,0.005070466100077857
1782795699.2825384,0.047705438343279366,0.005068459330051146
1782795730.6173155,0.04684736739020171,0.005000292281676754
1782795791.1380248,0.046243625870469623,0.004894951503048844
1782795821.5772204,0.04775758603055183,0.005079430998822235
1782795882.045957,0.04795364021018114,0.005099547886656323
1782795912.4573622,0.04854101375671318,0.005182442703608564
1782795942.8788805,0.04845744786909423,0.005171165888346831
1782795973.2683902,0.046198129310139495,0.004919700754456961
1782796033.6735017,0.04700638104237869,0.004984608777167034
1782796064.0430584,0.04701603377428426,0.005007621117439407
1782796124.4517703,0.046485291514895916,0.004944728297363389
1782796154.92699,0.04722456156907414,0.00502239658779506
1782796215.3476493,0.04785429548127319,0.005114908317862599
1782796275.7155507,0.04751404066315191,0.005040322146940909
1782796306.0769687,0.04760933845432599,0.005072292866210942
1782796366.460118,0.04766543976444846,0.005091382199316784
1782796396.904821,0.04711666203051518,0.005004727049990561
1782796457.3140101,0.04781036236224866,0.00508606939395077
1782796517.6843276,0.04814365565399324,0.005150603073967964
1782796548.0612526,0.045395813791458184,0.0048187064644701965
1782796608.4444656,0.04806988072521993,0.005118198739807645
1782796638.8541102,0.047639239427627836,0.005070561469713031
1782796699.2290466,0.046793653678441384,0.004990907411539141
1782796729.6130328,0.046628158951521594,0.004996489139539576
1782796789.9857972,0.04799941257574925,0.005121797751336728
1782796820.4010189,0.04755270695026578,0.005067314889494362
1782796880.7932224,0.04682310084941341,0.005001151478938907
1782796941.144311,0.0458493812176699,0.004864362163954959
1782796971.543297,0.04632080675384298,0.004926491146043036
1782797031.8817146,0.04648831007355279,0.004932625033196533
1782797062.210906,0.04630344878662658,0.004930506693246876
1782797122.5668025,0.04738878922420296,0.005046353751406723
1782797152.9629755,0.04542755779001455,0.004831943012911368
1782797213.3239841,0.047685494616397185,0.0050847786902354945
1782797273.7127635,0.047908459415598306,0.005119808154297558
1782797304.1530612,0.046215610530163126,0.0049264199917040015
1782797364.586379,0.0479214405877256,0.0051196623629627324
1782797424.9545746,0.048111329393652084,0.005127877171269742
1782797455.3478274,0.046088894099224974,0.004898050555254321
1782797515.9195096,0.046703777758802564,0.00496756434626759
1782797548.2292695,0.04689981125230819,0.004984548095074702
1782797608.8125622,0.04787965220141491,0.005098614282158099
1782797639.2640204,0.04678284952120242,0.005000648214989113
1782797699.7194157,0.04774249704991576,0.005086344808795828
1782797760.0913103,0.04759738783977982,0.0050983234213341526
1782797790.493717,0.04662864205629664,0.004968528688670663
1782797850.840466,0.04680215775646348,0.005001830540017986
1782797881.2896597,0.04837161166205267,0.00514965272519189
1782797941.655972,0.047959369188307205,0.005107994813184824
1782798002.0371637,0.04707593291718325,0.00500490369729422
1782798032.4146292,0.04568477812803622,0.004866922080869407
1782798092.7954752,0.04636275954962,0.004947816390641546
1782798123.1501105,0.047428359145307714,0.005084947043490381
1782798183.5441737,0.04829855016229924,0.005134986861230989
1782798243.9468358,0.04680011237176216,0.0049811855764938595
1782798274.3288481,0.04892483061212854,0.005208259696203594
1782798334.674064,0.04662831049415747,0.004973621650919773
1782798365.0882354,0.04797349416700438,0.0051186838686527025
1782798425.4493394,0.04834391856012451,0.0051154768861143346
1782798485.8728325,0.04753077013844108,0.00505845289736535
1782798516.3343568,0.0456934335026357,0.004867061563643014
1782798576.7082164,0.04691458449272982,0.00501282896325763
1782798607.1055677,0.04677101017889166,0.004965651602625399
1782798667.4759822,0.04644162069972881,0.004942991095681053
1782798697.8483498,0.04710874902433143,0.0050153561931686585
1782798758.23353,0.05025862228209897,0.0053266620578193554
1782798788.6043763,0.04883987346297392,0.005206055870299844
1782798848.968649,0.04765167969750496,0.005072918375088891
1782798909.3439367,0.046158774118463274,0.004925334338299473
1782798939.7002022,0.047140175570763984,0.005019830067833902
1782799000.0776038,0.04836936015116828,0.005175565944990231
1782799030.5144942,0.047229224463995634,0.0050202643559335725
1782799090.9380383,0.04648437274568108,0.004955190935733753
1782799151.3228214,0.046570293839094584,0.004951612331975039
1782799181.7428014,0.04709795725546722,0.005005128001418716
1782799242.1725771,0.04659935609552978,0.0049469062803536665
1782799302.5271366,0.04674440871830288,0.0049847601039002334
1782799333.026961,0.04639804020644522,0.004956234724626516
1782799394.1148,0.04702948641367657,0.005024358843455372
1782799425.095263,0.04642296901970719,0.004937931899833754
1782799485.9841833,0.045702583024953725,0.004847411773722168
1782799546.5239284,0.047845677366925896,0.005090419024046311
1782799576.9209933,0.04809627359121777,0.005114695836677488
1782799637.3526428,0.048597408433299794,0.00518504120078213
1782799667.794761,0.047871172892980186,0.005080502998372989
1782799728.221986,0.04571631628332919,0.0048672438186883014
1782799758.6784675,0.04765284660475856,0.005089321400972802
1782799819.0643587,0.04792144038933991,0.005104557609066825
1782799879.4470694,0.04636503241709811,0.004939553976211204
1782799909.8732421,0.04628876496491944,0.004937066470620908
1782799970.2514896,0.04751995976109871,0.0050403105629363955
1782800000.628393,0.04677388312199637,0.004998985388271014
1782800060.9813964,0.046583850494004896,0.004963141071314825
1782800091.3989632,0.047596735778724614,0.005083086678593322
1782800151.8333275,0.046551265863531165,0.004956028740180149
1782800212.194621,0.046489597985944195,0.004950734734303845
1782800242.555819,0.047191333287753504,0.005039739727446471
1782800302.9525127,0.04633382533989194,0.0049373829570054
1782800333.3315494,0.00983291524811583,0.015354220611799654
1782800393.733365,0.047472312636523385,0.005054200641729007
1782800424.1659036,0.045994457293243474,0.004883762065987421
1782800484.5653222,0.04800620846200817,0.005116528839260091
1782800544.9420805,0.04558840916318588,0.00485129114117286
1782800575.3817043,0.045808954374763386,0.004870490047453254
1782800635.7782931,0.04695971243442304,0.005005210021444801
1782800696.1071374,0.047001573768011305,0.004991633505593236
1782800726.5574992,0.04745622867770529,0.005048480699553521
1782800786.9227831,0.04772461514216931,0.0050903139066796
1782800817.314531,0.0468824247576367,0.004997473396238317
1782800877.6826875,0.04558502615814096,0.0048387039173350115
1782800908.1199226,0.047616328453560196,0.005092735672071314
1782800968.507383,0.048020248750083774,0.005107429627465882
1782801028.9103575,0.0470857422920734,0.005009998090441051
1782801059.3066068,0.04736553438990163,0.005028419710615559
1782801119.6985397,0.04756404297223343,0.005074587438897389
1782801150.070997,0.047046170815859205,0.005019763542694353
1782801210.5954013,0.046408116170882294,0.004936378498575988
1782801241.7969248,0.04769687222722661,0.005063544366301042
1782801303.1778574,0.04649423184382444,0.0049417510662787085
1782801363.6503022,0.04652049529731234,0.0049616433619519545
1782801394.0653207,0.04693473593451928,0.004973738876380447
1782801454.4451928,0.045344483215569706,0.004828357656349049
1782801484.807862,0.04775829106908093,0.005098495874731063
1782801515.1538053,0.04777563161240567,0.005100266265736859
1782801545.5516803,0.047422840617270826,0.005062966035046067
1782801605.9014623,0.047491306226947576,0.0050675287505811606
1782801636.300682,0.047018808030336735,0.004992835324489891
1782801696.697643,0.047617073787985284,0.005070303189216246
1782801727.1664286,0.047240786446391,0.00503165563138578
1782801787.6345258,0.047552562127218624,0.005053453084346394
1782801848.0449185,0.04712464276371214,0.005023659106144025
1782801878.514536,0.04895000743466709,0.005220343142958593
1782801938.9230042,0.046659236920215105,0.00498301361566376
1782801969.3773918,0.047107728843957725,0.005014585379321742
1782802029.7458408,0.04755722560978221,0.005060414244274424
1782802090.1327524,0.04838923188438232,0.005161031245135757
1782802120.5184996,0.04734604388048404,0.005037405575126007
1782802180.9122024,0.04685688165824105,0.005012265314168571
1782802211.334473,0.047564230874926144,0.005071677571802327
1782802271.741805,0.04721078177864736,0.005024112354365528
1782802302.1395268,0.04715683227836672,0.0050074167093040155
1782802362.6101496,0.04617910486167695,0.004902612756170072
1782802422.985657,0.048010417942687865,0.005123699443393121
1782802453.3355746,0.04663614895423737,0.004961830796141144
1782802513.7445583,0.04709995071042341,0.005020165280143136
1782802544.1441507,0.046366717488096156,0.0049378635967546785
1782802604.5147126,0.04695587477612222,0.004995473774150654
1782802664.8823705,0.04745563185533991,0.005050394549992252
1782802695.253782,0.0467712210621987,0.00495679418657946
1782802755.6412165,0.04688629522916572,0.0049860097115048095
1782802786.0186222,0.0473365786537966,0.0050288432541282894
1782802846.4981163,0.04739673623104556,0.005060396461518206
1782802876.905185,0.04827582669380472,0.005127135997319525
1782802937.2675543,0.047106643583485916,0.004998797390366204
1782802997.666639,0.047547947669494744,0.005092009957732608
1782803028.558007,0.04679550321870633,0.004982991542200627
1782803089.4678624,0.048446957001515724,0.005164636863396927
1782803120.3821027,0.046630515186166586,0.0049634310443634816
1782803181.0027225,0.045414502260922814,0.00484183091029643
1782803241.4443116,0.04602578087136176,0.004899561670926281
1782803271.8178203,0.04708302406897754,0.005027896662933551
1782803332.1785607,0.0462270032108692,0.004916450163745102
1782803362.600333,0.047913748290740084,0.005101001773284016
1782803422.962614,0.047231988743486004,0.005001214610188598
1782803483.3216581,0.04607594310163578,0.004892211662179117
1782803513.7620316,0.047176587928069585,0.005012596173386527
1782803574.1935658,0.04627042453484289,0.0049130054450749056
1782803604.602857,0.04862844463302454,0.005172627733700854
1782803634.992479,0.048589722088220884,0.00516909258671165
1782803665.3758671,0.04909737703726549,0.00521697578581782
1782803725.7970686,0.048251079135221434,0.005131841105656366
1782803756.1810675,0.04821981669385571,0.005138538039778807
1782803816.5639923,0.04679292175130758,0.004968818489221114
1782803846.9723423,0.04765672639233855,0.005066879685891239
1782803907.3978484,0.046831616606146875,0.004962799580503272
1782803967.7849152,0.046734682491310374,0.004983452014414104
1782803998.2071993,0.048662206546341735,0.005196912913544458
1782804058.5791383,0.04777914331818869,0.005095638838509098
1782804089.0027237,0.04831483227834679,0.005147250422817677
1782804149.415435,0.04707136699534707,0.005020183684362239
1782804209.849592,0.04615194751660631,0.0049301963832549004
1782804240.2396688,0.04795283436671065,0.005089791616248987
1782804300.5955977,0.047245347825759565,0.005039474882074997
1782804330.9855733,0.04769370914471178,0.005082972113189673
1782804391.3969557,0.047312808994313386,0.005027950652398275
1782804421.7767467,0.04603850927035732,0.004892774994341986
1782804482.201048,0.04661793570739841,0.004954415444866454
1782804542.5843253,0.048079730206187284,0.005121956843843183
1782804572.9556117,0.04671546481619177,0.004959593902337016
1782804633.3041558,0.04748493613769475,0.005035429450069046
1782804663.7272828,0.04674832362687268,0.004983993572893721
1782804724.1273246,0.04704284145348208,0.005006085651176759
1782804784.5529597,0.04893130418858135,0.005204134863273541
1782804815.0325203,0.04726540310884339,0.005014773584264323
1782804875.7293243,0.04605847870249411,0.004931071456042197
1782804937.0495727,0.04732320764297347,0.005018325314080721
1782804968.3150613,0.047328255341630744,0.005044990501220903
1782805028.8064437,0.04730564544892934,0.005041399420147469
1782805059.2545197,0.04727248263187604,0.00502503527523951
1782805119.6731749,0.047841492484620746,0.005062596883686952
1782805150.1357543,0.044913662389923725,0.004771573664227617
1782805210.5567415,0.0470701814077099,0.005003689077352405
1782805240.9884994,0.04640106172230389,0.004952518702634152
1782805301.3799694,0.0485425495050978,0.005163673713702977
1782805361.7527504,0.04733364227355647,0.005047474580694883
1782805392.1678548,0.0488642825860972,0.005207868316566647
1782805452.5931077,0.04760944358917343,0.00507006951495015
1782805483.0299432,0.04622196543434187,0.004923326545843765
1782805543.4066036,0.04735138914680923,0.005039093270118852
1782805573.8332794,0.046269674547085915,0.004952536380568948
1782805634.2116764,0.04720432622354462,0.005047479203834611
1782805664.5987358,0.046893518054962474,0.00501183388500275
1782805724.9989693,0.04739091179923851,0.005055398973803339
1782805785.4375196,0.047645580449566696,0.005069722623589022
1782805815.8516273,0.04738169008697348,0.005040923901698627
1782805876.2224693,0.04690813113575743,0.004989963759398675
1782805936.6046045,0.047792103956763,0.0050633212613831104
1782805966.981934,0.04754568958022811,0.00508439919977416
1782806027.3532844,0.04537717211890803,0.004829612784440867
1782806057.7745612,0.04687697251359133,0.004987821814636846
1782806118.1273193,0.045069552698066014,0.004798050890366939
1782806148.4658575,0.046661983893892194,0.004970306669532936
1782806178.8578663,0.04675684627535712,0.004982690195200859
1782806209.2217357,0.04798074947891112,0.005123534086322305
1782806269.6039963,0.04565661282765369,0.004846895728719877
1782806299.951269,0.046813309720658745,0.004981905633163564
1782806360.3554916,0.048832728438089834,0.00520620138731825
1782806420.7132192,0.04756305136137773,0.005070676006987834
1782806451.075365,0.046565404842956924,0.004959537066367753
1782806511.477233,0.04843963373477664,0.005157394282760826
1782806541.8391862,0.04533347314138807,0.004835123912882275
1782806572.2563016,0.045466103878113055,0.00485054312784414
1782806603.973328,0.04767577930735273,0.005090523169737464
1782806665.177637,0.044260831031502426,0.00471673460987526
1782806695.8924303,0.04822478417398003,0.005128905949269977
1782806756.4170434,0.04561185196063203,0.004868321831028341
1782806786.804555,0.046682953124294456,0.004961590699520236
1782806847.290175,0.047258461052337324,0.005046285040034122
1782806877.7734149,0.048379538236702775,0.005144659495308524
1782806938.1935568,0.04720411604882953,0.005023467929017376
1782806998.5570624,0.0481254447679603,0.005107216785312805
1782807028.9336998,0.04631251903044026,0.004942315942292804
1782807089.3029604,0.04611192942840657,0.00491530023900351
1782807119.6978867,0.04615512733732468,0.004932421829836651
1782807180.0985253,0.04738573114109439,0.005053887402843292
1782807210.4732964,0.047573499851207596,0.005076599205524439
1782807240.8650172,0.047815126197499946,0.005102460016448704
1782807271.2481773,0.04766626039097422,0.0050797302006921115
1782807331.6590564,0.047836532159948555,0.005108521161100263
1782807362.0428314,0.04794865690275578,0.005128413578771696
1782807422.4649038,0.04641027079840454,0.004936196268825612
1782807452.8420172,0.04626126002118259,0.004938130266018106
1782807513.2204506,0.04610092972971298,0.004903474946061295
1782807543.588806,0.04624491710427337,0.004957520716363928
1782807603.9619749,0.04698471273033673,0.005019332241522319
1782807634.3873951,0.046287903273544484,0.00493497317970635
1782807694.801852,0.04745354128192313,0.00505612590156802
1782807755.26991,0.046982428735803675,0.005012526993242499
1782807785.68672,0.047002885911794544,0.005005819126958783
1782807846.031063,0.047092818829985256,0.004991689038396278
1782807876.4639444,0.047289516139382995,0.005009000866663677
1782807936.9156697,0.04899599763091678,0.005223915097818166
1782807967.2846932,0.04740447122786077,0.005047570373934034
1782807997.691661,0.047425895236589806,0.005048509719922797
1782808028.0994356,0.0464208522956156,0.0049369302331463945
1782808088.459585,0.047285817819249634,0.005020064093186247
1782808118.9547606,0.047302540105376184,0.005058443718690603
1782808179.3431456,0.046180297111339,0.00491677220843003
1782808209.8138158,0.045719356180348204,0.004849956215015667
1782808271.3623888,0.047767921260132254,0.005085029403489518
1782808302.2416346,0.04632203837853685,0.00491745871422159
1782808362.9554012,0.046735788388613184,0.004971411509003752
1782808423.3828578,0.047631512176891544,0.005062772654807653
1782808453.8777568,0.00983350305507917,0.015335674688571277
1782808514.327118,0.04795871022875503,0.005111870388648437
1782808544.760416,0.045079474814162905,0.004784547532042904
1782808605.1796718,0.049125382251721285,0.005220896028867741
1782808665.544309,0.04784304178394578,0.0051051094077731824
1782808695.9318419,0.047970590841828545,0.00512166432143358
1782808756.267412,0.047111628226440556,0.005028364912462989
1782808786.6681416,0.045828369652484935,0.004885761654057467
1782808847.0547082,0.04678168225960907,0.004997667566950658
1782808877.4370947,0.04770584765866037,0.005086071663315284
1782808937.879843,0.04885593017070262,0.005215192379436909
1782808998.273851,0.045303055209889996,0.004832207198120171
1782809028.680126,0.047794338676882785,0.005088796035101357
1782809089.149399,0.047813881571665655,0.00509725001373793
1782809119.5682256,0.047337637117749354,0.005032535139283926
1782809179.9634895,0.0471558979714741,0.0050306650879715495
1782809240.3827367,0.04645380350838382,0.004938727841040144
1782809270.7860916,0.045922386173107295,0.004892139734442848
1782809331.2528243,0.04686535535065149,0.00500736421180487
1782809361.7093523,0.048308126785508484,0.005150867659478267
1782809422.1347027,0.047882217244579806,0.00509137261362515
1782809482.5469515,0.047718034269778824,0.005086614450102545
1782809512.9313562,0.04892049360958878,0.00521398752775413
1782809573.390737,0.04917994516930041,0.005226552590496043
1782809603.8216016,0.045836693089800866,0.004888875132507603
1782809664.1693077,0.045951978573043104,0.004904248026269113
1782809694.6600506,0.009821020499357225,0.015370643957845978
1782809755.0512228,0.0477264692186699,0.005083091076028005
1782809815.3980527,0.04703288396895955,0.004991555558274027
1782809845.7839692,0.04757451230134462,0.005086153718458642
1782809906.1921704,0.04725152603139315,0.005053841963472742
1782809936.6177652,0.04687327051389743,0.004978903623830901
1782809997.0278876,0.0482542941528341,0.005121989493680547
1782810057.4459214,0.04624236378214942,0.004917386416584179
1782810089.2773726,0.047656779735165064,0.005086138250219571
1782810149.995378,0.04775138146321159,0.00510438049492868
1782810180.5626535,0.0482183462245991,0.005134536665910564
1782810240.970857,0.04810928333227522,0.005117185598819167
1782810271.4099216,0.047801774351492,0.005081506120773738
1782810331.828339,0.04533101903819629,0.004818130588057039
1782810362.2776804,0.04707899017960052,0.005023696346507365
1782810422.667826,0.04569210962576678,0.004875812503456026
1782810483.0750957,0.046899092917297554,0.004985535961494737
1782810513.447457,0.04657170562184483,0.004975331432624921
1782810573.834353,0.047560501120697374,0.00504786018726365
1782810604.2445152,0.04808278864483672,0.005138045551755029
1782810664.6292326,0.046621452332685664,0.004961247084560767
1782810695.0727093,0.04779620055615983,0.005105171064478323
1782810755.4866161,0.04704310167727654,0.005012603673030902
1782810815.8704112,0.046370477782631196,0.004947525172719069
1782810846.2797372,0.04624467230031043,0.004931468860543111
1782810906.6989145,0.04718586200072424,0.005010654854139563
1782810937.1076484,0.045930850095877135,0.00487591123186121
1782810997.4793277,0.04564850932773754,0.004841416482780732
1782811057.9331334,0.046055306920588734,0.004918865633459803
1782811088.2936988,0.04718378735079709,0.005034936330955603
1782811148.6785045,0.04688924041610667,0.004996986119707051
1782811179.099143,0.04873238161955532,0.005204795248589655
1782811239.4731135,0.04729891231459564,0.005038889017163122
1782811269.92582,0.04640913150547971,0.004917570439245675
1782811330.30823,0.0468826398447418,0.005023237035826323
1782811390.738651,0.04738094090820115,0.005043325245023778
1782811421.14312,0.04814604773100271,0.005111402947055602
1782811481.5175707,0.04756002701634256,0.005071882218755926
1782811511.8616757,0.04700942182672078,0.004997170516369542
1782811572.1990912,0.04687342864432514,0.004990038585376612
1782811602.608865,0.04659232403410399,0.00495794338623997
1782811663.0463703,0.04620914502098358,0.004926240797638741
1782811693.4930494,0.04646559881295161,0.004957799519799868
1782811753.9157708,0.04580423973750749,0.004862284227210067
1782811784.3307183,0.04802008982828386,0.005134801927380965
1782811814.76535,0.048058442615905514,0.0051365299016825575
1782811846.9015331,0.0469200048212066,0.004994742952183111
1782811907.5522254,0.04845946117584254,0.005166579072462377
1782811938.1667879,0.045548986773439624,0.004851494095760471
1782811998.5961473,0.04767809522569033,0.005094530879075599
1782812029.0499504,0.047527011467903627,0.0050810183788342215
1782812089.4659126,0.04782656872740726,0.005093518233279616
1782812149.847744,0.04698342480985119,0.0049941479594499925
1782812180.3366725,0.04764090644157843,0.005061296872628999
1782812240.7921493,0.046910388554140287,0.005030386361712696
1782812271.205673,0.04825172261523895,0.005131975366448322
1782812301.5768418,0.04822095295166777,0.005129656652396221
1782812331.9464526,0.047382274621269975,0.00503322117844265
1782812392.3192656,0.04670126132997651,0.004971028125502476
1782812422.720673,0.0487055029432044,0.005198184111209438
1782812483.0850224,0.047631430576631474,0.005078555159532671
1782812513.4422429,0.048197565257883344,0.0051414659738117634
1782812573.8997934,0.048313156557718985,0.005154004897925766
1782812634.3024313,0.0460115347907731,0.004904867251425525
1782812664.701506,0.04728797801907437,0.005017690829565396
1782812725.0463004,0.047449568222418574,0.005041959407995117
1782812755.3995383,0.047099741282365014,0.005021195648143494
1782812815.7839773,0.046876508661794575,0.004996384237950755
1782812846.232629,0.04772017386189665,0.005084635062694194
1782812906.715383,0.046170712305660104,0.0049098800228132245
1782812937.095387,0.04772254184715023,0.005070285894871018
1782812967.5371954,0.047589253030917184,0.005056567057127718
1782812997.959686,0.04662820685182698,0.004977941887068978
1782813058.3428917,0.04689952668199368,0.004990989755028957
1782813088.7810922,0.04815605142827891,0.005151125516108277
1782813149.1823702,0.04648740355847686,0.004958713469569442
1782813179.5673826,0.04831776886089233,0.005116298988989556
1782813239.9368598,0.046482174856928404,0.004926879017655321
1782813270.3190248,0.04631002915668748,0.004930453820811087
1782813330.7398052,0.04697215126697501,0.004997531665467585
1782813361.1229494,0.048817930567647154,0.005203319185249036
1782813391.4997149,0.04874057995135138,0.005195052928752123
1782813421.8429482,0.0481926779933029,0.005149752895698784
1782813482.236302,0.046809841957073786,0.004973502825087648
1782813513.3826363,0.04720142604301073,0.005027086358081077
1782813575.3248725,0.04929080453373287,0.005245058005111418
1782813605.8670056,0.04901609553743829,0.005231798015703577
1782813666.318787,0.04755397572232452,0.00507815083887122
1782813696.798183,0.04796675018654899,0.0050975979242617805
1782813757.2170627,0.048002887888252396,0.005110937493728867
1782813787.6456652,0.04611098902414333,0.004864785748193591
1782813848.1249459,0.047095431789385724,0.005021562176856241
1782813908.509049,0.0474926461431318,0.005060755313457851
1782813938.8993523,0.048372011637369504,0.005135843839236807
1782813999.2936022,0.04758956493100109,0.005068028727056555
1782814029.7805822,0.04836272138555053,0.0051716987639516335
1782814090.185294,0.046412876638437836,0.0049328853605571845
1782814120.6592178,0.04679603465489135,0.004975245778827823
1782814181.0669591,0.04849571435527354,0.005168313839309976
1782814241.3957381,0.046469028170742846,0.004949968871339164
1782814271.8050423,0.0473768445671093,0.005045963452477836
1782814332.2008698,0.046622893375366174,0.004970458032885032
1782814362.6288755,0.047753205031990126,0.005067083486415516
1782814423.0825868,0.04781564847206746,0.005081460211867321
1782814483.4765475,0.04789462646971022,0.005089250740621884
1782814513.8869345,0.047730009197355025,0.005107201184544279
1782814574.3015997,0.04710135034951598,0.005013432584554059
1782814604.6653793,0.04660706226384612,0.004961382316287325
1782814635.0457377,0.04665232117772124,0.004965218789789782
1782814665.4036071,0.047246774059772394,0.005039671070130813
1782814725.773744,0.048308145942601396,0.005137071660276163
1782814756.1647727,0.046755317469869405,0.004991488316166563
1782814816.5367062,0.0477732192452957,0.005083375931202794
1782814846.930078,0.047464381432159336,0.005053235893721702
1782814907.3023179,0.04717910366711859,0.005035356232998975
1782814937.7269092,0.04615313603911537,0.004918859815836612
1782814998.1492474,0.0479576977666711,0.005124122668585219
1782815028.5210474,0.0466225864689004,0.004988192098989907
1782815058.9261894,0.04669339856082511,0.004997106283301386
1782815089.3325834,0.04725605099957049,0.005032153125783273
1782815149.7381034,0.04802786356492826,0.005146792253284198
1782815180.189363,0.04812213900834445,0.005122692243249572
1782815242.2612972,0.04678138089500121,0.004947896878061304
1782815273.1365962,0.047680209428012044,0.005064928633407157
1782815333.6783445,0.04706337513994499,0.005030250553710893
1782815394.072895,0.04682832431744558,0.0049919969792878854
1782815424.4829135,0.04639684203235321,0.0049477528967680475
1782815484.8838043,0.046924481138496614,0.004985837551809846
1782815515.3681052,0.04671509565183149,0.004973424232474665
1782815575.777273,0.04725507723637528,0.0050178001815058375
1782815606.1795325,0.047624588176418535,0.00508478070726979
1782815666.565386,0.04684260311831616,0.004982807442650615
1782815696.9973469,0.048195549776568807,0.005137846227064303
1782815757.4455137,0.047480205025989354,0.005031303620270799
1782815787.8739424,0.04746369909276178,0.005041602794555513
1782815848.251733,0.009795276682182377,0.015285070439896832
1782815908.6245124,0.047500831186207994,0.005086462006318797
1782815939.0783286,0.04708918323239204,0.005017922188306722
1782815999.489495,0.04716618905357413,0.005023158033905621
1782816029.8765643,0.04674346124004561,0.004948140587485926
1782816090.256637,0.04691558427791114,0.005005312899386601
1782816150.6259077,0.04676448814053263,0.005007317136682582
1782816180.985745,0.047165278176728956,0.00501999097717071
1782816211.4021282,0.046897507266035934,0.004989902116917346
1782816271.8250315,0.04824760585979917,0.005127539957877106
1782816332.2064736,0.04692863734677638,0.004998525017845101
1782816362.604046,0.04625795935980539,0.004926399069669064
1782816422.9765372,0.046572045592637196,0.004967306217712461
1782816453.4824483,0.04806110181579317,0.005113604515334102
1782816513.9007,0.047064324381675585,0.005002575601304855
1782816544.339232,0.04830295250394061,0.005146110380088883
1782816604.7563019,0.045973659673317256,0.00488594776160418
1782816635.1867836,0.04735694322194408,0.005069884744262489
1782816695.6011443,0.04760198908421492,0.00506655622009987
1782816756.050023,0.048067429846654124,0.005124726248503861
1782816786.462452,0.04614716417107283,0.004921229763616385
1782816846.783883,0.04581926179740722,0.004876593002993529
1782816907.1484334,0.046219701086313326,0.004915837858694066
1782816937.5378883,0.04745440329570256,0.005038509565990178
1782816997.9152563,0.04747049240217401,0.005064937297771251
1782817030.2024388,0.04794509094795893,0.005113872654319971
1782817090.8603904,0.009833843332139445,0.015295351472178807
1782817121.39818,0.046809087105343504,0.00497929191432386
1782817181.8940935,0.046313767803030544,0.004924454234397731
1782817212.4931164,0.046058342766981536,0.004891543925166927
1782817272.9117286,0.04779788896681658,0.00510287446725859
1782817303.306378,0.047693892231651734,0.0050895453375682685
1782817363.773792,0.04631757624828124,0.004934846247843357
1782817424.2496698,0.047348450639668714,0.005063887829965152
1782817454.6861432,0.04771725942712031,0.0050825607508973875
1782817515.0908923,0.04724708858309323,0.005024638206524082
1782817545.5092869,0.047475784843317125,0.005073391927042651
1782817605.9388363,0.0465180530176188,0.004976917768092871
1782817636.3633146,0.04635757918545801,0.004921836410283225
1782817696.77624,0.04729638015621342,0.005040666778183216
1782817757.130699,0.04689042275100391,0.0050034776970039685
1782817787.4819376,0.0481491876434051,0.005119478745289903
1782817847.8576415,0.04672702482361795,0.0049680684536747505
1782817878.2672784,0.04768493778611644,0.005083958979664814
1782817938.6284046,0.04716230790836388,0.005000932617690995
1782817969.0259955,0.047177858018134754,0.005019707979373844
1782818029.3847032,0.04574343912282833,0.004871772261490275
1782818059.8429842,0.04665035949603374,0.004957235266928731
1782818120.2600229,0.049029696355178704,0.005218561029556705
1782818180.6307836,0.04791673678470799,0.005105103648229572
1782818211.0426912,0.04681978894483625,0.004982668471727261
1782818271.4341812,0.047061379310846654,0.0049823458280625794
1782818301.832492,0.04411696070177002,0.004705105520403063
1782818362.2647023,0.048028666785813225,0.005112403446251075
1782818422.6793313,0.0471962909586262,0.005016589835256413
1782818453.045485,0.0471495878832303,0.005025679923102979
1782818513.4096003,0.046741511770015565,0.004973527883694219
1782818543.8096032,0.04763464884256666,0.005080190631481741
1782818604.1833794,0.0460655453497563,0.004889017343038136
1782818634.6038523,0.047506280848015496,0.005050121009777484
1782818694.9753625,0.04804322943088161,0.0051015266987651225
1782818725.444146,0.04677008616136081,0.004956274717717592
1782818787.8068557,0.04658657516743871,0.004965419097054596
1782818848.544843,0.04674681631598901,0.00498693846969049
1782818879.2392151,0.04676930006549505,0.004964635642350305
1782818939.737498,0.04704045369677064,0.005018490348484508
1782818970.1376047,0.047606407235160395,0.0050626110242261045
1782819030.5262413,0.046416904030056126,0.004935394903058509
1782819060.9094126,0.04656989518733465,0.0049789739213862965
1782819121.2848103,0.046190735900944656,0.004917258174479885
1782819151.7649856,0.045959579171896074,0.004886590307237072
1782819212.204106,0.046655226438405965,0.004970203354079637
1782819242.5784075,0.04681498036282853,0.005005810645460653
1782819272.945558,0.04628626808272174,0.00495001696664149
1782819303.3959591,0.047340604556923606,0.005049952098531443
1782819363.7872794,0.04790061692376485,0.00509387665660806
1782819394.2886605,0.04752599780495399,0.005053787789429651
1782819454.7043886,0.047577188606136266,0.005060854340946483
1782819485.1132565,0.046147812951943375,0.004899602742285888
1782819545.4945738,0.0472364565502279,0.005031181030749619
1782819605.8513346,0.04768151388421834,0.005068578076912619
1782819636.225506,0.04827082481189465,0.005133763888112047
1782819696.5699828,0.04601268538459307,0.0048976698894891745
1782819726.9826488,0.04768112986340564,0.005080480356608506
1782819787.4065137,0.04794633412166614,0.005120730143152947
1782819847.8099384,0.04830897520620786,0.005147240254774097
1782819878.2439377,0.04763425931626389,0.005085154300937318
1782819938.6103485,0.0470942442439972,0.004984155789596218
1782819968.9905741,0.047325283408740884,0.0050349399633237285
1782820029.4432402,0.046538374763540793,0.004954735328558882
1782820059.819036,0.04728115004842245,0.005040275555523328
1782820120.1988597,0.047555872453849714,0.00504011497470515
1782820150.5987327,0.04630964161287726,0.004941141252418106
1782820211.0097594,0.048577098753831476,0.00517177461600392
1782820271.401467,0.047700316259423385,0.005060837683399662
1782820301.7905536,0.047515354633447277,0.005036944430301387
1782820362.1657183,0.04823241001979254,0.005130228553655777
1782820392.538719,0.046790200219525284,0.004964976587386463
1782820452.9430077,0.04701731971464552,0.005011074484415895
1782820514.9256513,0.04729730578813008,0.00504693140961974
1782820545.7000394,0.047014528965090535,0.004994168863588562
1782820576.3982515,0.047555183742715536,0.00506085059035407
1782820637.0039203,0.047912469063849994,0.005106256968256687
1782820697.4404666,0.04731502562330959,0.005045321391635273
1782820727.8544238,0.04503816597855512,0.004788230329790769
1782820788.272518,0.0477654647981269,0.00509594325277284
1782820818.819111,0.04687941529166788,0.004980781330805368
1782820879.3142219,0.04560318825334066,0.004872751055921052
1782820909.733105,0.04779433333973021,0.00512327353390897
1782820970.1149552,0.04818313803439218,0.005122327841169993
1782821000.4890242,0.04658807297953511,0.004951762546620584
1782821060.8849618,0.04742134473366642,0.00503697761107811
1782821121.2722547,0.04604837580936484,0.004906103215373496
1782821151.6463,0.04722568613007633,0.005049094699681813
1782821212.0038083,0.04598330926973598,0.004908324590088413
1782821242.414318,0.04655496889456276,0.004949531467730992
1782821302.7867858,0.046496313019634,0.004949355444322559
1782821333.145486,0.04623385373077793,0.00492945376866129
1782821393.5030508,0.046464876949573415,0.004944804614728744
1782821453.9129996,0.04638703360625022,0.0049238360609193755
1782821484.3123543,0.047590434142260406,0.005079263608903345
1782821544.732578,0.04766664813957517,0.0050866546212045465
1782821605.1438198,0.046919986777128435,0.004996285539570267
1782821635.5161989,0.04883874634497982,0.0051911237321497225
1782821695.917827,0.04518943492431955,0.004823058834915524
1782821726.3012633,0.047827677925276826,0.005088875504411432
1782821756.6836562,0.04787011985566637,0.00509397656729739
1782821787.0917392,0.04829365156720012,0.005166447373622981
1782821847.6680036,0.04733602309686323,0.005031523639873979
1782821878.1015933,0.04632544964526729,0.004922760723146858
1782821949.0139627,0.04773151636051448,0.005088671569816115
1782821979.372943,0.04743000650813331,0.005037048247718556
1782822039.7165647,0.046869984806738756,0.004998668654038747
1782822070.0613468,0.04762084777747803,0.005049871103191556
1782822130.4477046,0.0472371045188223,0.004997348705234652
1782822160.8274426,0.047611265434143665,0.005074119297511599
1782822221.2467432,0.04772081937996237,0.005087777453377009
1782822281.6382568,0.04799188727632185,0.005113717315401829
1782822312.0509026,0.047074043530949745,0.004988540307844899
1782822372.4533079,0.0450645411550036,0.004796496939458624
1782822402.8869376,0.04757851770159789,0.005063365543219125
1782822433.2745624,0.047681001246686186,0.0050751803204532936
1782822463.850823,0.047221835294858086,0.005034739875432937
1782822524.3347116,0.046802352645194716,0.005000097882574148
1782822554.772926,0.04672696055432503,0.004983078114819553
1782822615.1443834,0.047469164436456365,0.005055153870631551
1782822645.5757287,0.04678222185729016,0.004980343623998607
1782822705.9791014,0.048222170376279884,0.005126118867889665
1782822736.3899467,0.04820248469217551,0.005137277112086093
1782822796.7906706,0.04814278774957684,0.005122188577461389
1782822827.2076933,0.04822856054620879,0.005115607294416301
1782822887.5842624,0.04582560448428519,0.004905849878374593
1782822947.9263837,0.04717363164854876,0.004995010631764156
1782822978.2979019,0.046187922701264,0.004915178906389677
1782823038.660363,0.04708685422485029,0.004998963620413953
1782823069.0347638,0.047120463507398624,0.005027332923957961
1782823129.4667072,0.047941498987553705,0.005080118055442173
1782823159.833358,0.04811336985027302,0.005101686370995952
1782823220.250978,0.0472145118371526,0.0050196145400042535
1782823251.2344515,0.04678594216919243,0.004970008544900284
1782823312.0806549,0.04859179282850706,0.005164275408038428
1782823372.549477,0.04827222700939519,0.0051191385883443295
1782823403.1357248,0.04708136655843426,0.005004536160275675
1782823433.6097183,0.04809815382628568,0.005127723790629681
1782823494.009792,0.04708537083453326,0.00500017510057336
1782823524.444129,0.04602224330131469,0.0048966032328507355
1782823584.8643486,0.04788020763944946,0.005089114764605663
1782823645.244836,0.04848789891222742,0.005171383243271013
1782823675.651452,0.0460343797137833,0.004920984621202278
1782823736.0478258,0.04664988466317107,0.004973355985279763
1782823766.533104,0.04622886950471778,0.004943205607280878
1782823826.9900362,0.047222580766478006,0.005021899682179107
1782823887.3446636,0.046815415807042765,0.004992939668725074
1782823917.7696633,0.046602352090576414,0.004987591987562302
1782823978.1592329,0.046359391874075104,0.004936173459461423
1782824008.5585632,0.047457924171399476,0.005056263703149317
1782824068.9967515,0.04619958545981642,0.00491863640235351
1782824099.4145327,0.04790041078790739,0.0051020922093618455
1782824159.8333488,0.04757926692013363,0.005057530471898621
1782824190.3180065,0.047808493891183274,0.0050671735098059625
1782824250.7377133,0.04767044980095521,0.00506511896834349
1782824311.1177878,0.04752207918987766,0.005062500003786349
1782824341.5249016,0.048211195361772916,0.005141009181591863
1782824401.94461,0.04726052841311978,0.00502499129937787
1782824432.3296614,0.04617184146646919,0.004928837244538641
1782824492.7533205,0.04751094383522489,0.005082654887144992
1782824523.14952,0.0465137757094686,0.004952669083825597
1782824583.514908,0.04697486472731163,0.005000278517178529
1782824613.9377744,0.048331431376815816,0.005146089644526893
1782824674.3384905,0.04908925578903947,0.005217566950727581
1782824704.7231646,0.04834153891293115,0.005140123286004445
1782824735.128767,0.04834153891293115,0.005140123286004445
1782824765.6109486,0.04844585330698896,0.00514073840051149
1782824826.01728,0.049222612167924513,0.005219898315070426
1782824856.3455853,0.04799679082188023,0.005099735333326543
1782824916.6743965,0.04631024827407925,0.004934245304586045
1782824947.0031302,0.04636253951871053,0.004935630436478789
1782824977.3528624,0.046503047232228936,0.004950236192152098
1782825007.6934438,0.04592187918866892,0.004861581666902248
1782825068.047668,0.04766822418985025,0.005066388982689701
1782825098.5061376,0.04742202222143411,0.0050565632558330804
1782825158.9046288,0.04704152788159187,0.005023042649390404
1782825189.2694602,0.04649906047549833,0.0049432892015816915
1782825249.6406755,0.049009801989408235,0.005221131784486738
1782825280.0061147,0.04637942074883196,0.004950419978237041
1782825340.6035736,0.046317650950192905,0.004926793305698732
1782825371.0647595,0.04724568137276938,0.0050495912970994076
1782825431.4828537,0.047120281127013726,0.0050185694885041725
1782825461.9322333,0.04798725823991904,0.005110537927125163
1782825522.6119797,0.04598381858000374,0.004880603893028148
1782825553.1468213,0.047359629290657956,0.005034781182162968
1782825613.7490861,0.04634133989304528,0.004936402329292225
1782825674.2132323,0.04721627825920671,0.0050446497808831975
1782825704.6758602,0.046757823778709295,0.004978654403995208
1782825765.1652403,0.04823672763197008,0.00513045862829486
1782825795.594194,0.047205961996345955,0.005017441202393779
1782825856.3779957,0.048390195638105454,0.005138972958178622
1782825916.9477649,0.046514830614800495,0.004951767912359698
1782825947.428768,0.04634657551227382,0.0049442426061141395
1782826008.2503266,0.04716160559077041,0.0050356108514050535
1782826039.2808704,0.0479444033121432,0.005093625176689899
1782826100.3688593,0.0465583530074778,0.004958808016816056
1782826131.209612,0.0463537121132574,0.004928970993593689
1782826192.4747732,0.04498868319520601,0.004787330263585166
1782826253.0740342,0.04661364515428491,0.00496796965227162
1782826283.9498136,0.04637896124671211,0.004951257322091181
1782826344.9757886,0.046324610778968184,0.004924475228746079
1782826376.005179,0.0466886674261717,0.004951100653168326
1782826437.1370306,0.04765450590408997,0.005062921672545531
1782826468.3365076,0.04662454249305686,0.0049666218711517385
1782826529.2760289,0.04754737739081978,0.005065800033324327
1782826560.4282937,0.04891783073662624,0.00522557310634686
1782826621.8343847,0.04618443270925673,0.004933253053754378
1782826653.1105814,0.04766769703096948,0.005071749063005309
1782826714.4262068,0.04620200754882488,0.004914219289683575
1782826775.5946422,0.048153918623520406,0.005119093869468639
1782826806.834964,0.04637961830786319,0.004956487579792901
1782826867.9874375,0.047229799393922425,0.005028617514081643
1782826898.9156184,0.04711839535518778,0.005024315255340179
1782826960.3012674,0.04813155085806943,0.005140949578595568
1782827021.3575327,0.04724621717718033,0.0050172501276650626
1782827052.81732,0.047155073980359556,0.0050267360621214195
1782827113.9859421,0.04572214718729088,0.004860064300879439
1782827145.1351213,0.04725765056363363,0.005031111225370403
1782827206.4647815,0.0462530560014727,0.004940687230119352
1782827237.8582962,0.048371740450417346,0.00516381056699573
1782827298.9990046,0.047482369443068086,0.00505644261373543
1782827330.6528478,0.046184972147450015,0.004919474019764804
1782827391.8928645,0.04597987186014919,0.004881568380000444
1782827423.3329086,0.04740840149774819,0.005058339287799069
1782827484.694789,0.04735159005298694,0.005043591451290708
1782827515.910402,0.04735542818550564,0.005045152101699735
1782827577.1295896,0.04678338738700501,0.004990289671070556
1782827638.4166777,0.04751190051306653,0.005062427348516734
1782827669.5840328,0.045102020890014714,0.004808273065030532
1782827730.8884585,0.046701576605066034,0.004970546709238107
1782827762.1702578,0.04823942703991622,0.005143968122281945
1782827823.2171013,0.04735725659657258,0.005053623616730684
1782827854.509396,0.047037047421011974,0.005008108912891912
1782827915.875045,0.046861438014993345,0.004993795737829416
1782827947.448835,0.04696367692255912,0.004984822150066129
1782828008.6188676,0.048149390373829364,0.005137306644288344
1782828069.934907,0.04551537813478527,0.004842278056090494
1782828101.118856,0.045877615863892,0.004879526045417789
1782828162.0255885,0.047463300919669174,0.005072844139747935
1782828193.244354,0.04632599371254017,0.004915842230714198
1782828254.4290175,0.04765192315703123,0.005058024360564278
1782828285.530689,0.04707320076972843,0.00502438524601146
1782828346.5540705,0.04752647645840558,0.005051909797085483
1782828377.6012976,0.04513711725718783,0.004784982657611894
1782828438.737649,0.04824870251485223,0.0051191331383191605
1782828499.8052018,0.04784740239915157,0.00508776735348312
1782828530.9210277,0.04775789310999715,0.005089306363693376
1782828592.4860651,0.04765822876229044,0.005089562450590036
1782828623.921377,0.04720688850628798,0.00504332146902418
1782828685.094831,0.04776197601087634,0.0050914086239928925
1782828716.5266485,0.04759379611400281,0.005075865096151269
1782828777.7017157,0.046804791680781443,0.004970169492941143
1782828809.0707138,0.04671700917864774,0.004980754052654536
1782828870.1317399,0.04704545029019057,0.004993100454006831
1782828931.2663524,0.047861200179528635,0.005085275396823148
1782828962.4950566,0.048630432557259164,0.005159849998934951
1782829023.752367,0.04767434352304724,0.005078228530687979
1782829054.7518666,0.048362483544033906,0.0051304490702522845
1782829115.8827796,0.04665796670381104,0.004956506101478408
1782829147.3832045,0.04744388040060598,0.005071602335032646
1782829208.4190648,0.04758129448798677,0.005053260749024282
1782829269.4804344,0.04619375110867431,0.004945449668357128
1782829300.6555927,0.04768361059434406,0.005074072817780676
1782829361.956294,0.04741959715187239,0.005044394472634134
1782829393.1759112,0.0473883691543458,0.00506346130605665
1782829454.319988,0.047139341810271025,0.0050088460233882895
1782829485.3883655,0.04745481016631719,0.005045879531126071
1782829546.5502346,0.04705514172353085,0.00502677761931196
1782829577.5025554,0.04868892541989376,0.005192530781653705
1782829638.9293294,0.04634049672868861,0.00493865476254577
1782829670.1276665,0.04822008456637958,0.005135333536526921
1782829731.401461,0.045385281115201424,0.00483520690361153
1782829762.5276976,0.0470015769271029,0.0049844090435596285
1782829823.7837658,0.04685542998831783,0.004991651634035499
1782829884.9760525,0.04822590912186233,0.005143976372380113
1782829916.2928684,0.04682595884653148,0.004976211119827813
1782829977.096158,0.009831032659703916,0.015304149476287318
1782830008.0842729,0.04758641435246947,0.005074594737720227
1782830069.3414288,0.048210853429185324,0.005171651554009067
1782830100.4377384,0.04650228102319648,0.004954345089563947
1782830161.8713744,0.0474611317201464,0.005063830805322498
1782830193.1658523,0.046558085090764686,0.004964313465677998
1782830254.0639617,0.046813788853486485,0.0049570377726300885
1782830315.1802728,0.04597327849066099,0.004910619585823038
1782830346.231794,0.04773624350936542,0.0050912900117970694
1782830407.3203769,0.0461768804275851,0.004912631613312198
1782830438.488466,0.045569415963309205,0.004846172175642495
1782830499.2821236,0.04800561887792999,0.005116668340672033
1782830530.3194447,0.04685336752864293,0.004988461616676006
1782830591.217156,0.048690588929281985,0.005172854264338045
1782830622.393528,0.047663934451476785,0.005077605429539104
1782830683.519619,0.04609315362153266,0.004919352761568707
1782830744.3513267,0.0463004804201021,0.004928478877760198
1782830775.2975304,0.046080933687800814,0.004899040825129246
1782830836.3850188,0.009826319208089518,0.015346009495215753
1782830867.6583145,0.048081500856886186,0.005126523772867856
1782830928.6641295,0.0467945651499277,0.004988150412537783
1782830959.9788995,0.04760033499684013,0.00506196439662192
1782831021.1602514,0.047641891440184526,0.005064947694114076
1782831052.0284429,0.047607401557966986,0.005089000146948072
1782831113.1760364,0.04774072084771692,0.005098987007639742
1782831144.080523,0.04712784431406318,0.005011836098160811
1782831205.0322537,0.04761666955033669,0.005075876805146118
1782831266.054732,0.04794223557419526,0.005114717763940334
1782831296.9110632,0.046561739858787,0.004962371507831787
1782831357.9384007,0.04699351069015071,0.00499660155525578
1782831389.074322,0.04770907977453749,0.005107448858652055
1782831450.2455802,0.04743126990111954,0.0050521472727154786
1782831481.16761,0.04611571951477624,0.004902241083689533
1782831542.33337,0.04733565626478671,0.005037839709064836
1782831573.3193524,0.04878097486856583,0.00520267891235969
1782831634.4480038,0.04699491296529202,0.005023719244490574
1782831665.3259861,0.0485982384259447,0.00518569479404133
1782831726.513788,0.04686571765295086,0.00498917047530589
1782831757.4501202,0.04729583089333516,0.005038842405695802
1782831818.1515102,0.04757672083735291,0.005059926567183743
1782831879.4625924,0.047938171160193194,0.005084859933277442
1782831910.5218658,0.047770677473836,0.0050960577642061855
1782831971.2944388,0.04651539098764529,0.0049448501212779866
1782832002.591727,0.04761465402080917,0.005062147782438077
1782832063.6827705,0.04715550116554447,0.005027262827062877
1782832094.7751756,0.04668244090812568,0.0049609023000758675
1782832156.1024013,0.04722267494852907,0.005026712681710927
1782832186.9101663,0.04774059018998695,0.005087143000608981
1782832248.002581,0.04843538798012522,0.005154329791252225
1782832308.9789762,0.04783845170779004,0.005096005269930128
1782832340.0484414,0.04711476367797205,0.005009580861653785
1782832401.0377243,0.046878083980779306,0.005008220062296923
1782832432.3359697,0.04795645951197939,0.005119228037756477
1782832493.568728,0.048480720650602015,0.005152552491692183
1782832524.5934145,0.04794114957793265,0.005096842993748179
1782832585.587411,0.047276472264054015,0.00503371563321836
1782832616.7192984,0.04725379525573515,0.005033937526969612
1782832677.7539043,0.047386663619482766,0.005048162613237908
1782832708.6706488,0.04669427920360607,0.004960792925398599
1782832769.203794,0.049117799848286986,0.005217698578682571
1782832799.5908573,0.04758314802684824,0.0050659037308395565
1782832860.0820549,0.04698814643627217,0.005000717397630443
1782832890.4995983,0.04672835778402999,0.004958917018192993
1782832950.881946,0.0461773110464991,0.0049216980378736595
1782833011.3356502,0.046447855774986245,0.004940065684843343
1782833041.8052619,0.04648317454129159,0.004936380068114925
1782833102.153587,0.04775761156545219,0.005091663259563498
1782833132.6348531,0.04628209479050777,0.004935807590151287
1782833192.96817,0.04825666298901743,0.005138147007753991
1782833253.4343472,0.047599109228570746,0.005040861524076984
1782833283.859306,0.047645900730148655,0.005025571614551012
1782833344.3542657,0.04688612406123663,0.004987139072060622
1782833374.8632758,0.04674753823333109,0.004950785561227333
1782833435.3221703,0.046727144807642465,0.004970815248123563
1782833466.1411276,0.04707127465248864,0.005021955524600769
1782833526.573627,0.046125221741048876,0.004907749512002389
1782834148.2927291,0.04825891048909451,0.005146169254052908
1782834178.9316254,0.04709647853338518,0.005034513845049168
1782834209.556671,0.04713016962385853,0.00502512353779713
1782834239.9353352,0.047042597354804774,0.005015211315558214
1782834270.2903407,0.04738615240274657,0.005038975318902936
1782834612.7829642,0.04565922630341168,0.004850149711246901
1782834646.107001,0.047290536840061015,0.00505498929997029
1782834676.4827476,0.04671008358782157,0.004966356207537393
1782834706.8313477,0.04727858074748652,0.0050326915897503
1782834737.171382,0.04692305048042721,0.004982640269002681
1782834767.5031662,0.0464293769591783,0.004930775905221858
1782834797.828088,0.04816724582596157,0.005115491425732128
1782834828.1442783,0.04796394692047256,0.005095794836664272
1782834858.4662566,0.04679601345381076,0.0049813103806898565
1782834889.40165,0.0466851417070763,0.004971848317351567
1782834919.8348286,0.04710181178874592,0.005012048100847145
1782835424.7226315,0.048039970600631886,0.005133639590456865
1782835455.137824,0.04636411655377242,0.004939313424097755
1782835515.494775,0.047452273973841885,0.005060881305159621
1782835545.8758016,0.04822936325852437,0.005146694411567673
1782835606.2438204,0.04702831307210535,0.005009935305791106
1782835667.5953875,0.04713304620430554,0.005015554736365832
1782835698.2320483,0.04733695019612412,0.005059713500131134
1782835758.8242822,0.04619484651289006,0.004938750280889116
1782835789.518289,0.04604612259650083,0.004885569155354312
1782835862.6105926,0.04808220284878975,0.0051428176386927
1782835906.7153196,0.046996792128472895,0.005008251471753795
1782835937.0947986,0.04711372980384637,0.005035130074381827
1782835997.4501595,0.04667924130807824,0.0049767111264428475
1782836027.93906,0.04617055314667866,0.004928450292455875
1782836088.3136535,0.0473736780017427,0.005038604922908441
1782836148.7578008,0.046072539389662645,0.004903906494912839
1782836187.9682853,0.045254266809823446,0.0048064230398695285
1782836217.9686975,0.047273420166074165,0.005025316816481076
1782836248.3279748,0.047370420929933314,0.005034457890957441
1782836278.7792475,0.04702134002053582,0.004995804926390426
1782836339.188701,0.048134786825785474,0.005115524510913709
1782836369.5942776,0.04789952746197075,0.005096670442045201
1782836429.9671042,0.047486208093101404,0.005049551024498834
1782836460.5747893,0.04819486640731277,0.005154054612736774
1782836529.1278853,0.04722197522443071,0.0050304678468410064
1782836559.7206712,0.04670572898711708,0.004955067897615119
1782836620.3854213,0.0472423094262506,0.005023078527049424
1782836651.1031451,0.048460876314821655,0.0051653936321484515
1782836712.2871892,0.0465639829645447,0.0049631503307835155
1782836742.8264136,0.047177212214856115,0.00502038602592687
1782836803.2452483,0.046023832540162984,0.004908525281943919
1782836948.8484945,0.04620981126331104,0.004903244021189074
1782836980.7569783,0.04626774520777506,0.004924351604201631
1782837041.2209237,0.04671211816868466,0.004949439687461753
1782837071.6901412,0.04743069157116848,0.005044461729024738
1782837132.2789993,0.046388620296582875,0.004935557024080932
1782837193.468081,0.045635476877557604,0.004841430124490053
1782837225.052691,0.048084646028314505,0.005137762564250707
1782837285.9437957,0.04861080521582986,0.005196747454223855
1782837316.898446,0.04718724747040009,0.005012244231421724
1782837377.8052998,0.047547988097875665,0.00506454627449954
1782837408.2962108,0.04707224418316852,0.005009071529015999
1782837469.5246618,0.04621596484695021,0.004928920939408199
1782837530.4619951,0.050166657675438,0.005359376287959316
1782837561.0980065,0.04800273115768237,0.005108523715000229
1782837610.795378,0.04730223435795528,0.005042697566905897
1782837672.8458076,0.04676045042479919,0.004969704180914126
1782837704.240831,0.046754117174583804,0.004986219967878628
1782837764.7978635,0.04646270879190847,0.0049397918040864795
1782837796.9328551,0.04653626957696049,0.004958565609165433
1782837857.951003,0.04650287040133345,0.004974619928539829
1782837888.479976,0.04620625958618192,0.004934077800955332
1782837949.0739868,0.04618314218030493,0.004906376624369066
1782837980.224362,0.04606542922463858,0.00489226410265539
1782838042.3394258,0.04800924956755582,0.005121945525609125
1782838073.0427043,0.04673694332272966,0.00497440541447694
1782838133.499456,0.046650848898382974,0.004965822443500465
1782838163.9418373,0.04791155805316361,0.005096753513257443
1782838227.2440884,0.04644781217192906,0.004949639921611833
1782838258.8402917,0.04562438895212386,0.004846107434126126
1782838319.759273,0.0472852504965166,0.005038091897123717
1782838351.7812688,0.04768734930135737,0.005072595680767478
1782838412.3475327,0.046396251738125095,0.004943847217606655
1782838472.7619627,0.04642752262001374,0.004955355697329535
1782838505.4969554,0.0482449168932414,0.005137599883436661
1782838566.4593034,0.046366203174021826,0.00492296819237847
1782838597.5096726,0.047314798626242216,0.005032731900231603
1782838658.784907,0.04647844760189703,0.0049316124400786195
1782838689.4432685,0.04759143884842633,0.005060992668827676
1782838749.903019,0.04870820135479858,0.0051949266148790295
1782838805.1020172,0.04769773717872479,0.0050710016708027505
1782838835.5657887,0.046674728134286185,0.0049846110846987765
1782838896.0021405,0.047419519408184195,0.005042132902793279
1782838926.423521,0.04659051684247641,0.004948228187271772
1782838987.211951,0.04753350986183269,0.0050571805027484
1782839047.586299,0.047488797410496164,0.005040169773798005
1782839079.8935845,0.046593941421310466,0.004954558735321975
1782839143.2059276,0.04741224710945069,0.005041282277201107
1782839173.9098647,0.046034294658112034,0.004896640142382755
1782839236.5538757,0.046135250531597366,0.004909119964465344
1782839267.6883204,0.04724270357718986,0.005016454022975942
1782839328.147807,0.04770351290127392,0.005085250991338288
1782839358.5175004,0.04647771807265242,0.004946877385119133
1782839420.835061,0.0474918316034621,0.005035331604961649
1782839453.0419786,0.04712048932850348,0.005043113852284452
1782839513.4558835,0.04684206647172589,0.004966643506600983
1782839573.8062835,0.04782388500367565,0.005089228459280474
1782839604.1642895,0.046490188853208006,0.004958485623809824
1782839634.6098678,0.046944372658889524,0.004998205423875266
1782839665.0412612,0.0469181957694047,0.004995327549343836
1782839696.0048254,0.04726387656440337,0.005039860650594599
1782839726.5574014,0.04708290882269099,0.005016675068269668
1782839787.1204073,0.009834039660985236,0.01530078302102384
1782839847.5622308,0.04785761447924118,0.005093480612590686
1782839878.0503476,0.04772128399490059,0.0050992917470572404
1782839939.0572102,0.04860684437307257,0.005167901543523444
1782839971.6772952,0.04705100283935248,0.005005975568313894
1782840033.2668295,0.04766739328649565,0.005075753682894366
1782840063.725973,0.046577335783011604,0.00495700759967093
1782840124.1017306,0.04589775248972111,0.004912944081680142
1782840184.4949892,0.0473858588260743,0.005052514869820564
1782840215.0429296,0.047336731240566185,0.005049026733171188
1782840275.5109591,0.047403050977370124,0.0050802454614772485
1782840306.1062694,0.04651486187460954,0.004963649493337494
1782840366.5482278,0.04607560133175619,0.004916449857388301
1782840397.0474482,0.04574446696588264,0.004872920218711791
1782840457.5525463,0.04699475850664814,0.0050082480191908675
1782840487.9910462,0.047387722972326136,0.005063926750527653
1782840548.3706546,0.047791097718907063,0.005085731866063526
1782840608.8338382,0.046494317436409915,0.0049534110756659765
1782840639.2862089,0.04687154906270904,0.0049712299755706
1782840699.7456238,0.04781427374726558,0.00510791637415126
1782840730.187435,0.047236834215436924,0.005028389802475385
1782840790.610673,0.0479485911147422,0.005094440235567328
1782840821.0609033,0.04843306614583098,0.005170518469929232
1782840881.6032698,0.046507181253927936,0.004943365700459718
1782840942.0418327,0.04824077493199059,0.005139595419401035
1782840972.5554378,0.047616419616981806,0.00506309575695744
1782841003.0146925,0.04590182964832077,0.0048911296554327325
1782841033.4298825,0.04599886906265043,0.004901490020382347
1782841063.8849576,0.04769186642538164,0.005080913661582298
1782841124.3039703,0.04727729637059903,0.005040535936830122
1782841154.7086885,0.04867976148374248,0.005190790002015549
1782841215.1041944,0.04833520998427499,0.005130339735428071
1782841245.510662,0.04694971339269421,0.00499826861039011
1782841305.9210467,0.04754778348004685,0.0050602812097140844
1782841366.327344,0.04753012304709566,0.005086582363234342
1782841396.742213,0.046647252182478706,0.004978177818432717
1782841457.1466472,0.04856731782528186,0.005180047575585945
1782841487.9739041,0.046656745426174685,0.0049405993667982475
1782841549.4615848,0.04631751949214795,0.004940915234738351
1782841581.8192139,0.046940876863474146,0.004987606616168859
1782841643.376426,0.04696768233438106,0.005010864574986635
1782841674.4817734,0.047657140981799254,0.0050724151506054155
1782841707.5519793,0.047376321207479206,0.005043219029809065
1782841738.3769178,0.047634735069979145,0.005079675057534332
1782841770.371506,0.046945403138285935,0.005000990742940312
1782841831.0968854,0.04760864151712244,0.0050710205237726284
1782841892.783781,0.04695091842211297,0.00500912481005524
1782841923.370722,0.04751179207915957,0.005074758369468237
1782841964.3605683,0.04751820126453906,0.0050474683802704595
1782842025.0141256,0.04699287858937298,0.005035983492244085
1782842056.86993,0.046167708734994206,0.004918999740377601
1782842117.7200441,0.04675076051207895,0.004978309440996206
1782842150.7213922,0.0471424497392185,0.0050269223986854055
1782842213.0476747,0.0466734844484519,0.00496800111106271
1782842243.593752,0.047712017640590784,0.0050753345564625366
1782842304.230704,0.0460386593764519,0.00490435779643826
1782842366.4513624,0.047560708200326755,0.005067914749715293
1782842508.3065112,0.04908566342463252,0.005226626101633751
1782842538.7281804,0.04608996853248948,0.00491344279297396
1782842569.1461203,0.04921898505476963,0.005246449550525723
1782842599.529947,0.04739988105248461,0.005058351448885325
1782842629.9055111,0.04576225893999412,0.0048924592828387525
1782842660.3069737,0.04836054196125411,0.005159813247053103
1782842690.70105,0.047226532001978815,0.005033995719529903
1782842751.1066775,0.048055632952540235,0.005104589160575033
1782842781.5259082,0.04740001188734137,0.005045248099038542
1782842841.948304,0.049164450561775264,0.00522775337790953
1782842872.4890797,0.04662697993960403,0.004937639157944521
1782842903.3322532,0.04655111203448261,0.004931047988487087
1782842933.8472898,0.04671029063453941,0.004972507340575382
1782842994.2558951,0.047231197181811096,0.005024532585071828
1782843024.6405652,0.045853758932994974,0.004889096648699114
1782843085.0901628,0.04649363165821179,0.004950678092505921
1782843115.522607,0.04678595185087625,0.004992785843051958
1782843175.9552908,0.04860049328148082,0.005152924250717061
1782843236.3624766,0.04701237791315771,0.005015746579050047
1782843266.762716,0.04809488383177499,0.005119508753607127
1782843327.18062,0.04721924540891138,0.005043125140925949
1782843357.5847278,0.04593366540298203,0.004885979136196017
1782843418.0053146,0.045272113149378276,0.004812550368750195
1782843448.4820445,0.04713018379416034,0.00501979271917687
1782843487.37496,0.04803629252810659,0.005125048651642423
1782843548.707108,0.04726798226222558,0.005010844098633964
1782843580.0736208,0.04742982396586857,0.005040611346633531
1782843641.236603,0.04798105120447635,0.005111680816603995
1782843703.0573428,0.04654381412353322,0.004954245834712557
1782843733.5465996,0.04765238342729261,0.0050924843198254105
1782843799.9096804,0.045753368456650435,0.004863550033705251
1782843830.408528,0.046904680582749124,0.005007925766485161
1782843891.300308,0.04703111785487809,0.005012437185035038
1782843922.7957737,0.047981693661182996,0.005106620191583799
1782843984.2675571,0.04853394215915468,0.005152089815663573
1782844015.266964,0.04715371575147188,0.005037524515745111
1782844075.945576,0.04604702423587165,0.004923792925997361
1782844106.3420107,0.04742687143056952,0.005056869083858866
1782844167.101847,0.04702910923840041,0.004997589130224956
1782844197.7250543,0.048412009845287936,0.005174571041729011
1782844259.3278913,0.04640894013705724,0.00493703349835055
1782844290.8311396,0.047250731322672435,0.0050343023271244
1782844355.4667556,0.04634491086090507,0.004922269221204509
1782844386.187629,0.0480695029574353,0.005131984689622199
1782844446.6463745,0.047014440673602664,0.005010111796159084
1782844477.3179128,0.04772152251062456,0.00507473560017161
1782844538.1636047,0.04908337070727444,0.0052382604760018185
1782844568.6885588,0.04663951317865798,0.0049740429741501144
1782844629.1561637,0.04792470904171297,0.005099349963746202
1782844689.5575805,0.04654148899098242,0.004968915262179861
1782844719.9353726,0.04650266802612954,0.004954733517250914
1782844780.4286044,0.04819556826866734,0.005138374465152343
1782844811.7481267,0.04748470486573095,0.005027130711167007
1782844872.6180816,0.04806176754430095,0.0051100202761372145
1782844902.995478,0.0469965600215949,0.0050116239457832
1782844963.6967888,0.04788647658638964,0.005086055216961929
1782844998.8927627,0.04750732282956955,0.0050699257489847235
1782845061.9845133,0.047802931244177733,0.005095697125719323
1782845093.5086308,0.04740692667003508,0.005033145247710041
1782845154.0532022,0.04767409017516083,0.005075414280992258
1782845184.4119334,0.0471046178000505,0.005020959170149634
1782845215.1190774,0.04713327067761524,0.005024639990620308
1782845258.0894513,0.04642405790825094,0.004926980385634811
1782845288.9382153,0.04724605863468784,0.005036823148293947
1782845349.6529589,0.047795881184152754,0.005099127217059016
1782845380.0513108,0.04611114011964063,0.0049034505799358
1782845410.4809005,0.04611114011964063,0.0049034505799358
1782845440.9180562,0.046991437951675354,0.005031204155348408
1782845501.3598962,0.0465323442045935,0.004945486045247846
1782845533.328901,0.04715076203106013,0.005021870999061026
1782845595.5789256,0.04668387862335627,0.0049465086840697475
1782845629.1637943,0.04696224232312981,0.005014260909430062
1782845689.5796094,0.04899918491138651,0.0052161726127794876
1782845719.9566836,0.047321036950493,0.005041625172725432
1782845780.4629612,0.046513475979534646,0.0049604866896022165
1782845810.9886465,0.04848747681359215,0.0051585602254472914
1782845871.4574564,0.045699886866288356,0.004852912820863702
1782845901.8882573,0.048054241281819565,0.005107291960292261
1782845962.3712964,0.04745567120359719,0.00505195196042783
1782846022.8135657,0.047056321456004864,0.004997687400516201
1782846054.876432,0.048417377382730324,0.005159579022824808
1782846118.541506,0.048418241183562805,0.005157304915214141
1782846149.115925,0.04750353656503771,0.0050446554160153935
1782846209.6080325,0.048552905236998394,0.005170283690331481
1782846270.030079,0.04720063637090117,0.0050173304970590376
1782846300.4480035,0.04758966418277731,0.005071703950798096
1782846360.8731291,0.04723027960369014,0.00502271833756273
1782846391.264906,0.04722070456404716,0.005039639497642894
1782846451.6705782,0.04715901889388017,0.0050186390579566
1782846482.0877614,0.047972453798356206,0.005100310073170101
1782846512.5456462,0.04793239112776375,0.005095938216844286
1782846541.0531535,0.046837478597058564,0.004985304889275895
1782846601.4940617,0.04749845152836633,0.005051748558761428
1782846631.8897142,0.04777022335688234,0.00509522600467536
1782846692.3086085,0.047164033175747175,0.005034944122099842
1782846752.936723,0.04678417561670703,0.0049827030393531455
1782846783.4187827,0.047162155033944,0.0050328936813547115
1782846843.835068,0.04683696524802745,0.004962291515779499
1782846874.6591763,0.04790767530387738,0.005109884801358696
1782846935.3693614,0.049029455072216614,0.005211536569951587
1782846966.7567484,0.045860419414798716,0.004883405636487954
1782847027.6689014,0.04752263612821252,0.00506152702500215
1782847058.4041634,0.046130945129895407,0.004917286607652103
1782847119.1945608,0.046809697054783196,0.004974144242963713
1782847149.866076,0.04673764656280939,0.0049712093561124215
1782847180.5826862,0.04670718849058892,0.004967615599596745
1782847211.2319367,0.04680502314265904,0.005005229731278411
1782847271.9612453,0.04776993369293512,0.005093747521758318
1782847302.6903524,0.04838682582974273,0.005165312721207057
1782847363.5435805,0.046690069297298326,0.004989271878556652
1782847394.2959023,0.04723694298306752,0.005034547365498336
1782847455.0415702,0.0463929840150951,0.004941543539981429
1782847485.7998333,0.046943097924776744,0.004985018654990254
1782847546.5813062,0.04766176737938444,0.005084831993188461
1782847577.2812152,0.047454956826114614,0.005044260702679388
1782847637.9863405,0.048341846699342,0.0051514216439268205
1782847698.7367582,0.0483299023942064,0.0051340512906706175
1782847729.3223867,0.04724046855251745,0.005018037197441798
1782847789.9545684,0.048161337652814905,0.005143393483025591
1782847820.8425097,0.0482309882933938,0.005153345636829625
1782847881.5950544,0.04623726190742011,0.004926067434117047
1782847912.3513882,0.046451985008075396,0.004929124662143047
1782847974.2108006,0.04638751410771335,0.00493896808649344
1782848005.7574675,0.04824165046738707,0.005119038638554399
1782848066.480979,0.04705929117982644,0.005016936189763007
1782848097.1507986,0.04708769658599614,0.005009765770798231
1782848127.8541522,0.04712303275859884,0.0050144895218934005
1782848158.506382,0.047059777692430575,0.00500909652228295
1782848219.1969807,0.04717473776601857,0.005022078148873964
1782848249.9453495,0.04856106708452535,0.005172678408256758
1782848310.6493044,0.048434956730204454,0.005162829420986753
1782848341.190524,0.0480243797873349,0.005125693587763449
1782848401.641774,0.047074824734187684,0.00503226799167012
1782848462.3399162,0.04689911305833483,0.005005381418996237
1782848493.2033687,0.04669890779787843,0.0049636336267472846
1782848555.6227543,0.04669976754600776,0.004977745270485335
1782848588.4599748,0.047329132475639746,0.005047250100301781
1782848622.063211,0.04734246224717722,0.0050690628245604295
1782848684.6066265,0.04685883725878168,0.00498406715420527
1782848748.2522883,0.04634678590348447,0.004939608073707905
1782848781.4960277,0.04752029617143062,0.005053735518179108
1782848813.2582855,0.046546346297280966,0.004984951096987292
1782848874.503179,0.04628071580381305,0.004930000998549568
1782848935.2818706,0.047104285813372136,0.00501714098420212
1782848965.93273,0.046388245485982006,0.004936701937393426
1782849026.5456412,0.0484839247425718,0.005173603422596386
1782849057.2998712,0.04716140145333228,0.005022189972101244
1782849118.0669577,0.045546339185146,0.004847792257221041
1782849178.824093,0.046426207157958234,0.004936216472725794
1782849209.4897683,0.04686030305936429,0.004982553034940285
1782849270.2158504,0.04650652345983664,0.0049490203621208335
1782849300.9027567,0.04645896677524505,0.004962077923634609
1782849361.5396836,0.04792283988947616,0.005117372900716367
1782849422.1543012,0.046773326473076145,0.004987350055677003
1782849454.1402495,0.04722421741713949,0.00504196183443186
1782849514.8722298,0.04765323594258527,0.005067890874183571
1782849545.5632637,0.04631166498982682,0.004943384255463582
1782849606.2963371,0.047641911304899684,0.005078131504303775
1782849636.9880757,0.04661346289710795,0.004957718129483424
1782849697.7255683,0.047006873108631574,0.0049994335285030184
1782849758.4640477,0.046638237807316144,0.004959122611307333
1782849789.2144275,0.04549477404806795,0.004847358073618014
1782849849.8193781,0.04702469167615588,0.0049862263434128865
1782849880.1821084,0.04751621762679821,0.005043990559280138
1782849941.116566,0.04714650408862421,0.005020890655916657
1782849972.3956895,0.047219398118733255,0.0050095622316022465
1782850033.6487267,0.047805017903382645,0.005110964619228607
1782850064.5709388,0.04657983216629102,0.00495577440055779
1782850125.0971532,0.04770521480190917,0.005076729072835661
1782850185.5686991,0.049832475273866896,0.0052800879268096665
1782850216.0577366,0.045394937817108655,0.004834737721114985
1782850276.439705,0.044903530935552334,0.00478438821587821
1782850306.8277254,0.04828663488346998,0.005146426368389004
1782850367.3125553,0.04821198803518005,0.005129605466299756
1782850397.7305675,0.04644564053969109,0.004938859380935594
1782850458.122316,0.04783784317416758,0.005116614731962342
1782850488.5116854,0.04778327112820329,0.005095215014041943
1782850548.891985,0.0488898650287418,0.005208037216194831
1782850609.2862086,0.04808363772594583,0.005107764402451342
1782850639.7550027,0.046425610132947576,0.0049439458946762506
1782850700.1622822,0.047602573559775936,0.005104107071560049
